customer_id,credit_lines_outstanding,loan_amt_outstanding,total_debt_outstanding,income,years_employed,fico_score,debt_to_income,employment_group_mid,employment_group_high,employment_group_very_high
3015849,0,4602.632946,2885.882799,74944.74687,7,641,0.06141368325632987,False,True,False
6588805,0,4605.115659,712.0280516,71202.80516,1,597,0.06467604258921868,False,False,False
3955145,0,2351.44653,3676.544576,35154.15279,3,620,0.06688958041591309,True,False,False
6816175,0,3517.675467,3109.080012,59336.50754,2,562,0.059283493633808165,False,False,False
1827309,1,2605.629164,4674.896638,56469.35133,8,627,0.04614236045980095,False,True,False
3317995,2,3968.778489,9360.604758,59476.77818,5,594,0.06672820234123851,True,False,False
5465354,3,5998.151328,18415.09495,90302.82481,5,575,0.06642263229993413,True,False,False
3697096,2,6990.953982,12446.60683,75660.05054,1,717,0.09239954152956875,False,False,False
1097302,1,3974.6109,6863.660416,83353.46492,5,552,0.047683811390620716,True,False,False
4960841,1,2364.827243,3928.504593,45079.24001,6,660,0.052459341428014464,False,True,False
2739111,0,4172.079679,3331.100295,62236.35765,4,688,0.06703605153859772,True,False,False
1597158,1,5304.6146,7155.58766,75221.17561,8,706,0.07052022993502374,False,True,False
5450669,0,4123.949721,5070.165863,59908.02992,3,675,0.06883801264216234,True,False,False
2093621,0,5109.740554,8067.701347,86555.74749,3,632,0.059034098857390624,True,False,False
7966655,1,5051.446218,7454.919134,69929.49307,6,679,0.07223627680159873,False,True,False
6206954,1,4539.126059,7900.369948,72242.48433,5,703,0.06283181013357046,True,False,False
4696182,0,2949.610003,3440.62155,50162.04021,6,603,0.0588016354727929,False,True,False
4949319,0,4832.122071,4288.906349,92586.4218,5,625,0.05219039657281582,True,False,False
6158498,0,3367.065544,4886.439682,82159.35523,6,690,0.04098213203565327,False,True,False
7289344,1,4867.988816,8874.342824,67830.10491,5,703,0.07176737854760898,True,False,False
7678486,0,2647.608576,3633.448864,69427.6089,6,737,0.038134808586213605,False,True,False
7825945,1,1476.100275,3904.754506,33499.53472,5,699,0.04406330676941413,True,False,False
6520753,0,6903.79744,5804.638948,99344.78829,3,632,0.06949330265667227,True,False,False
4634975,0,3548.905465,2962.791576,52752.51267,3,642,0.06727462419090112,True,False,False
8273886,2,3007.626774,8441.126755,62013.75269,4,682,0.04849935124930753,True,False,False
5848904,1,5516.44859,8461.803966,84063.52917,3,731,0.06562237684363925,True,False,False
5128715,0,3997.173102,4200.725419,57177.08332,4,617,0.06990865692867246,True,False,False
2968618,3,4363.399153,9484.802682,59276.73966,7,656,0.07361064690851117,False,True,False
6608643,0,4397.76864,6263.018017,73384.39198,3,617,0.05992784734386785,True,False,False
7772428,0,2675.247869,595.0151085,59501.51085,8,694,0.04496100738927707,False,True,False
8953081,0,1886.273642,2744.071296,46137.16565,5,697,0.04088403818104938,True,False,False
7288631,2,4032.080072,10542.46742,60136.5016,3,637,0.0670487967327983,True,False,False
5243381,0,3350.269378,3518.257308,60639.75573,5,660,0.055248728126761536,True,False,False
8958453,0,2565.721957,2019.699485,36455.53798,4,634,0.07037948413784456,True,False,False
2657827,0,4474.980137,5492.806505,76918.08514,4,642,0.05817851716998684,True,False,False
2439936,1,3059.403398,4712.521752,49173.91313,5,651,0.062215984111573995,True,False,False
4588800,0,3531.387074,4492.749878,68484.10902,4,691,0.05156505829649764,True,False,False
3231776,0,6101.370441,8929.421877,83815.62835,3,614,0.07279514049004919,True,False,False
5284618,0,5453.522902,1321.182038,92270.11196,3,668,0.05910389384120565,True,False,False
7684658,2,5030.062163,12169.53125,76599.67271,5,687,0.06566688844798851,True,False,False
4589570,2,5352.814975,13403.78865,86798.43068,5,639,0.061669490255350776,True,False,False
6239834,0,2499.777119,2331.241372,45890.16553,3,555,0.054473046460593144,True,False,False
7992814,1,1808.383514,2781.741652,33827.34578,6,637,0.053459219820586226,False,True,False
3927659,1,3688.991907,7067.073656,62267.79168,5,641,0.059243981639144586,True,False,False
2327526,1,2776.783542,4893.591125,47595.74128,6,584,0.058341008403767,False,True,False
5945869,2,2823.802306,8406.342618,60689.2242,6,617,0.04652889113715183,False,True,False
4166865,0,3698.053364,5668.025962,74710.17389,5,708,0.049498658234216564,True,False,False
8449838,0,4926.372603,3585.052344,92421.49379,5,637,0.05330332156493486,True,False,False
2936932,1,3682.268726,7095.64834,74625.84017,5,617,0.04934307898727407,True,False,False
6821672,0,5833.528624,5515.26473,81900.27273,4,716,0.07122721853724893,True,False,False
3525847,0,4678.62134,5270.837062,80554.32649,4,593,0.058080323476862566,True,False,False
1264127,3,3716.653994,14457.85976,86584.87504,10,806,0.04292497959121614,False,True,False
2782832,0,3831.242026,3302.180053,63096.83398,6,588,0.060720035924693154,False,True,False
1011448,0,2567.077596,2155.719156,45305.04362,6,642,0.056662070950236516,False,True,False
8080127,0,6177.823276,5624.336904,89620.07369,3,618,0.06893347686110343,True,False,False
2898709,2,920.4571448,3053.526926,24953.45754,6,607,0.03688695818303021,False,True,False
1203004,1,3468.769868,3963.320373,58675.11138,6,634,0.05911824939768866,False,True,False
7991606,1,4310.659132,8493.86707,75434.81046,7,777,0.05714416336057167,False,True,False
7416698,3,4612.855841,14196.29906,74741.92695,4,593,0.06171711152277162,True,False,False
2044720,3,3880.875401,11275.36186,65963.09668,5,685,0.05883403897526055,True,False,False
2352746,3,5170.755778,15277.65242,81148.05602,4,647,0.06372002031355624,True,False,False
7128700,0,6255.967432,5574.499541,86966.56611,3,512,0.07193531620056282,True,False,False
5946473,0,4660.49976,3987.426444,71143.15314,5,683,0.06550876021517874,True,False,False
2440341,1,4407.340342,6510.292746,58045.03683,6,766,0.07592966742200619,False,True,False
5158204,0,1364.54037,2462.435483,26618.95924,4,704,0.05126197300567338,True,False,False
6630964,0,6661.449574,11659.96827,95454.97579,2,577,0.06978629996884733,False,False,False
8116726,0,2555.763081,2875.261034,58810.6734,6,656,0.04345747010269738,False,True,False
2884425,0,3730.172118,651.5752662,65157.52662,6,654,0.05724852233502414,False,True,False
1396193,0,4833.684299,5024.954096,69871.16016,2,609,0.06917996334870075,False,False,False
2334208,0,3712.315765,6749.670314,76574.60154,2,666,0.048479726832934424,False,False,False
2002062,0,4130.82249,5565.867522,64723.30911,3,709,0.06382279501469079,True,False,False
5434183,0,5076.13504,5209.355762,95959.41131,4,735,0.05289877220694259,True,False,False
1104109,0,3747.517909,3674.059145,60396.52792,5,557,0.062048565340773985,True,False,False
2882473,1,3445.65807,4603.413081,57432.49036,5,653,0.059994927059610785,True,False,False
1826981,1,3406.031159,6209.247909,72608.02036,7,748,0.046909847453662216,False,True,False
6048849,2,5695.119747,15330.56766,90343.36664,5,661,0.063038604369194,True,False,False
1139561,0,2854.960627,3505.835622,38443.67951,4,679,0.07426345925751891,True,False,False
7810509,0,1692.915406,2347.890256,33129.51097,6,682,0.051099921382268446,False,True,False
8548746,0,3873.220136,1240.953419,50163.39395,5,689,0.07721208297549811,True,False,False
1857124,0,4307.39082,2893.707351,64497.24323,7,703,0.06678410741742333,False,True,False
5201823,0,3741.381983,2842.012942,49131.38611,5,654,0.07615054813685573,True,False,False
7144360,3,3815.912903,16920.88357,72349.13999,4,699,0.05274303058097761,True,False,False
3835571,0,4634.22781,5870.038417,90501.41664,4,597,0.05120613557281881,True,False,False
7307413,1,3867.63169,4754.262315,60223.11652,7,711,0.06422171274904988,False,True,False
4723748,1,4455.747357,9620.528398,81130.10732,6,616,0.054921009033370036,False,True,False
7079328,0,5304.826903,6533.243765,87381.77822,5,650,0.06070861695723455,True,False,False
2461569,0,4191.403647,5557.973671,67994.94698,4,613,0.06164286955371637,True,False,False
1877308,2,1806.014695,5448.513166,41138.36937,8,725,0.04390097912624192,False,True,False
8877674,0,4325.029782,4874.423954,82630.39688,3,748,0.05234187351515477,True,False,False
7360289,0,5321.761139,4313.335852,100136.3171,7,656,0.0531451654416797,False,True,False
2029259,0,6277.372179,9524.698496,101555.6626,4,542,0.06181213354616033,True,False,False
5808503,1,4395.702097,7715.960479,73742.93107,5,676,0.059608453762536345,True,False,False
8613396,0,3274.081185,5779.710611,53803.42972,3,775,0.060852648279835345,True,False,False
7495567,0,2974.050495,3548.452654,56745.71949,2,720,0.05241012928779767,False,False,False
8239595,1,4422.837746,9261.235363,76485.15254,4,597,0.05782609564237917,True,False,False
3146185,0,2587.029313,4131.668627,63236.22111,7,553,0.040910561503981056,False,True,False
3989074,0,2623.886503,4341.133671,51578.83216,3,505,0.05087138256369549,True,False,False
8228035,2,3105.194132,6447.682338,47999.5451,8,654,0.06469215750963439,False,True,False
8335344,2,2847.408721,6588.068703,39331.36288,4,683,0.07239537388235044,True,False,False
5923724,1,6526.726513,13869.96364,102937.705,2,720,0.06340462431137356,False,False,False
5820835,2,5876.783931,13206.28717,98701.35371,5,700,0.05954106716982737,True,False,False
2701310,0,3638.176611,1640.370287,66473.45294,7,699,0.054731271659437884,False,True,False
7570780,1,3062.63652,6333.098228,73973.21633,8,613,0.0414019650887877,False,True,False
4111767,3,3143.389463,11201.3419,68382.63146,9,611,0.045967658685944345,False,True,False
7401514,3,5425.878839,17488.68785,84313.30131,4,611,0.0643537704572892,True,False,False
2360373,3,6093.927639,18524.19058,96969.73608,4,611,0.06284360343079115,True,False,False
8534617,2,2740.565439,9229.716217,82680.943,8,663,0.03314627699638114,False,True,False
8811513,0,5372.68773,4964.367356,95769.85872,4,635,0.05609998596435226,True,False,False
5565065,1,3444.519179,5743.746735,55636.01429,4,651,0.06191168118272478,True,False,False
7343269,1,3564.60071,5387.645129,59286.55278,5,649,0.06012494474467909,True,False,False
4552604,1,7631.64478,10152.50687,101846.1391,5,604,0.07493307893102057,True,False,False
4731095,0,3299.750608,3459.322702,79468.39225,9,825,0.041522805666173515,False,True,False
5564351,0,2609.463116,2138.720503,39218.14535,4,673,0.06653713715199946,True,False,False
5725787,0,4702.50774,753.649231,75364.9231,5,718,0.06239650419015687,True,False,False
3992019,0,4304.397622,5461.241614,72357.68514,4,579,0.05948777401697846,True,False,False
1810103,1,4379.556894,6895.11199,66764.16367,6,666,0.06559742013166149,False,True,False
7343205,1,3486.710864,3969.600437,44931.03673,6,568,0.07760138910108785,False,True,False
1456239,0,3920.03375,738.6547955,67318.62601,5,660,0.05823104216978061,True,False,False
1469587,0,4980.210203,3133.018215,64693.66368,5,721,0.07698142166803312,True,False,False
4059890,0,7256.357487,7861.740754,100100.563,3,649,0.0724906760714223,True,False,False
7910187,0,3942.369251,5025.079236,58632.78962,4,479,0.06723830260423484,True,False,False
2635455,3,5846.758736,17440.30686,93194.8622,8,688,0.06273692130637648,False,True,False
6221321,2,4657.794042,12246.55361,71536.5845,1,563,0.06511065735882317,False,False,False
3190566,2,5194.982427,8474.763456,63814.34365,3,548,0.08140775458716168,True,False,False
2702180,1,3751.543227,8098.526696,92300.19533,7,617,0.0406450193695381,False,True,False
1654953,1,3080.352284,6886.016024,66999.73161,7,756,0.045975591393865284,False,True,False
5207477,0,3400.525636,1315.268466,61283.10293,4,559,0.055488796640800246,True,False,False
5791682,1,5961.77695,7526.752206,104609.9858,8,727,0.05699051485771257,False,True,False
5422028,2,4262.123372,11957.06926,54446.9466,1,701,0.07828030106650645,False,False,False
3536723,0,3686.879389,599.4446611,59944.46611,5,661,0.06150491660455294,True,False,False
5693785,0,5492.956461,5431.847193,87327.12285,5,678,0.06290092106246462,True,False,False
3092068,1,4109.693938,7322.875511,60767.65552,5,699,0.06762962801234627,True,False,False
7079811,1,7080.175263,12455.29329,103039.9869,5,719,0.0687128897820153,True,False,False
4426401,2,6458.591827,16237.06414,97225.86047,3,599,0.06642874432561965,True,False,False
2405579,0,3886.155911,5887.147007,68081.33875,4,753,0.05708107364442801,True,False,False
1864772,2,3858.892936,12734.18399,74194.58371,5,725,0.05201043988713553,True,False,False
6371844,1,4783.515666,6606.629911,71586.89626,5,685,0.0668211071566298,True,False,False
1979964,1,2856.880421,3508.888272,35554.7329,6,766,0.08035162095114487,False,True,False
3938226,2,4796.495519,12871.93661,67454.52409,2,641,0.07110709894862442,False,False,False
5044335,2,4792.542197,7886.882944,70626.17435,7,648,0.06785787622092827,False,True,False
3940405,1,5103.454463,6494.28236,70119.71569,4,696,0.0727820187629172,True,False,False
3270982,1,3943.197659,7953.741157,64712.81212,3,565,0.06093380166647593,True,False,False
2190311,0,3209.492332,6427.562283,65586.42301,3,640,0.048935315949623394,True,False,False
2834619,0,3897.535515,5095.745233,65044.14345,4,719,0.05992139043226958,True,False,False
3238273,0,4442.419661,8492.696082,94402.80004,4,639,0.04705813449513865,True,False,False
3827643,2,4492.113988,11063.32604,97724.48162,7,674,0.0459671303805684,False,True,False
4719908,2,5786.00983,14194.85115,95360.88324,5,598,0.06067487667283901,True,False,False
6928485,0,3869.823697,2535.981805,62824.5579,4,641,0.061597308860648584,True,False,False
2658570,2,5040.857003,7557.952144,84847.55783,7,654,0.05941074948909934,False,True,False
4266246,0,3165.883223,3475.241718,70373.98777,6,712,0.044986554312467085,False,True,False
7348546,1,4438.811638,8796.938014,95838.96878,6,640,0.04631531092732612,False,True,False
2195011,1,4771.714694,7910.23215,75294.34834,6,675,0.06337414160824917,False,True,False
8375322,1,6531.394014,8134.155293,91909.32294,5,685,0.07106345477339451,True,False,False
2705144,0,3832.62639,4861.9601,64125.71674,2,670,0.05976738483157264,False,False,False
2419447,0,4809.974128,1108.165631,80476.77183,4,580,0.05976847751995621,True,False,False
7197767,1,6071.147911,8000.114566,87658.0013,5,759,0.06925948368617435,True,False,False
8457530,1,4325.389383,12680.24359,106612.8499,5,672,0.04057099483839987,True,False,False
1924519,0,4319.181001,4351.797959,65290.51069,4,548,0.06615327335250162,True,False,False
2326638,0,3341.995852,1988.544428,75764.77583,5,598,0.04411015297529192,True,False,False
5646138,2,3999.894103,7714.87442,68075.43512,5,684,0.05875679084458565,True,False,False
3488119,3,4780.698617,11945.54019,68709.92476,4,687,0.0695779923162297,True,False,False
1434590,1,3586.76917,7145.743442,72921.31318,6,648,0.049186842825311834,False,True,False
6681754,1,3278.499081,7010.017905,70703.03575,6,674,0.046369990287156805,False,True,False
7111666,1,4101.085771,5664.011305,62273.8994,6,611,0.06585561223102082,False,True,False
6551322,0,5204.224599,5528.201971,106426.3955,4,607,0.048899754375313784,True,False,False
1488285,2,4847.043445,13006.16315,89007.03303,6,565,0.054456858969406316,False,True,False
6061893,1,1574.341586,2604.57668,24422.52859,6,596,0.06446267757240447,False,True,False
8996373,0,6330.587098,4194.859404,96015.68912,3,644,0.06593284030996288,True,False,False
3733450,0,1527.059495,2380.414574,27032.25613,2,619,0.05649027175742433,False,False,False
1998110,2,4841.856123,11151.4642,63833.18322,3,612,0.07585171032929101,True,False,False
8912577,1,3478.487746,7745.9511,70838.05769,6,737,0.04910478716430204,False,True,False
7868860,1,3355.948036,5557.006875,60362.98677,6,735,0.05559612298157326,False,True,False
2043096,0,4950.334845,3234.048221,85319.71339,5,652,0.05802099712140161,True,False,False
6920827,0,2657.689508,942.6321427,53326.66037,5,598,0.04983791389822599,True,False,False
8217885,3,1306.318403,6357.1898,31636.06715,5,611,0.04129206063466078,True,False,False
5090779,1,6423.482898,10422.67875,98799.79535,7,625,0.06501514375859484,False,True,False
4824867,0,4159.358098,4973.393399,70307.5924,6,600,0.05915944432197624,False,True,False
6084879,0,6676.215187,9865.764556,106800.7308,5,687,0.06251095041196103,True,False,False
4819445,0,4517.227672,4483.203033,88573.60104,3,599,0.05099970667287211,True,False,False
7813168,1,4848.555171,5970.712811,66670.22857,5,660,0.07272444200351419,True,False,False
6804729,0,5455.999377,5626.749234,97154.78729,4,511,0.05615780271037224,True,False,False
8407757,1,3736.110023,5672.595471,66462.59824,5,679,0.05621372203218277,True,False,False
2255902,0,4560.977396,605.8441442,60584.41442,3,625,0.07528301527157023,True,False,False
1449582,1,5469.593948,8528.098179,104034.3673,5,682,0.05257487587950179,True,False,False
2605158,0,5920.150882,6167.393855,85170.68671,4,701,0.06950925383703531,True,False,False
6462232,2,6204.833068,15783.41185,89758.29517,3,573,0.0691282410862216,True,False,False
5433645,2,3553.179208,9264.469196,71106.61473,6,544,0.04996974221725827,False,True,False
6728060,1,5726.596454,7234.149115,88604.60096,5,650,0.0646309152341337,True,False,False
3540121,0,5686.393135,6689.485289,73436.99445,4,672,0.07743226935671521,True,False,False
7493296,1,5393.851477,8510.521315,98403.999,5,567,0.05481333616329963,True,False,False
7946965,0,4613.290613,1555.766149,64583.98545,5,684,0.0714308753301009,True,False,False
1818783,0,6826.155098,3458.967505,84927.61308,4,540,0.08037615623990171,True,False,False
2967157,2,4899.291572,11272.2422,78874.50643,7,759,0.06211502035005508,False,True,False
4500354,2,4241.954095,12817.87288,81565.23724,4,656,0.05200688722964597,True,False,False
1961470,0,4068.876641,4359.696979,65277.58818,6,759,0.06233190830795183,False,True,False
8928046,2,5479.086601,11176.18085,73872.35053,5,711,0.0741696529444384,True,False,False
6212504,1,4438.062935,8742.248706,85778.97901,6,671,0.051738351123095286,False,True,False
7548613,0,2473.502453,671.7793637,62708.8025,5,581,0.03944426227880847,True,False,False
3740852,1,3647.332506,6489.218331,52583.56463,6,665,0.06936259516950136,False,True,False
1472856,0,3138.87726,3633.045335,56495.5258,5,630,0.05555974947665679,True,False,False
1027092,0,4054.965921,3418.698271,78714.22094,7,785,0.05151503594364355,False,True,False
5344900,0,5340.757819,8525.185924,103051.0367,2,653,0.05182633760927512,False,False,False
4085765,0,5227.304902,2691.896355,69170.02023,4,626,0.07557182843981367,True,False,False
7454348,0,5415.388702,2411.783162,76055.96124,4,631,0.07120268567655538,True,False,False
8797985,0,4774.897693,6851.321469,76789.98679,4,662,0.06218125425725184,True,False,False
8618186,0,4629.157845,3494.303512,88905.15307,5,558,0.05206849867695751,True,False,False
6292974,0,2953.381883,2968.044167,89274.32959,6,680,0.03308209534099734,False,True,False
5162309,0,3590.587922,1276.096715,63695.3664,5,674,0.05637125783140169,True,False,False
5894894,0,3417.068064,3531.732672,50605.67841,4,521,0.06752341182575207,True,False,False
3015778,1,5064.439259,12298.88126,91705.77779,2,714,0.05522486566328702,False,False,False
2306973,1,6618.070454,13894.50265,94840.63224,3,580,0.06978096094143034,True,False,False
4422041,1,4654.220549,9089.420992,94217.63266,6,694,0.049398614862204496,False,True,False
2782313,1,2166.164495,4402.786456,38052.82072,4,673,0.0569252017068342,True,False,False
6647257,2,3826.63476,9948.126842,68634.84313,6,684,0.05575352962855967,False,True,False
5277998,0,3400.459282,2438.237979,62624.00132,4,608,0.054299616925212464,True,False,False
3319486,0,2520.971912,3379.539396,48008.63661,5,642,0.052510799931254286,True,False,False
2566836,0,5948.15433,4869.74745,74592.21037,4,673,0.07974229883382393,True,False,False
4308701,0,3283.551329,4775.429144,68933.30018,5,666,0.04763374625073695,True,False,False
3321451,1,3790.645623,5705.328808,61342.69872,6,690,0.061794568907091604,False,True,False
3046336,2,4909.942825,8381.019304,88866.33019,8,595,0.0552508786455155,False,True,False
1894980,1,4516.12018,7369.515291,70259.04669,7,678,0.06427813061464127,False,True,False
7063607,1,3240.802679,5561.657479,53301.45532,5,617,0.06080139199846523,True,False,False
1930232,0,6168.56338,6967.015878,83804.85571,5,662,0.07360627648290237,True,False,False
3550022,0,5581.750439,6880.874602,76522.29361,3,642,0.07294280105413062,True,False,False
3918700,0,4468.339165,809.8534991,80985.34991,5,656,0.055174660231334674,True,False,False
7905540,1,4316.701556,6736.890358,84754.87494,6,652,0.05093160197635707,False,True,False
2890321,1,6089.551071,12716.64117,92579.57458,3,614,0.06577639936914906,True,False,False
8498268,0,5890.873353,8301.656582,99622.17009,4,660,0.05913215248852847,True,False,False
4905759,2,3329.761679,7936.456101,50041.0538,4,669,0.06654059869138887,True,False,False
5213894,0,7489.091252,6516.440981,93822.11528,4,641,0.0798222383885694,True,False,False
4832943,1,2833.586943,4216.216782,44499.45051,5,629,0.06367689736670412,True,False,False
7790604,1,3598.088744,5802.745302,56944.61254,5,669,0.06318576215568364,True,False,False
5746142,1,6425.52202,9610.401872,89511.87532,4,681,0.0717840174505239,True,False,False
4421374,1,4791.819054,6151.922931,65477.74234,5,656,0.07318241104157165,True,False,False
5116193,0,3679.240938,4848.834044,62593.59825,3,633,0.05877982798344717,True,False,False
3535937,0,4352.689262,5829.346607,59008.66818,2,714,0.07376355705440699,False,False,False
3259848,1,2564.272555,4675.553529,47195.66442,7,708,0.05433279913553551,False,True,False
5603669,4,3987.252438,13425.43828,61020.99853,7,612,0.06534230074979404,False,True,False
8571897,1,4689.997284,7454.473944,89940.20848,8,515,0.05214572395663186,False,True,False
3703728,1,6719.431149,11140.85715,97446.55253,5,659,0.0689550422723405,True,False,False
7513697,0,3290.896426,5657.631026,73486.18279,5,710,0.044782519666374955,True,False,False
7569431,1,4596.754392,6309.984578,88526.87354,7,688,0.05192496027687007,False,True,False
2199997,1,4568.356436,5951.883654,51309.82881,6,713,0.08903472379369258,False,True,False
5995533,0,4199.066259,5231.934056,71799.48451,4,722,0.05848323685966252,True,False,False
3544621,1,6956.533544,9649.102304,98865.90402,5,657,0.07036332305819742,True,False,False
1514591,2,4621.718516,11265.77495,101918.5269,8,650,0.045347187175641956,False,True,False
5833337,0,3150.355814,4489.521249,62767.99548,2,632,0.05019047987606693,False,False,False
7617481,0,3796.11828,5896.570324,77839.42879,4,682,0.04876857832861802,True,False,False
5174396,0,4184.784749,553.9095527,55390.95527,5,690,0.07554996530754,True,False,False
7935952,0,4720.861857,3775.389688,83865.13346,5,752,0.056291114820101545,True,False,False
6674682,0,4626.150038,4229.184021,61277.36227,3,750,0.07549525414648695,True,False,False
6288882,2,3056.005959,8496.600307,76750.28031,8,606,0.03981752179479434,False,True,False
2075836,2,5725.084332,14983.2729,104285.3761,4,637,0.05489824696523294,True,False,False
4311892,1,2766.89207,2770.91211,39346.28335,7,575,0.07032156113418525,False,True,False
3179426,0,5192.193004,6440.990047,88931.42325,5,653,0.05838423376407618,True,False,False
3118724,1,6254.294876,11407.09564,90949.14318,3,646,0.06876694663985948,True,False,False
5231671,0,2528.174799,2265.430844,42295.52327,5,696,0.0597740518035681,True,False,False
4374678,0,1709.248658,2278.976842,37048.08442,6,652,0.046135952364578424,False,True,False
5764254,1,3973.881258,5167.760376,70475.40824,7,637,0.0563867788387571,False,True,False
3791203,1,5580.706727,7688.141057,92864.15071,7,611,0.06009538324888859,False,True,False
4895134,1,4853.683964,9624.831975,90113.284,5,631,0.05386202509277101,True,False,False
7170558,1,6373.146776,7307.85478,81960.43648,5,628,0.07775881937323718,True,False,False
2533465,0,2557.812557,3258.314519,49548.63701,5,532,0.05162225868057234,True,False,False
2001414,2,2735.761364,9741.335363,58522.03385,5,681,0.046747544198688165,True,False,False
4171785,1,6132.273139,11441.89538,87718.39444,5,711,0.06990863408010184,True,False,False
2349857,1,4611.914093,7432.22756,78866.71081,7,555,0.058477322632494354,False,True,False
3822202,2,2363.567682,5954.811671,55325.30354,6,512,0.042721278163275665,False,True,False
2963743,1,3530.549027,5591.446422,57535.14965,6,681,0.061363341339636196,False,True,False
4418770,2,4629.349219,9963.382976,83891.64859,8,693,0.055182479982302135,False,True,False
1061626,0,3226.352341,947.9437067,61185.1185,8,652,0.05273099766898384,False,True,False
8002826,0,4006.153837,723.0024692,72300.24692,5,584,0.05540996065245526,True,False,False
8309712,1,4233.726111,12547.12207,90975.37392,5,687,0.046537056442581534,True,False,False
2267001,0,2544.523276,1565.208915,48753.47541,6,635,0.05219162848599884,False,True,False
1756532,1,4957.972257,13628.81998,113013.2021,3,558,0.04387073514307582,True,False,False
1291622,0,4173.337094,4952.276932,75335.54505,5,639,0.05539665361457421,True,False,False
7505323,0,3241.781683,3485.806555,47208.41118,4,590,0.06866957819528126,True,False,False
4369075,0,4851.72036,5709.154219,66503.46988,4,562,0.07295439424069942,True,False,False
2555071,1,2399.105715,3020.662639,43648.06134,7,613,0.05496477143193091,False,True,False
8909740,0,3885.655451,4005.312732,72013.64735,7,680,0.053957209417750736,False,True,False
2057066,0,3963.434859,5525.64721,81102.18414,5,579,0.04886964390697851,True,False,False
4117789,0,2919.040948,2909.941827,62653.73744,7,640,0.04659005300035617,False,True,False
6467306,1,3995.455753,6923.275411,65567.37811,5,655,0.06093664056990306,True,False,False
2201059,0,3530.74257,5180.098569,46455.76773,2,742,0.07600224347858388,False,False,False
3282737,0,7704.390774,11400.61019,119567.8572,4,723,0.06443530020875879,True,False,False
8013406,0,3694.510482,4558.483873,65357.47728,4,531,0.056527739988681526,True,False,False
6455990,1,3868.511241,3869.09681,60554.29883,4,636,0.06388499769207881,True,False,False
8693138,2,4539.911168,10234.46854,67401.03325,5,727,0.06735669987670405,True,False,False
8533010,1,2649.803807,6635.190273,58215.96069,5,713,0.0455167925701717,True,False,False
7349676,3,7294.135039,17043.69181,88632.61409,4,691,0.08229628691300173,True,False,False
5944048,1,6530.823672,8294.256237,107053.6286,6,704,0.06100515935244068,False,True,False
8157022,0,4790.605112,5583.305488,62141.9444,4,632,0.0770913295078678,True,False,False
7242465,0,3452.868903,1212.887547,66366.0408,5,735,0.052027646389296134,True,False,False
2966407,1,3704.337396,7658.460613,70007.55097,6,725,0.05291339783600489,False,True,False
8763754,0,2757.995961,3797.131406,42463.92149,3,572,0.06494915834962373,True,False,False
8124368,1,3523.962743,5265.09842,67338.75673,5,616,0.052331865245591094,True,False,False
3012281,0,3377.608036,4727.617769,70942.32723,6,573,0.04761061791854612,False,True,False
6091042,0,5459.222452,958.6124895,95861.24895,1,704,0.05694921057045126,False,False,False
4441289,0,5648.893108,7053.580925,100574.064,6,593,0.05616649942673094,False,True,False
1368044,0,3238.820961,6348.398376,71294.33384,4,611,0.04542886911979034,True,False,False
8554724,1,7358.171032,12685.26443,119122.2115,4,741,0.06176993307415217,True,False,False
1864387,0,4069.237326,3325.454985,56082.4533,5,645,0.07255811910068492,True,False,False
2086613,0,4924.677623,3390.086272,72917.29324,4,620,0.06753785561939216,True,False,False
4014438,0,6981.17635,1000.783478,100078.3478,5,669,0.06975711033870605,True,False,False
4581352,0,3079.521595,2626.150772,57847.41493,4,697,0.05323524998872409,True,False,False
3161695,2,3732.762971,7991.068725,59963.16813,3,702,0.06225092981924136,True,False,False
3819795,0,5876.30953,1167.456555,98324.98636,5,643,0.05976415301482886,True,False,False
8954156,0,4021.312027,2750.879624,89424.25692,5,630,0.044968917444821635,True,False,False
5254172,1,3850.037948,5498.663395,65969.39592,8,618,0.05836097017879136,False,True,False
3999217,1,4279.362322,9156.030119,70508.55185,5,577,0.06069281256979893,True,False,False
8875686,2,5858.043345,14738.52603,85694.62616,4,716,0.06835951806432386,True,False,False
5828413,0,4749.24338,3132.769754,76567.1038,5,636,0.062027204168587084,True,False,False
2963525,0,2863.287582,4405.361402,57264.70684,3,521,0.050000912254735644,True,False,False
6025286,0,4346.105624,6265.592138,84063.99452,6,636,0.051699965589501,False,True,False
6287881,1,6152.209367,8421.416562,95990.01801,5,616,0.06409217848421571,True,False,False
8374304,1,3761.556112,7461.713567,69099.4137,6,547,0.054436874505637084,False,True,False
5863039,0,2906.813215,2254.295783,63251.63547,5,561,0.04595633288215433,True,False,False
4248938,1,5625.303535,12197.39009,108188.1807,6,696,0.0519955460809408,False,True,False
3903890,0,2862.559188,4292.081703,54607.81635,5,650,0.052420319641658775,True,False,False
4328924,2,3354.011121,9308.225561,73539.11982,8,635,0.045608529571873245,False,True,False
7394376,1,3626.558396,8275.419592,71729.19993,6,629,0.05055902477009546,False,True,False
5914611,0,3636.480851,5034.945969,62300.11095,4,641,0.05837037519754208,True,False,False
1005074,0,3435.674573,5313.489306,57146.22844,3,655,0.06012075804105332,True,False,False
6792530,3,2287.226053,10928.72521,63284.29724,6,567,0.03614207872651096,False,True,False
7151578,0,4983.327775,8714.629201,88919.20718,5,694,0.05604332216899102,True,False,False
6835037,1,4284.910869,5376.204206,89188.10461,7,701,0.0480435242764377,False,True,False
6365044,1,3666.521493,6011.628606,64691.16186,6,688,0.05667731707980179,False,True,False
8603652,2,2595.883292,6409.300041,43837.2185,5,693,0.05921642341427296,True,False,False
7297935,0,3297.892156,2685.410022,58193.41232,5,801,0.056671228314730995,True,False,False
8273922,1,2703.000845,4238.303292,49120.55815,5,674,0.05502789355010617,True,False,False
8652946,1,1931.656518,3628.821574,39579.6527,6,648,0.048804281650505744,False,True,False
3301851,1,4274.64669,9234.959998,70302.23246,5,749,0.06080385416540156,True,False,False
4753200,0,4175.479681,802.6021207,67495.70853,5,675,0.06186289131469911,True,False,False
5304552,2,1346.027623,3846.960546,26667.79109,5,623,0.050473907586021965,True,False,False
8132325,0,4583.47265,733.5623359,73356.23359,5,687,0.06248238800832903,True,False,False
1770145,0,2290.148099,395.8584593,39585.84593,2,651,0.057852700762027136,False,False,False
6831164,1,3063.080516,5591.355971,44237.5243,3,641,0.06924168032612983,True,False,False
2793005,0,3594.825701,4394.332363,62089.99224,3,673,0.057897022874551424,True,False,False
6767893,0,2336.877814,2640.62509,43693.57951,5,665,0.053483322726286746,True,False,False
7056055,0,4035.226261,4648.105394,61502.38967,6,662,0.06561088573389737,False,True,False
5332721,0,3536.643049,5565.715227,74093.44252,3,646,0.04773220043116982,True,False,False
8301822,0,4334.954893,5811.398065,89346.46132,2,656,0.04851848443637947,False,False,False
6850729,3,1833.899606,7241.371217,36475.11298,4,652,0.05027810625303785,True,False,False
6500280,1,4703.668934,9268.683378,93896.77631,5,700,0.050094040699233885,True,False,False
7611504,1,4526.420307,7756.501924,78835.4865,5,599,0.057416025548342374,True,False,False
2344255,0,6039.375641,5470.694803,77994.09165,4,634,0.07743375829161284,True,False,False
7910458,1,4107.989365,9430.46352,85117.58236,6,615,0.0482625240414547,False,True,False
4981468,1,3860.776222,6716.251937,67781.68184,5,685,0.05695899123768334,True,False,False
2731467,0,2377.503726,3050.716145,51948.21058,4,602,0.0457668069690034,True,False,False
6131248,0,4547.120222,3388.308494,73457.71122,4,643,0.0619011965725659,True,False,False
2346430,1,4663.517963,6274.407296,64387.9468,5,640,0.07242843101497998,True,False,False
6299123,2,5174.483976,13598.12768,96122.43767,7,766,0.053832217549087055,False,True,False
3959189,3,6509.66362,17402.34246,87221.75506,4,640,0.07463348582612206,True,False,False
7478971,0,1778.228715,3806.127076,33311.44419,3,626,0.05338191598231034,True,False,False
3476375,2,4748.341618,12251.99565,62352.70937,3,611,0.07615293170058443,True,False,False
6134135,0,3285.85052,7197.059034,74329.83691,4,629,0.04420634642288495,True,False,False
7314818,1,3251.535255,9097.068925,73374.7032,8,743,0.04431411798882751,False,True,False
4068525,0,5142.414714,761.6872417,76168.72417,1,700,0.06751346789691147,False,False,False
1333391,0,1084.751071,1413.756678,20007.84961,3,673,0.05421627471938999,True,False,False
6141529,0,6847.541932,10345.24572,111956.6225,5,603,0.06116245541437265,True,False,False
2989226,0,3888.620973,6641.34565,84381.76181,3,501,0.046083666536329226,True,False,False
3998913,0,6968.157239,4598.991861,145404.7515,4,538,0.047922486487657866,True,False,False
1149775,2,5590.219288,14997.34459,90694.18814,3,653,0.06163812039830671,True,False,False
4091631,0,4504.750582,6598.146537,76473.84821,5,624,0.058905765662920336,True,False,False
6270488,0,5998.673549,9481.976785,89171.19814,3,608,0.06727142478877542,True,False,False
8293845,0,5259.510154,1703.696996,76543.59581,5,633,0.06871260878644107,True,False,False
5801053,1,5983.027828,6082.751983,81559.08431,5,594,0.07335820256709795,True,False,False
3443303,0,3563.564493,2637.63437,47965.77094,5,584,0.07429390632452534,True,False,False
1676256,0,5247.668612,2639.276677,80176.10503,4,655,0.06545177780881781,True,False,False
8717521,0,3450.026008,2868.43423,51331.41945,4,612,0.06721080470725226,True,False,False
5518003,1,2772.032199,4431.470302,37387.72917,3,616,0.07414283404043392,True,False,False
6282008,2,3736.312607,10222.41948,59826.47942,3,640,0.06245248998808628,True,False,False
6294117,1,5961.472513,12214.1923,101099.6827,6,782,0.058966283115743146,False,True,False
1112744,0,4199.445147,3504.594822,73542.78153,6,693,0.05710207119765981,False,True,False
2904212,2,3701.195906,8463.103678,65731.56462,7,579,0.05630774084561871,False,True,False
3189108,0,6026.608242,8296.261977,92796.61627,4,586,0.06494426719682374,True,False,False
4703632,1,3191.600857,5877.32574,59911.5528,6,749,0.05327187675562967,False,True,False
2723991,3,5617.648156,19339.38234,93183.10653,4,645,0.060286122293974134,True,False,False
3069781,0,3273.834236,3307.646603,54993.4197,5,614,0.05953138127905874,True,False,False
6971407,0,7592.439761,5077.488279,105656.8063,3,584,0.07185944783757864,True,False,False
2349623,0,4466.29358,1996.863159,76962.62539,7,731,0.05803198055377564,False,True,False
5280872,0,2785.326339,3698.90807,42924.14665,5,652,0.06488949825167928,True,False,False
4188500,2,3184.497053,10143.5193,69586.77759,6,581,0.04576296192019143,False,True,False
7132330,2,4203.454063,8104.299218,66231.68598,8,726,0.0634659076060561,False,True,False
7771063,1,4469.233423,6862.44219,70024.53293,6,570,0.06382382339440475,False,True,False
2501479,0,2784.240833,4694.665576,51121.59387,3,600,0.05446310692268719,True,False,False
6541427,1,2354.767751,5679.620407,67053.30205,6,729,0.035117849218582964,False,True,False
3465088,0,2314.765653,1720.117815,51892.40972,4,709,0.044607017972184464,True,False,False
4296400,1,7622.601138,6025.965928,87748.06613,5,599,0.08686916389367497,True,False,False
1458727,1,2798.405931,4960.005326,47001.6558,5,626,0.05953845419633067,True,False,False
6220270,0,5456.640938,1740.645118,85597.33735,5,625,0.06374778827159394,True,False,False
1380574,0,3541.985047,2227.915533,65298.7097,3,665,0.05424280300901566,True,False,False
3539653,2,3915.505545,5337.121374,52146.73374,8,672,0.07508630482059411,False,True,False
4098292,0,3735.130488,6858.954953,56649.54158,0,584,0.06593399317671937,False,False,False
3770987,2,6581.765984,9023.14783,84959.97714,8,711,0.07746901783123525,False,True,False
8316267,2,4217.364793,10546.8003,82893.6259,4,690,0.05087682855238692,True,False,False
8428719,0,2830.478637,3600.407983,49974.89026,5,544,0.05663801605714622,True,False,False
6332258,0,5010.620721,695.0955449,69509.55449,4,560,0.07208535226219662,True,False,False
3056849,0,3191.26987,3452.490341,58236.73123,5,533,0.05479823133266885,True,False,False
2255878,1,2916.025868,7441.645379,66127.71423,7,669,0.04409687983252707,False,True,False
5302769,0,3048.283981,2485.16148,52151.03477,4,708,0.0584510737791445,True,False,False
6644152,1,2418.215637,5451.023843,76622.95688,7,668,0.03155993628368052,False,True,False
6100209,2,4836.221978,12011.7383,72497.04868,5,616,0.06670922563133502,True,False,False
2252961,1,4549.734194,5830.732775,71835.25222,6,713,0.06333567508145098,False,True,False
2913598,1,4095.944748,7227.435794,54293.81848,3,652,0.07544035145564143,True,False,False
6980993,1,4219.384951,5462.291763,53534.2807,5,715,0.07881650590665357,True,False,False
4994632,0,4247.262415,5296.831094,76547.88432,5,577,0.05548503989012665,True,False,False
5602020,0,5352.187998,5721.264635,92944.48197,6,637,0.057584784858207554,False,True,False
2444171,1,3083.553678,4721.217444,57542.05041,5,634,0.05358783109098458,True,False,False
6320054,0,1968.975209,1954.689457,45267.387,4,629,0.04349655103794703,True,False,False
5710329,0,6267.848333,5160.019026,97129.21496,4,598,0.0645310304997445,True,False,False
2044095,1,4236.219649,6072.362352,77713.88464,8,667,0.0545104606290596,False,True,False
2502214,0,5243.465408,2104.881228,74981.0861,4,614,0.0699305075550246,True,False,False
2161236,0,4958.329058,5235.06036,97341.33219,4,655,0.050937550847587186,True,False,False
3469901,1,3808.427293,6372.428393,63076.46622,7,656,0.06037794317324075,False,True,False
4583295,0,2139.478386,4365.128283,46312.80174,4,601,0.04619626335739799,True,False,False
5537445,0,3622.887121,5138.25382,55706.10153,3,613,0.06503573255882801,True,False,False
2815561,0,4766.026652,8079.65578,89770.91689,4,747,0.053090987784384654,True,False,False
4998111,0,4682.09708,858.6896441,85868.96441,5,685,0.05452606901888686,True,False,False
2029268,3,3863.852163,11238.45086,60540.14586,5,689,0.06382297412918721,True,False,False
3968438,1,3832.067553,6435.906948,66106.68356,5,595,0.057967929211301665,True,False,False
3618130,0,5459.031609,6861.574102,100230.7617,5,582,0.05446463257796433,True,False,False
8176049,0,3164.533215,1108.197598,43451.64298,2,666,0.07282885060195715,False,False,False
4694936,0,4873.898463,3610.765674,79149.39228,5,553,0.061578469810077995,True,False,False
5678453,0,2644.712395,3656.655483,49785.68905,5,655,0.05312194016927039,True,False,False
1358683,0,6477.952219,2885.294097,91784.99107,6,624,0.0705774674430112,False,True,False
4541873,0,4292.283949,8167.153974,72581.98721,3,593,0.05913704093801153,True,False,False
7364314,1,3019.548148,6339.306857,55860.47656,4,511,0.054055180584732195,True,False,False
6283102,1,5551.710456,6251.001094,76992.42027,6,649,0.07210723388784307,False,True,False
3425480,1,2044.082793,2722.489048,29622.6212,6,611,0.06900411611785387,False,True,False
1472129,0,3939.776134,606.4100959,60641.00959,5,584,0.06496884139359198,True,False,False
3974748,1,2817.795912,7127.55565,66031.47694,5,616,0.042673525454540596,True,False,False
8310215,0,4344.728876,3821.033073,90098.29785,6,697,0.048222097194702995,False,True,False
8383806,0,5222.693714,4303.722489,117052.563,6,706,0.04461836272649579,False,True,False
5582167,1,3236.163525,5161.1185,55972.7228,5,587,0.05781679652360953,True,False,False
3027718,0,4142.025816,4482.23199,78968.24015,5,689,0.05245179338088618,True,False,False
3816302,0,4662.282207,5761.418606,76626.4821,2,617,0.06084426792444385,False,False,False
2135773,1,4371.119339,6693.943774,62842.60262,6,612,0.06955662491306285,False,True,False
2416200,0,4853.85049,6355.461574,90653.91354,4,704,0.05354264697969486,True,False,False
4457621,1,6322.999876,7689.46478,91859.89409,6,572,0.06883308476063582,False,True,False
6477000,1,5391.949964,7726.562861,74735.65957,5,692,0.07214695093377364,True,False,False
6597116,1,4900.89673,9397.370363,94644.21795,6,629,0.051782315244964204,False,True,False
5157409,1,3002.230966,4949.217461,56927.2341,9,603,0.05273804381091475,False,True,False
6602323,0,6470.743185,3568.563799,85622.72604,4,736,0.07557273032836039,True,False,False
8466806,0,2788.659451,4281.230091,65894.18233,5,610,0.0423202679264508,True,False,False
3148715,0,3615.11188,3708.157858,63494.77478,3,593,0.05693558080213416,True,False,False
4372023,1,4265.39996,6070.146008,70501.76332,6,504,0.06050061387315667,False,True,False
5146148,0,3432.745473,3576.556091,74086.02459,4,542,0.046334588635268,True,False,False
1604321,1,4690.354943,5607.344067,75000.25369,6,647,0.06253785437028966,False,True,False
4317830,0,5149.476373,6166.748455,80336.01235,4,707,0.0640992280095416,True,False,False
6763019,0,2880.112008,1417.529198,45514.41918,5,665,0.06327911154066934,True,False,False
5580629,3,3250.635456,9812.57773,52155.85588,5,666,0.062325416794598285,True,False,False
6218428,1,3352.188299,7418.804335,75927.7993,6,544,0.04414968338217067,False,True,False
5393992,0,2362.028212,5387.927581,56295.78229,2,634,0.04195746316895173,False,False,False
7901241,1,4053.788788,7272.770879,69416.77332,6,669,0.05839782799054481,False,True,False
8112015,3,4148.946161,11023.03961,56249.96815,5,636,0.07375908462625502,True,False,False
6075083,1,6961.509561,8179.697,82241.23476,4,689,0.08464743484597943,True,False,False
3243923,1,4355.778468,5274.996238,68573.05178,6,594,0.06352026568650407,False,True,False
3068840,0,5259.363393,885.0746882,88507.46882,5,662,0.0594228200525778,True,False,False
7917189,0,4130.689602,4983.592036,81358.94197,6,721,0.050771181408960996,False,True,False
6000008,1,4111.525518,5689.824741,66590.00319,6,655,0.06174388528363127,False,True,False
3769551,0,5245.027218,5765.207697,96949.96294,3,580,0.05410035299596784,True,False,False
6411203,1,4954.351953,11380.2032,110619.8476,5,621,0.04478718837974607,True,False,False
5593974,0,4084.190132,1954.807927,71765.78224,4,687,0.05690999254131449,True,False,False
2090995,1,2700.216607,3773.100518,37592.39692,5,654,0.07182879593302613,True,False,False
7125810,0,3551.594434,526.7550035,52675.50035,5,660,0.06742402844589211,True,False,False
4568515,1,3232.195595,7462.377726,74565.28483,7,589,0.043347190349624795,False,True,False
2791291,0,5848.034822,7176.55529,82449.83447,3,649,0.0709283997911221,True,False,False
6834604,0,2330.967335,2300.104677,36852.54254,5,617,0.06325119447240178,True,False,False
2168984,3,5789.876446,13089.75902,85299.5896,6,533,0.06787695548303083,False,True,False
1281020,1,4833.15062,6278.510634,70843.14832,6,607,0.06822326131199813,False,True,False
6141666,0,1202.052526,1584.591432,17709.09141,4,634,0.0678777074537671,True,False,False
4699766,0,3078.947163,844.1472325,52368.42113,4,639,0.05879396583977172,True,False,False
4445156,0,4205.947579,4336.908326,65390.90501,5,694,0.06432006986838305,True,False,False
6169135,0,6991.154304,7661.292875,88218.4196,4,537,0.0792482379042755,True,False,False
4406005,0,4087.100708,1435.264297,62589.14398,6,631,0.06530047302302153,False,True,False
8405997,1,2409.352991,5418.327797,47466.5797,4,743,0.05075893410116508,True,False,False
7424428,0,7009.94793,6478.691542,101425.619,5,685,0.06911417449668214,True,False,False
3483706,0,2518.683521,2568.819519,42513.45623,5,707,0.05924438388104207,True,False,False
6405024,0,4618.889086,9789.768951,88270.3809,3,684,0.05232660195759957,True,False,False
5948974,2,3468.380778,11629.19132,84621.803,6,462,0.04098684564780545,False,True,False
2382521,0,4813.551473,6650.582101,80176.1436,5,693,0.06003720379736499,True,False,False
7899649,0,4311.904354,2522.675278,56466.66021,3,687,0.0763619512463459,True,False,False
8499349,0,3814.852526,3922.187622,44005.81942,2,663,0.08668972822867617,False,False,False
7877253,2,4459.144537,12193.76606,75825.28635,8,711,0.05880814635393725,False,True,False
8489944,0,4355.609814,7214.553356,80724.56743,3,685,0.05395643423889451,True,False,False
2875314,2,2622.222674,7686.357562,60541.70097,5,653,0.04331266931696188,True,False,False
2137040,3,3354.216381,9945.600446,48933.36646,5,621,0.06854660988309204,True,False,False
2547267,1,4884.843531,6367.966032,71581.32871,5,639,0.06824186724432207,True,False,False
2821972,2,2409.541409,6983.717833,52254.41521,4,624,0.04611172853655594,True,False,False
3848004,0,7733.96216,4840.913358,111826.6771,2,639,0.06916026086587526,False,False,False
4089799,3,5821.052808,15217.72686,80280.03767,4,693,0.07250934325576781,True,False,False
4357722,0,4408.958553,5184.515436,73342.08362,5,603,0.060114989040176384,True,False,False
2367639,2,4090.103678,12469.98125,81665.48966,5,656,0.05008362400113477,True,False,False
7386087,0,2907.638707,4218.727635,54378.64053,3,629,0.05347023534720206,True,False,False
7381797,0,3901.803333,4341.529579,80460.04557,4,587,0.04849367540570733,True,False,False
6298199,0,2924.247943,3355.670295,58074.72478,6,730,0.050353195027229194,False,True,False
2564199,1,3014.000038,5476.602739,49325.20021,6,707,0.06110466911777387,False,True,False
4572507,3,4283.548483,12316.46506,70206.00582,5,546,0.06101398923024502,True,False,False
8753875,0,3952.162224,7536.760884,86074.93623,3,545,0.045915366273864736,True,False,False
7131504,0,3452.535598,3620.915701,67068.24401,6,724,0.051477948304196254,False,True,False
5572774,3,7096.627017,16996.72086,93194.28495,6,581,0.0761487361677536,False,True,False
3736207,0,4023.657943,4605.969389,55726.00916,2,700,0.07220430825123886,False,False,False
2086705,0,2341.432055,464.2241065,46422.41065,6,658,0.05043753700455451,False,True,False
8636865,0,5421.728343,642.3356106,64233.56106,4,692,0.08440647308866484,True,False,False
5684090,1,3821.420859,11797.62033,101311.898,7,593,0.037719368943221254,False,True,False
5451889,1,7676.299562,11074.22416,121017.1625,6,671,0.0634314951980468,False,True,False
8996751,0,4045.49934,3787.947808,63431.77428,4,673,0.0637771745457157,True,False,False
2726209,1,5959.276603,7779.488579,82881.67337,5,675,0.0719010169642283,True,False,False
5863388,0,4217.755905,3388.329664,82861.17,6,671,0.050901476590301586,False,True,False
8323075,1,5631.88148,7749.932734,78001.2431,5,666,0.07220245801441592,True,False,False
4696756,1,3926.10633,6114.329839,51764.60197,7,733,0.07584538817231438,False,True,False
7580722,0,2726.644775,2000.302845,48890.3764,4,567,0.05577058259261019,True,False,False
1483377,0,2782.976666,4693.405651,61574.74352,5,636,0.045196723638744274,True,False,False
3588545,1,4841.614685,7490.214033,76574.63383,8,629,0.06322739584688915,False,True,False
1628363,1,772.9706822,1988.146746,19082.80078,3,615,0.040506144308236076,True,False,False
2166072,1,3907.038189,9475.333088,87298.44936,7,604,0.04475495518698409,False,True,False
6312104,0,3701.903733,6977.356788,73228.14307,4,651,0.05055301934204843,True,False,False
5795243,1,2622.036002,4797.102638,46297.72484,6,621,0.0566342301065868,False,True,False
5472906,2,2501.62496,8254.038915,48696.67269,3,540,0.0513715788330178,True,False,False
3142827,1,2688.653754,6190.667544,56786.86433,5,622,0.04734640282963481,True,False,False
1827775,1,3662.621066,12238.11433,92450.0248,7,628,0.03961730755533556,False,True,False
7712483,0,3098.125823,2803.531166,45531.80319,5,615,0.0680431172486582,True,False,False
5082702,1,3700.840396,6872.455613,69636.13999,4,573,0.05314539830225303,True,False,False
6467926,1,4538.872652,9542.749194,95606.94573,6,600,0.04747429820442189,False,True,False
3278375,0,4137.424439,6441.392803,73636.54724,3,657,0.05618710537194384,True,False,False
3474403,1,5558.533489,7689.366303,83311.05106,6,618,0.06672024201203254,False,True,False
1335117,1,3949.704843,9605.213264,85565.77455,5,648,0.04615986781831802,True,False,False
4574650,3,3065.573354,6945.642172,54958.16768,8,577,0.05578012301737641,False,True,False
2047689,0,3382.739107,2685.03329,55846.67501,4,632,0.060571898083355565,True,False,False
1779742,0,3397.925105,6204.756984,63036.21923,3,624,0.053904329074718205,True,False,False
5444033,0,4854.701587,5732.564328,70913.65767,4,508,0.06845933134053779,True,False,False
3800750,0,5434.412016,2730.241174,78454.49641,4,708,0.06926833087551776,True,False,False
1383616,2,4842.222061,15145.55962,78616.06425,4,598,0.06159329021612781,True,False,False
7889900,0,2976.601321,510.2035139,51020.35139,2,661,0.05834145081139944,False,False,False
6462293,0,6381.847955,4872.764406,90677.06479,4,617,0.07037995737709189,True,False,False
8005852,0,6380.856379,10476.67124,96209.39298,3,719,0.06632259264255468,True,False,False
7259957,0,5794.406309,4013.322333,80821.38685,3,657,0.07169397278166108,True,False,False
3641478,3,2282.040151,7098.498979,43523.24165,7,700,0.05243267882827841,False,True,False
4634410,0,6988.698985,7726.606211,93721.19942,2,624,0.07456903057419279,False,False,False
7644776,1,4017.711276,6938.703483,81821.63486,6,577,0.04910328769248451,False,True,False
8308658,0,2837.495406,3425.610171,58457.88065,4,681,0.048539142617719924,True,False,False
1760017,1,6360.697827,8326.446553,93197.76809,5,629,0.06824946516806656,True,False,False
2830635,0,3460.959306,629.8869367,62988.69367,5,715,0.05494572286467932,True,False,False
7309181,0,7796.666766,1193.092566,119309.2566,3,574,0.06534838107439855,True,False,False
2489631,0,5758.910353,1550.855725,88386.51111,6,653,0.06515598682057765,False,True,False
1399722,3,2548.907375,9237.85382,50791.69584,5,656,0.050183545417136044,True,False,False
4149792,0,5049.829328,1896.91849,78702.22228,4,645,0.06416374508503904,True,False,False
6734690,1,5075.763089,8915.644155,80739.18297,5,749,0.06286616859729663,True,False,False
6188839,0,2410.403856,2918.782521,45229.9153,3,596,0.053292247841109704,True,False,False
5587546,0,3616.54203,5325.083492,55491.91655,3,599,0.06517241167443513,True,False,False
2258541,0,3095.477874,4733.760901,79670.08558,4,630,0.03885370338772517,True,False,False
4553299,1,4056.431104,4883.645915,57175.29058,5,621,0.07094727569987978,True,False,False
3171216,1,2060.105481,3162.686149,36255.96166,5,585,0.05682115124456473,True,False,False
5763357,1,3899.167629,9425.908516,94343.22848,5,611,0.0413295971721658,True,False,False
7390607,2,3847.073855,7564.033134,66455.52274,5,503,0.057889452921034985,True,False,False
6395620,1,5674.409904,7347.702549,77380.82735,4,704,0.07333095416948911,True,False,False
4631797,1,6391.747925,9243.80778,86854.57221,6,659,0.07359138111400526,False,True,False
2755544,3,6036.847356,15613.27431,101065.8075,5,612,0.05973184705420773,True,False,False
7871276,0,3549.975072,4991.773894,53984.58242,2,684,0.06575905402733687,False,False,False
2506588,0,4639.071199,5395.092038,62492.13094,3,676,0.0742344856739494,True,False,False
2881001,1,5218.905681,9594.019745,74402.80237,4,682,0.07014393967376044,True,False,False
1434948,1,2876.023213,4284.388836,62833.66572,7,675,0.04577201059406852,False,True,False
5771517,2,4405.853719,9839.925232,70314.57837,5,702,0.06265917852505783,True,False,False
8553196,1,6083.822522,9500.812384,108910.5247,5,576,0.055860740169586205,True,False,False
5415691,1,5068.379471,7898.871986,86858.42444,5,685,0.058352192129631955,True,False,False
5520684,0,6281.507504,11998.54258,107376.5507,1,591,0.058499807109188506,False,False,False
2142229,1,3191.341542,10899.88621,88763.3137,7,775,0.03595338444423127,False,True,False
3302159,1,3097.726306,5869.772482,46601.89065,5,746,0.06647211653418186,True,False,False
2750017,0,3805.720036,3432.878103,65507.79457,4,752,0.05809568252115865,True,False,False
1116099,0,3125.289744,5105.159862,50863.96932,2,648,0.06144407889871699,False,False,False
7036694,2,3818.851667,13829.03551,86781.3997,5,679,0.04400541683127519,True,False,False
8074517,1,7805.324108,10853.97551,88718.7445,4,690,0.08797829761894342,True,False,False
5078926,2,2548.499487,5049.087629,40573.27614,7,724,0.06281226781407255,False,True,False
1351399,0,6690.32133,7080.700942,106180.8577,4,654,0.06300873316452783,True,False,False
2726781,3,2908.612032,10212.07128,46997.96164,4,678,0.0618880464280493,True,False,False
8010489,0,5496.258305,6310.08306,91097.23022,5,581,0.06033397823102333,True,False,False
8623033,0,5848.560949,1425.990898,79174.52652,3,654,0.07386922544491144,True,False,False
4423530,0,5752.468127,5273.843339,87018.61283,3,575,0.06610618050460136,True,False,False
1803069,0,7794.664165,8725.747837,127018.3265,5,666,0.06136645301337678,True,False,False
6391182,0,3696.534671,568.7609533,56876.09533,5,655,0.06499276452703702,True,False,False
7226076,2,3396.642532,11112.95386,79777.59521,5,690,0.04257639658175903,True,False,False
2184256,1,5257.663303,8302.536673,79552.84417,6,702,0.0660901990099143,False,True,False
2332067,1,2425.179696,8740.060955,82903.53055,7,658,0.029253032770870338,False,True,False
4937812,0,3214.452338,5403.217888,62049.38785,2,624,0.05180473892459199,False,False,False
8830583,1,3892.076759,6089.688578,62892.69669,5,710,0.061884399363318195,True,False,False
7521747,0,4746.450453,2720.604846,81683.79268,3,562,0.058107615932997105,True,False,False
7125694,0,2904.436456,3806.284655,45019.50894,4,751,0.06451506301125816,True,False,False
8402919,2,4922.795474,10858.33714,73276.38492,5,637,0.0671812000465702,True,False,False
3222319,1,1372.02178,2667.281821,31883.9976,6,616,0.0430316736694272,False,True,False
6759758,1,7315.070354,13891.70069,118068.7118,5,753,0.061956044429376085,True,False,False
6772195,0,4360.023923,2540.016675,78178.50854,5,699,0.055770108747587525,True,False,False
7278424,0,3983.685282,1079.934403,74243.66802,5,611,0.05365690284761876,True,False,False
3525051,0,2609.718104,2223.47518,41619.1143,5,724,0.06270479677170833,True,False,False
8588059,1,4963.270847,7576.295604,83596.47371,6,667,0.05937177283599083,False,True,False
8434792,1,3981.806767,8752.408769,80851.39903,5,692,0.04924845846541934,True,False,False
8304693,1,4105.254407,7235.1984,74186.23739,6,563,0.05533714272929782,False,True,False
7001817,1,3272.002721,5200.88004,54284.53387,7,641,0.060275044984926196,False,True,False
3665512,1,4680.583958,8399.632345,94563.33308,7,671,0.04949681663653136,False,True,False
3547346,1,3245.460621,4376.963189,42018.28377,6,661,0.0772392475324558,False,True,False
7745146,1,2495.799572,4835.521332,43542.65819,6,712,0.057318493535913353,False,True,False
2808070,0,2718.223058,531.9563635,48217.59837,3,610,0.05637408643088335,True,False,False
4944430,0,540.4289966,994.3233686,12122.98535,6,691,0.04457887071520712,False,True,False
2664159,1,3133.947475,8395.364247,65640.61526,4,621,0.047744029555276894,True,False,False
2001484,0,3079.401838,4112.713395,52297.88818,6,672,0.058881953844890415,False,True,False
1449114,0,2326.463327,3901.499392,54058.54486,4,600,0.043035996122815355,True,False,False
7649167,0,5056.826665,5600.03184,90365.42083,5,692,0.05595975339409039,True,False,False
4485322,2,4764.584652,10473.01363,69678.97767,4,660,0.06837908378284621,True,False,False
6435481,2,4144.886918,8967.630098,52535.38788,3,600,0.07889704607240448,True,False,False
3129217,2,4495.397053,12001.29414,73816.75705,3,591,0.06089941136204384,True,False,False
2437702,1,5720.344503,10217.00208,89321.99075,6,715,0.06404183846518222,False,True,False
3858747,1,2286.8943,3628.561857,34813.5786,6,628,0.06568972199830098,False,True,False
5580684,0,3321.409278,3779.36349,60502.60119,2,647,0.05489696662081646,False,False,False
1269925,0,3873.883058,6417.802407,84764.40821,6,756,0.04570176492476217,False,True,False
1884834,0,5551.000139,801.4351937,80143.51937,5,591,0.06926324402317048,True,False,False
2865490,1,3566.340227,6286.149293,58786.73927,5,680,0.06066572617032311,True,False,False
3201686,0,3796.067044,5235.987076,76997.25616,4,627,0.04930132881763718,True,False,False
6527504,1,4007.655273,14558.64441,90084.90819,2,615,0.04448753241272521,False,False,False
6125803,3,5100.626366,14175.97457,86305.32285,5,655,0.05909978895351529,True,False,False
3921334,1,2627.482849,6417.184888,69323.86222,7,699,0.037901564697328256,False,True,False
2707600,0,3291.224341,3102.460848,50717.44967,3,597,0.06489333281572318,True,False,False
5922814,1,4407.029168,5099.851662,68536.2575,6,654,0.06430215667962319,False,True,False
4315219,3,3019.331422,8240.850508,48556.09662,6,570,0.062182334087298806,False,True,False
1532248,0,5210.41275,1143.757814,114375.7814,5,559,0.0455552100822631,True,False,False
8952715,0,5061.465439,9959.062585,89148.92028,2,667,0.05677539809907835,False,False,False
7705484,0,2149.0705,1594.604164,41471.13448,5,672,0.05182087557880572,True,False,False
7444989,1,5461.278743,7678.078716,85425.38169,5,632,0.06393039907996459,True,False,False
1235679,1,4421.929158,8352.473646,78040.79421,5,702,0.056661765205784934,True,False,False
1006458,1,3019.38131,6219.380482,60892.69605,5,692,0.049585278791412626,True,False,False
3538111,1,3398.86019,6765.741406,59864.80763,5,722,0.05677559695851644,True,False,False
3271070,1,4452.41422,6422.072535,103762.1726,7,626,0.04290980140868792,False,True,False
7595098,1,4250.859078,6010.114775,73057.85734,7,752,0.058184830937720464,False,True,False
5964098,1,5507.048945,11738.15204,80283.68117,2,651,0.06859487338826518,False,False,False
7207713,0,701.5651435,1194.161485,16171.51381,4,602,0.043382774905474354,True,False,False
6950739,3,5292.521439,17678.93911,91770.41812,3,678,0.05767132314990045,True,False,False
2128742,1,2807.830668,7111.428816,58712.62982,5,721,0.047823282258147706,True,False,False
3667119,0,2644.775108,6200.778599,66667.77191,4,587,0.039670968928890965,True,False,False
7374222,1,4547.18015,5455.892634,77181.39464,5,666,0.05891549603644219,True,False,False
1080161,3,3839.602971,17367.95517,82373.57264,6,629,0.04661207287658077,False,True,False
2850304,0,4236.926034,1977.516872,62866.13533,3,583,0.06739599963890448,True,False,False
3200059,1,5953.803062,7774.540459,96148.93138,5,633,0.06192271694075692,True,False,False
1692419,1,3399.063901,8026.601614,67468.24776,6,601,0.050380201262840686,False,True,False
5890803,1,4011.680045,6269.162797,57820.1567,6,684,0.06938203342849121,False,True,False
8261233,2,5405.205084,9767.715139,69472.13138,5,618,0.07780393341373831,True,False,False
3658138,2,2517.160169,5416.93419,40019.18765,5,661,0.06289883220555578,True,False,False
4832777,0,3689.903588,4145.849315,71507.19573,4,616,0.05160185000027828,True,False,False
7291343,0,4557.023144,4075.51152,59485.44882,5,572,0.07660735918441709,True,False,False
1279600,1,3079.55134,4606.951938,54592.43358,7,605,0.05640985642245114,False,True,False
5688081,0,2702.653358,2269.628939,46850.75726,2,628,0.05768643915404666,False,False,False
2114595,1,2481.74153,5350.034409,54087.20915,6,620,0.045884074423536786,False,True,False
1740729,2,4981.331055,12635.53592,98667.25164,9,739,0.0504861640737194,False,True,False
3262571,0,6259.442011,6521.375768,91702.0046,4,626,0.06825850796068639,True,False,False
8708862,1,4840.811828,9187.65501,101709.2275,5,668,0.04759461798094967,True,False,False
8420936,2,6018.861583,11529.46502,88866.41751,6,665,0.06772931498361241,False,True,False
6043153,0,4389.062895,5256.680268,64356.6402,4,603,0.06819906821363245,True,False,False
5814610,1,5308.089614,11037.78326,113563.8991,6,732,0.04674099477093421,False,True,False
1650194,0,5021.799174,6011.51424,73373.25568,3,649,0.06844182021718352,True,False,False
4931828,3,3988.200833,14522.65613,76533.40734,5,707,0.052110587671634685,True,False,False
6989501,0,4111.858579,4821.554276,48639.31861,3,636,0.08453775045595771,True,False,False
1230483,1,3691.15245,5321.153174,59245.44499,5,578,0.062302721342088446,True,False,False
6928881,1,5223.989125,7286.720638,80991.62193,5,667,0.06450036436503304,True,False,False
7345699,0,5642.955962,2862.650443,82219.34481,5,741,0.06863294733180203,True,False,False
3955963,3,2431.534589,10622.78665,58988.61721,6,579,0.04122040325752535,False,True,False
7083271,0,5008.320014,2648.438146,79591.60338,2,587,0.06292523081974379,False,False,False
5676192,0,3459.848269,3998.004401,47387.33592,2,652,0.07301208649587237,False,False,False
5719293,1,2228.916315,3358.027587,33726.6045,5,691,0.06608777693586082,True,False,False
3974195,0,5221.616717,6421.898228,74618.74746,3,611,0.06997727641835708,True,False,False
3338235,1,3018.208677,3682.480608,44985.90736,7,641,0.067092315218781,False,True,False
4467389,0,2538.451774,2424.226501,39236.04456,7,610,0.0646969337115056,False,True,False
7420970,0,5264.29991,5645.256934,91111.76592,4,594,0.05777848620146687,True,False,False
8103727,1,3409.918782,5024.837221,61587.24598,3,584,0.05536728794639309,True,False,False
3832882,1,4504.946535,7617.872219,73955.3173,5,671,0.06091443725034225,True,False,False
2436221,1,5485.843693,9819.734342,72776.80765,3,669,0.07537900974418461,True,False,False
3517462,3,4818.645376,14378.07594,82582.88986,7,672,0.05834919780803128,False,True,False
3319297,1,2754.354418,6672.483701,49824.74481,3,663,0.05528085348963376,True,False,False
7058083,1,4464.593216,6964.459533,68576.74185,5,711,0.06510360649337264,True,False,False
5144583,0,3809.056144,1577.715356,48374.91132,6,666,0.07874032303238959,False,True,False
3320095,1,2371.159374,5017.605803,49296.08116,7,628,0.04810036250759856,False,True,False
1467435,2,3234.606878,10648.38421,70272.40512,6,639,0.0460295456299874,False,True,False
8702167,0,4282.031193,3886.733054,60487.31833,4,647,0.07079221415700013,True,False,False
3570277,0,3981.823688,4790.317178,55229.75296,2,523,0.07209562734933515,False,False,False
8699927,0,5049.167648,5267.98726,83754.20631,4,613,0.06028554111433499,True,False,False
2013058,3,6021.150597,15233.88447,91701.01124,7,722,0.06566067828021478,False,True,False
3158347,0,7280.506879,6957.9125,113563.3412,4,569,0.06410965723681966,True,False,False
6050875,0,3297.17031,5848.1412,73519.80079,5,592,0.04484737818343591,True,False,False
2077209,1,2184.546776,5790.74424,53783.23125,5,809,0.04061761863740755,True,False,False
7672737,0,5298.694026,5946.252073,105333.6841,6,668,0.05030388969372429,False,True,False
2918834,1,3398.20018,8091.235152,71626.82402,5,643,0.0474431224125076,True,False,False
7612560,0,5368.058298,5355.09085,73124.34503,3,607,0.07341000176887329,True,False,False
5887188,2,2696.300768,5758.061609,50548.82075,8,743,0.053340527592822234,False,True,False
6448259,1,3192.162431,7590.261497,70856.34064,6,632,0.045051189521886664,False,True,False
5369590,0,3885.381657,6371.889573,61724.55755,2,669,0.06294709611895792,False,False,False
1852648,1,5263.523355,7133.498967,88453.09226,5,721,0.05950638039344448,True,False,False
6231319,0,4930.567228,4233.09614,79646.32885,6,576,0.06190576890600777,False,True,False
1372709,0,2657.701707,5247.59218,64945.31946,4,723,0.04092214387577054,True,False,False
3429061,0,2600.071539,2380.619153,63243.52163,8,638,0.04111206131454005,False,True,False
3331844,0,3325.862387,3827.4871,63787.18927,6,594,0.05213997395185743,False,True,False
6320642,1,4526.76083,6403.401769,84359.1062,5,668,0.05366060682610694,True,False,False
5997517,0,5633.218061,3338.468839,76416.23381,4,619,0.07371755686110278,True,False,False
6705701,1,2459.388917,4091.98265,46626.56126,5,643,0.052746521522054876,True,False,False
6647003,0,3803.410617,3656.571954,72536.64303,3,664,0.05243433467726056,True,False,False
8541363,0,4818.129443,1198.314417,69683.62098,6,682,0.06914292591630475,False,True,False
1405900,0,3005.328746,4216.415038,62959.18911,5,712,0.04773455294586465,True,False,False
3802810,2,3619.857951,11012.95755,61770.64478,3,601,0.05860158921591881,True,False,False
2581694,2,2591.898318,6586.333125,51576.42986,8,649,0.05025354265573434,False,True,False
6008982,1,3233.882897,5557.411954,55825.08779,5,679,0.05792884570401497,True,False,False
5235387,0,6286.621025,4086.45549,100115.2681,4,594,0.0627938289963986,True,False,False
1983741,0,5340.756247,5159.331457,81700.69135,3,584,0.06536978033785024,True,False,False
5712632,3,2386.91116,8930.854907,54004.0978,6,595,0.044198704491643225,False,True,False
4038201,1,1986.605137,4788.314413,42719.5782,5,654,0.04650338839253801,True,False,False
7579309,0,3773.968445,3345.906836,59673.43424,4,741,0.06324369450267456,True,False,False
4780712,0,4404.808432,7498.529638,88135.15989,3,631,0.04997787985518568,True,False,False
4885616,1,3606.37599,5177.226607,52345.81827,5,662,0.0688952070898633,True,False,False
7421137,1,3765.702192,3886.212534,52646.16552,7,734,0.07152851788549405,False,True,False
4335142,0,2901.21805,3568.876304,73731.40837,6,660,0.03934846918210305,False,True,False
5725050,0,3934.146792,4753.884367,59511.80417,4,758,0.06610699922257121,True,False,False
8124376,0,1056.973813,1463.576575,18677.41524,3,657,0.05659101109110428,True,False,False
6912459,0,2439.052377,5306.977448,68193.15135,5,661,0.03576682304182735,True,False,False
3116018,1,6229.597471,6301.776108,98775.4535,5,592,0.06306827506491783,True,False,False
2801528,0,1124.556095,1112.63854,29764.67203,8,649,0.03778157185359048,False,True,False
3023946,1,6306.596397,10241.89136,86997.38515,5,667,0.07249179255360642,True,False,False
8745894,2,4790.591229,15897.45336,86728.42813,2,622,0.05523668919514176,False,False,False
6857059,1,3936.868861,7176.363431,66762.61646,3,627,0.05896816316896038,True,False,False
4549668,0,6239.579763,7222.054207,84466.72446,4,663,0.07387027025008897,True,False,False
8919468,0,6122.534809,3308.52031,86757.74902,4,560,0.07057046636362811,True,False,False
4554149,1,2733.57669,5875.810008,46077.66183,5,690,0.05932542107030781,True,False,False
2863069,0,5553.450552,6948.724696,81301.67389,5,685,0.06830671850020872,True,False,False
4046170,0,2511.252965,1069.213887,30259.01822,4,656,0.08299188515442851,True,False,False
7247970,0,5700.163363,5352.230003,80860.26699,3,698,0.07049399631224244,True,False,False
6365115,1,3534.085546,7796.638563,54921.05902,2,732,0.06434845957200189,False,False,False
7720454,1,891.7668726,1569.392461,13921.14387,6,589,0.06405844813670473,False,True,False
1544991,0,1728.442117,1257.754991,28722.41666,5,526,0.06017746130001305,True,False,False
6167360,1,6413.848352,11848.66065,97065.74937,6,746,0.06607735883799111,False,True,False
7800395,2,3593.316487,12086.78913,84103.10424,6,594,0.04272513505263691,False,True,False
4980191,1,2320.984454,4643.930329,41959.64386,5,677,0.05531468431295689,True,False,False
7738914,2,5098.239865,10091.70998,84752.7774,6,583,0.06015425123991275,False,True,False
8674460,0,5472.179581,7620.65643,90381.26612,3,600,0.060545507005119174,True,False,False
7486869,0,3109.503315,3030.364969,66510.86272,4,511,0.04675181147612694,True,False,False
4580778,0,7179.330435,9808.671634,106704.3437,3,584,0.06728245717142253,True,False,False
3432373,0,4398.243607,5384.026013,85997.24558,3,589,0.051144005570602606,True,False,False
8117940,0,3527.358237,5140.771361,67805.33724,4,719,0.05202183752165054,True,False,False
1114037,0,4127.262094,4783.533305,69195.34387,6,637,0.05964652913285681,False,True,False
1581520,2,4643.097754,12941.76494,73160.52938,2,558,0.06346451827710928,False,False,False
7007589,0,3276.308396,3498.519342,57926.41688,7,710,0.05655983180846797,False,True,False
5533610,0,4699.192759,4781.741395,64186.13564,2,700,0.07321195943865985,False,False,False
1108389,0,4893.018066,5218.365511,93045.35415,2,622,0.05258745168632366,False,False,False
3017739,0,2337.459652,682.5005136,68250.05136,6,561,0.034248467296684536,False,True,False
7351888,0,4457.03839,6826.391121,78611.89699,5,637,0.05669674134141512,True,False,False
6228225,0,4410.664052,4621.407738,70495.1106,4,740,0.0625669498843229,True,False,False
3728923,0,5847.17646,9329.043253,85508.58746,3,743,0.06838116069611425,True,False,False
2451750,0,6041.636955,889.71418,88971.418,1,595,0.06790536883429238,False,False,False
5672780,1,2857.099578,5640.536017,69348.77912,5,660,0.04119898885395114,True,False,False
7501610,0,3575.565797,4333.964529,60643.91033,4,649,0.05896001391637175,True,False,False
4038498,1,3485.793496,10845.86733,98456.87972,5,651,0.03540426535873566,True,False,False
1247396,0,5498.35533,6223.446622,74146.14416,4,705,0.07415564750252011,True,False,False
5707683,1,2762.079614,4414.089267,46795.24698,5,609,0.05902478974372111,True,False,False
3730111,0,4646.638181,6837.081249,67883.47787,2,671,0.06845020801524823,False,False,False
2560167,1,2624.471044,6642.994478,56731.8716,6,640,0.04626096354628286,False,True,False
6702025,0,3041.441958,827.0614101,82706.14101,4,624,0.03677407651787621,True,False,False
7831313,1,6034.374826,9755.341719,99694.69927,5,612,0.06052854234162735,True,False,False
6892958,0,2569.884092,497.6568497,49765.68497,7,667,0.05163968090762119,False,True,False
1555905,0,3901.990317,4862.100959,68943.28048,3,632,0.0565971083742083,True,False,False
6993441,1,4546.526373,8893.496284,81875.94971,7,661,0.0555294489908641,False,True,False
1415081,0,5767.942839,6075.253581,68460.18003,3,610,0.08425252221762233,True,False,False
6374734,1,6867.27928,8819.705857,91542.48889,6,657,0.07501739753058183,False,True,False
6808176,1,4757.167964,10907.72235,90042.83732,7,661,0.05283227523243933,False,True,False
2579646,1,4102.243668,10669.64943,97414.27582,5,650,0.04211131924421466,True,False,False
1287536,0,2598.616517,3822.22882,59009.58282,5,660,0.04403719519466347,True,False,False
1796128,0,3630.893665,959.3568767,95935.68767,7,687,0.03784716358618874,False,True,False
5996875,0,5528.320021,5145.682552,80826.25796,4,635,0.06839757475517304,True,False,False
6891209,0,3136.403561,3087.738958,57318.21955,6,628,0.054719137922001275,False,True,False
3675633,1,4504.395125,6441.20694,69098.53293,8,752,0.0651879994263143,False,True,False
8904188,0,5301.504204,5487.776595,92893.22428,3,634,0.05707094618677607,True,False,False
7661016,1,4251.720703,7932.409956,81648.411,5,519,0.052073526611558923,True,False,False
5671691,2,3927.019677,8764.059177,52286.62737,5,602,0.07510562211654845,True,False,False
3075077,0,3423.943271,2032.487521,53734.12458,6,680,0.06372009031062546,False,True,False
2175423,1,4891.8562,11372.4309,89228.87641,3,589,0.05482368933485487,True,False,False
7795454,2,3857.669274,10186.83597,67090.71331,5,620,0.05749930331155097,True,False,False
4728691,0,807.1775384,789.2136075,12990.58818,6,731,0.062135565165764496,False,True,False
2197571,1,3871.001218,8398.269683,65080.74058,5,590,0.05947998107430264,True,False,False
1885759,2,3099.465151,7070.566891,65653.14943,8,658,0.04720969485713215,False,True,False
2299857,0,1421.030658,1834.619953,27907.95134,3,549,0.05091848701782923,True,False,False
4884976,1,5222.306769,10538.66122,80918.45697,4,703,0.06453789363452811,True,False,False
1713636,0,5605.337069,6598.432026,93191.4778,6,656,0.06014860158167811,False,True,False
2948058,0,6183.67344,4280.400011,98514.28468,4,619,0.06276930761956176,True,False,False
4871087,2,5872.348053,10641.32316,88164.80104,5,704,0.06660649129504347,True,False,False
8056437,0,4841.466274,5764.415969,68771.95206,4,716,0.07039884907987008,True,False,False
4253085,0,3020.333001,809.9344758,61305.5483,5,576,0.04926687852492463,True,False,False
4279565,0,5628.189808,6788.637558,79463.76781,5,630,0.07082711986999096,True,False,False
2465478,0,2845.488935,6069.016398,63188.47881,3,687,0.045031768268326826,True,False,False
7649501,4,3422.483422,15236.00022,66070.07001,7,688,0.051800814218631704,False,True,False
2633268,1,2468.336583,3028.651083,33345.39387,6,546,0.07402331466297957,False,True,False
5189289,1,3197.777687,4815.038815,60984.36684,5,716,0.05243602340563383,True,False,False
1326706,0,2472.72656,2935.391201,49678.08507,5,625,0.049774997496698,True,False,False
3264131,3,2470.697454,9200.653077,43361.77501,4,651,0.056978697330314854,True,False,False
6711687,3,2844.869116,8170.877967,44451.98773,5,692,0.06399869300062906,True,False,False
3708439,1,2405.917889,4318.878655,44047.44769,6,625,0.054621051052322615,False,True,False
8529175,1,3340.745835,6113.098149,71445.84452,7,766,0.04675913424278745,False,True,False
6063023,0,2943.877958,4964.084064,48526.78476,4,616,0.06066501155103522,True,False,False
7479032,1,5514.359004,8768.688481,86518.75278,5,628,0.06373599742037336,True,False,False
1842615,2,4780.711783,14216.07428,76300.04616,3,560,0.06265673513453612,True,False,False
8398144,0,6788.688991,3875.452202,106342.0612,7,714,0.06383823027684553,False,True,False
3905908,0,2695.857017,1616.949298,46250.61802,1,633,0.05828802148836669,False,False,False
8077521,1,3671.756218,5468.340906,69516.13982,5,675,0.052818758744478285,True,False,False
7995722,1,3076.653512,5280.062857,60904.12452,6,589,0.050516340826632734,False,True,False
1632918,0,4122.726132,2099.926931,59034.43699,2,608,0.06983595240686989,False,False,False
6848955,1,2712.836462,5264.081275,61491.72917,6,539,0.04411709507306412,False,True,False
2568462,0,5660.583709,5478.787174,89004.25361,4,698,0.06359902453430619,True,False,False
3395155,0,3969.480727,4531.439358,71785.02398,4,558,0.055296780678180675,True,False,False
6178421,0,2810.51433,2861.9268,41729.75557,5,712,0.06735036646177987,True,False,False
6605311,1,4190.038187,8359.675253,82577.0122,6,665,0.05074097591290667,False,True,False
2341779,4,5585.006103,21907.71492,96828.71406,7,712,0.05767923448347404,False,True,False
2007313,1,2649.589144,3473.633097,36836.93473,6,615,0.07192751414905797,False,True,False
7288129,3,3592.238311,10981.40889,66512.99154,7,678,0.05400807012025128,False,True,False
6117750,0,2149.635143,2598.18853,33514.12489,4,722,0.06414116883718518,True,False,False
6528342,1,4152.407002,7020.909424,66067.47544,3,585,0.062851001560837,True,False,False
7043122,1,2653.087888,5806.648294,48250.98689,7,609,0.054985152822850374,False,True,False
3223889,0,3065.168398,2839.632485,74801.84825,6,643,0.040977174624826196,False,True,False
6752397,1,6942.267139,11668.2802,98394.2524,4,589,0.07055561650875453,True,False,False
3335207,1,2323.518527,7000.39688,54771.54162,5,702,0.04242200343967605,True,False,False
4301875,0,5911.151595,9885.583692,102657.0635,2,720,0.05758153792310648,False,False,False
2031627,1,5835.233852,9110.370569,85126.15475,5,718,0.06854807278840468,True,False,False
7400126,1,2542.80451,4861.409417,49813.29858,6,613,0.05104670002762945,False,True,False
8925699,0,4372.81312,5766.080428,75490.44866,4,749,0.05792538258309512,True,False,False
2061624,0,5817.634733,4366.955785,75914.07591,3,665,0.07663446683981376,True,False,False
8897409,1,5015.649756,8567.868017,95562.83119,5,646,0.05248536165727218,True,False,False
5433156,0,5405.945246,815.4583601,81545.83601,9,640,0.06629333281146406,False,True,False
7057508,0,4759.640329,1858.122818,76166.58571,6,652,0.06248987380269431,False,True,False
5958488,2,4517.910858,12418.77352,79237.71161,4,649,0.05701717990338616,True,False,False
2531181,0,2214.404575,2382.852103,32042.08554,3,623,0.06910925233738703,True,False,False
2369556,1,4844.499042,7665.958629,70109.75543,4,646,0.06909878678491348,True,False,False
7603273,4,2515.370362,8792.533685,46334.40711,7,682,0.054287310853646964,False,True,False
3845963,3,3080.956858,7844.494229,43869.56169,4,610,0.07022994393632839,True,False,False
2592125,0,3861.363212,3820.252567,58560.47231,4,688,0.06593804762296325,True,False,False
3745004,1,3223.731929,7291.235656,56484.03406,4,708,0.05707333023656916,True,False,False
1019036,2,3061.936828,8708.095031,71677.99347,8,664,0.042717948421387354,False,True,False
6382599,1,2782.767309,7637.555893,63627.0628,6,609,0.04373559278929971,False,True,False
4891416,2,4664.644228,17052.48721,96280.56149,2,531,0.04844845268672934,False,False,False
3415035,1,5056.251809,7300.368723,74777.93847,6,641,0.06761689226065663,False,True,False
2911102,1,5137.404008,9549.713131,73630.54768,3,577,0.06977272572149365,True,False,False
7523224,1,6386.483758,10240.97563,92186.37869,4,755,0.06927795460407624,True,False,False
7042720,2,2933.146038,7275.636783,40116.05793,3,662,0.07311650718817275,True,False,False
8492828,3,3436.328124,12265.77486,66536.89201,7,679,0.05164545592967501,False,True,False
8791519,0,3096.574327,3500.310501,58478.87425,5,665,0.052952016719097494,True,False,False
7686462,0,1876.407854,2416.882285,39452.29703,3,635,0.04756143482781641,True,False,False
8491700,1,2831.062536,7667.151577,71076.73072,5,660,0.039831074211230964,True,False,False
1906042,1,5066.455657,8095.410062,78217.27734,4,787,0.06477412445560841,True,False,False
4060256,1,4802.444448,8345.895526,91379.51798,6,614,0.0525549330327076,False,True,False
7224937,1,2782.906815,10339.56528,85085.20525,6,707,0.03270729390407153,False,True,False
3845568,2,3415.795059,7661.045308,60028.91929,3,688,0.05690249132252869,True,False,False
8221874,0,3543.04204,1908.981198,60670.37683,4,679,0.05839822043511774,True,False,False
7336769,0,3617.917139,9033.092798,80817.17321,3,643,0.04476668751577089,True,False,False
4480045,0,3422.293439,483.9921607,48399.21607,3,589,0.07070968740589355,True,False,False
4329340,0,5209.760975,734.0702006,73407.02006,5,584,0.0709708822227322,True,False,False
4690507,1,5188.994387,9049.983156,80374.47639,5,602,0.06456022633132329,True,False,False
3335837,0,3269.579358,4039.230659,49179.04317,2,659,0.06648318363368436,False,False,False
5989471,0,4000.619381,5977.012426,66483.64717,3,570,0.06017448728061409,True,False,False
4564468,3,4273.784932,12408.1039,74471.1917,6,578,0.057388432149931605,False,True,False
3729137,1,6197.066416,6432.496054,83473.11034,6,665,0.07424027199607523,False,True,False
3859568,1,4866.238117,10468.18076,79589.3264,4,658,0.06114184322333955,True,False,False
8157559,0,5388.866878,1515.395984,86100.22953,4,592,0.0625882986307528,True,False,False
2725587,0,4666.030644,2868.036196,68800.0631,5,731,0.06782015064750718,True,False,False
8968716,0,5115.95382,5435.56602,77202.98155,5,656,0.06626627258801768,True,False,False
2253273,0,3686.700023,621.5534035,62155.34035,5,621,0.05931429225936175,True,False,False
7489012,1,3713.969038,6197.828848,69246.90511,7,631,0.053633718822527744,False,True,False
4921889,1,3560.425921,5957.173404,52426.93632,5,688,0.06791214919117364,True,False,False
4622248,2,2728.174595,6733.921783,36955.5173,3,522,0.07382320135997664,True,False,False
4429375,2,2737.911979,5591.914804,42262.00019,5,749,0.06478424983888582,True,False,False
2268150,0,4213.883013,3568.718442,71876.3255,5,687,0.0586268563909823,True,False,False
7962400,2,3147.204608,8843.270579,57186.44973,6,651,0.055034096763467676,False,True,False
2993693,1,4420.401612,9143.962514,90164.25149,5,718,0.04902610002247133,True,False,False
5243710,1,2225.120042,3983.865572,45328.08159,6,606,0.04908921719049526,False,True,False
7520610,1,1381.082208,2124.888517,28745.37575,6,588,0.04804536980178455,False,True,False
3231416,2,4011.568515,10694.50826,89683.44657,7,653,0.04473031165086723,False,True,False
7346748,2,4441.183476,13147.43821,79070.3657,5,607,0.05616748369231332,True,False,False
4232167,3,1915.475828,8076.771158,44572.8287,4,713,0.04297406926745038,True,False,False
4150800,0,2965.997418,3110.794556,50536.88414,6,679,0.05868975637246321,False,True,False
2737258,0,5240.3088,5996.375009,97969.79161,3,592,0.053489026707954225,True,False,False
7849721,3,3383.747387,12539.47601,62273.69171,4,639,0.05433670775064445,True,False,False
8266603,0,3409.854536,4120.843862,66530.31722,3,633,0.051252642080818867,True,False,False
7680418,0,5459.567829,1070.669251,76541.40552,7,670,0.07132829338459735,False,True,False
4159476,3,2669.65258,7511.787518,39076.15827,5,623,0.0683192181164231,True,False,False
8612359,0,2668.229901,3335.110492,54074.55159,3,567,0.04934354187956753,True,False,False
3598718,3,3017.800839,8872.944898,47955.71973,4,604,0.06292890307956599,True,False,False
5647158,1,5050.294751,8271.918182,77954.06858,6,744,0.06478551848537782,False,True,False
6560741,1,3374.892884,7543.16784,60190.20666,5,632,0.056070465135033644,True,False,False
3180733,2,6144.508531,14620.81302,94527.60831,5,623,0.06500226379206907,True,False,False
2969166,0,2732.199724,3782.314412,69517.18526,3,677,0.03930250791629937,True,False,False
1313687,0,3698.191623,3456.551537,72752.88416,6,692,0.0508322338790974,False,True,False
1921293,2,4169.852485,14385.38256,72283.4941,2,699,0.05768747812925663,False,False,False
8769436,0,3659.742622,1058.1706,68320.8814,4,682,0.053566970258671166,True,False,False
8598914,2,3237.576166,6484.197539,53868.59886,6,715,0.0601013621017727,False,True,False
4602080,1,1297.181782,1562.035951,18604.88889,7,609,0.06972262987806535,False,True,False
4206729,0,3956.154042,1110.809204,52877.89654,5,666,0.07481678169643773,True,False,False
5410757,1,5468.915375,8965.639638,94362.74354,5,603,0.057956298956926236,True,False,False
8092374,1,4857.82807,4128.559281,62788.23739,6,603,0.07736844147776131,False,True,False
6130166,1,2199.707833,4088.596778,45176.79245,5,626,0.04869110252646987,True,False,False
3412239,0,6258.512116,6567.33181,114506.5644,2,579,0.05465636095881329,False,False,False
2802189,0,5675.221082,7683.780359,101059.673,4,589,0.056157128887602874,True,False,False
1994799,0,6352.241629,4915.063912,79181.79779,3,724,0.0802235085119807,True,False,False
2166292,3,3766.578419,9984.926803,53539.50183,4,685,0.07035139084707467,True,False,False
6047536,1,4818.341055,8155.135738,68945.17436,6,695,0.0698865598604601,False,True,False
5200250,2,2541.860839,9936.011517,58182.43576,5,737,0.043687769441022796,True,False,False
1203488,0,4561.099208,4995.597425,70792.49621,4,628,0.06442913376680322,True,False,False
6636939,3,2717.641901,14854.60794,82576.27405,5,563,0.03291068690450317,True,False,False
3294747,0,7479.461413,5392.548488,83986.39207,4,661,0.08905563423615227,True,False,False
1121808,3,2596.69212,10270.8521,55666.05492,6,568,0.046647676465160215,False,True,False
5933397,1,4161.919208,5393.605755,57312.23888,6,771,0.07261833230270763,False,True,False
1631121,0,2540.939309,3115.626093,38022.93569,3,586,0.06682648940408525,True,False,False
2496106,1,3590.214718,7425.52945,58614.59262,6,712,0.06125120993803471,False,True,False
5966805,0,3573.094923,1218.010682,84270.77697,7,718,0.042400165887541356,False,True,False
1703366,0,3958.160577,616.0311459,61603.11459,6,635,0.06425260481298013,False,True,False
6521436,2,2530.606104,12504.9195,68970.79016,3,636,0.03669098321375531,True,False,False
7531894,3,6164.738033,19622.36086,102390.3331,5,602,0.06020820370785569,True,False,False
4000639,0,5740.595124,2581.281227,91947.97899,3,697,0.06243307560489536,True,False,False
8538322,0,6065.616733,4673.789485,91887.08788,3,609,0.06601163311347287,True,False,False
4538433,0,3439.577355,968.1778914,96817.78914,2,626,0.03552629517315582,False,False,False
5688032,0,5766.310718,9517.063373,91858.68173,4,518,0.0627737151176293,True,False,False
6964790,0,3839.597008,3233.801366,59631.42887,2,638,0.06438881443492736,False,False,False
6164422,0,4624.850354,5567.066019,82464.87215,6,622,0.056082671729455906,False,True,False
4856726,2,3204.099446,7695.421828,52478.32277,5,653,0.06105567550325123,True,False,False
4951317,1,3758.576382,7902.422849,76117.90651,5,697,0.049378346756110754,True,False,False
6394895,0,2325.233334,4310.856122,43451.28607,3,692,0.05351356759047477,True,False,False
8948058,0,5721.439394,1458.249756,83729.09899,4,649,0.06833274767095401,True,False,False
7707446,0,4861.880669,1306.559795,69241.19342,5,581,0.07021659259263531,True,False,False
7053631,0,4289.952709,6628.58962,68516.1692,3,673,0.06261226742664999,True,False,False
2200226,1,5132.817834,7930.057622,73976.88398,3,618,0.0693840772664564,True,False,False
5632979,0,4844.569918,6550.220353,81071.25572,5,652,0.05975693696828802,True,False,False
1890282,0,4190.015732,4996.547499,65163.89977,3,600,0.06429964668764329,True,False,False
6087786,0,2579.144518,1278.488355,46837.15592,4,647,0.055066206889361445,True,False,False
2954058,1,6425.61713,7976.772773,83239.1373,3,579,0.07719466273228662,True,False,False
5987233,0,2108.723112,1926.543763,31960.07758,3,677,0.06597991218017563,True,False,False
6272446,0,3735.659518,9456.923522,98163.48007,5,503,0.03805549187270169,True,False,False
5270916,1,5106.11643,7993.799746,92583.53707,9,692,0.05515145123629699,False,True,False
4824778,0,4598.107527,4703.260192,76618.16172,6,591,0.060013284367272074,False,True,False
8399441,0,4545.342262,6554.99744,81556.14511,5,547,0.055732676622581974,True,False,False
8830400,1,3260.693946,5751.344937,51291.19529,6,694,0.06357219650593172,False,True,False
5925587,1,7019.336502,9952.827512,110965.3861,5,713,0.06325699165029985,True,False,False
6925109,1,3393.387815,6938.539207,61556.6502,5,714,0.055126258559794084,True,False,False
1617987,0,5465.042881,4614.327075,83454.52049,4,615,0.06548528286918685,True,False,False
4828315,0,4089.106626,7426.530774,77288.87898,2,703,0.05290679176570973,False,False,False
7839772,2,4438.106232,11551.6135,69600.69612,2,609,0.0637652563754272,False,False,False
7337914,0,5574.552313,4839.809429,79610.88151,5,553,0.07002249199187394,True,False,False
6952424,1,4474.503208,7285.728217,96443.05676,8,655,0.04639528607160252,False,True,False
6234743,1,4326.381097,7591.76935,68634.79158,6,720,0.06303481073381297,False,True,False
5048086,1,3884.599459,6469.556288,70026.2534,6,597,0.055473472739011334,False,True,False
6249665,0,4575.249304,5642.386621,71520.56578,5,668,0.06397110053734253,True,False,False
7662017,0,3420.828745,3552.974616,62838.86515,5,751,0.05443810509362771,True,False,False
5741355,0,5656.088812,7006.064522,85489.36362,6,633,0.06616131612748108,False,True,False
7820512,0,3102.510334,4574.620647,53175.67369,4,651,0.058344542131930625,True,False,False
5733569,1,3719.211252,7420.545923,59494.52899,3,563,0.0625135002350407,True,False,False
7395941,2,2410.959705,4442.364482,40848.98877,7,667,0.05902128247469956,False,True,False
4034150,0,5056.59873,7618.812873,89340.89842,3,524,0.05659892411455783,True,False,False
3125934,1,5389.818324,10728.47519,90343.12947,6,703,0.0596594157809176,False,True,False
1550241,1,4281.64628,7378.509081,68063.92775,6,692,0.06290624742854338,False,True,False
2778060,0,3446.169519,5675.628627,66417.83766,5,664,0.0518862046765405,True,False,False
3999250,0,2760.651417,3394.714314,44313.20455,3,629,0.062298618324591465,True,False,False
2132897,1,4120.470548,7909.297158,70682.91706,6,643,0.0582951400336561,False,True,False
1859745,0,5778.073297,4301.086362,80799.93346,3,748,0.07151086702144915,True,False,False
3972508,0,3764.638576,813.3494618,55589.75997,3,672,0.06772179944708619,True,False,False
4857644,2,3599.253309,5740.888501,52190.16077,7,656,0.06896421194910222,False,True,False
7377181,0,5286.525825,2782.248759,79357.65208,5,609,0.06661645961590047,True,False,False
3119185,1,4694.803137,4868.535189,77685.717,7,654,0.06043328578662664,False,True,False
5142332,0,4780.8976,7082.266251,107407.3197,4,593,0.0445118415891352,True,False,False
1687054,1,5258.120104,10302.84278,87106.08143,6,647,0.060364557992721994,False,True,False
2571499,3,454.3381235,1542.679364,8253.372706,6,625,0.05504878304716656,False,True,False
1326443,0,4917.211867,7313.751921,93533.48746,3,608,0.05257167246225975,True,False,False
4236898,0,2093.909893,317.7120504,31771.20504,4,732,0.06590590096799173,True,False,False
4210116,1,4264.586816,5945.091852,59730.31302,5,769,0.07139736258492489,True,False,False
2984335,0,5678.129268,2746.061052,75029.00213,4,526,0.07567912549552124,True,False,False
4661309,0,4721.474058,5811.149199,80809.2782,3,554,0.058427375706964296,True,False,False
1815900,1,4220.434244,7419.839743,86011.37032,5,600,0.04906832931853236,True,False,False
1794697,0,3940.402099,3906.331306,58575.96269,4,653,0.06726995030117873,True,False,False
8694197,0,3897.397,648.9588247,64895.88247,4,670,0.06005615228056548,True,False,False
3431147,0,3512.364697,722.591768,55469.98979,5,638,0.0633200891202111,True,False,False
8979445,0,6217.102005,4404.524101,80737.53377,4,617,0.07700386319342982,True,False,False
3910608,2,4386.489365,13308.09977,83060.91863,7,805,0.05281050868868774,False,True,False
1187833,5,1588.704981,10074.33696,45197.6317,8,761,0.03515018201716972,False,True,False
4738931,1,2859.181053,5701.907232,57965.40982,6,596,0.049325641997160295,False,True,False
8802088,1,4385.713684,3478.137979,69105.92298,6,668,0.06346364385103825,False,True,False
5828689,1,4706.893227,6977.840513,65568.30172,6,651,0.07178610858490905,False,True,False
8453336,0,4103.13279,4546.768641,83582.54248,5,571,0.04909078700234341,True,False,False
5165327,1,4288.78574,7546.938118,71062.83033,6,577,0.060352025384914056,False,True,False
4015073,1,4560.213324,7345.992466,69891.4905,6,736,0.06524704640545619,False,True,False
2415014,0,3781.946426,7017.17803,70053.08999,3,623,0.053986860915626544,True,False,False
1920388,0,5103.665974,5885.113519,70040.90888,3,697,0.07286692956460675,True,False,False
2830257,1,3308.601181,6647.475752,67790.89265,5,698,0.04880598339488011,True,False,False
6502199,2,3884.070447,8943.228758,68031.64963,6,646,0.05709211033576403,False,True,False
7425513,0,1415.543848,1704.384881,28603.16172,2,629,0.049489069140570524,False,False,False
4002638,0,4548.731774,7800.833268,101891.0107,5,635,0.044643111720551416,True,False,False
1144774,0,2632.090299,2954.25838,39756.74298,4,577,0.06620487750528502,True,False,False
1322627,1,4296.588674,5495.821113,75895.68373,5,633,0.05661176581905733,True,False,False
3238649,0,5953.864559,7690.464471,114999.545,2,563,0.05177294013641532,False,False,False
3882922,1,6601.986091,15148.54854,106465.2684,3,615,0.06201070255320936,True,False,False
1332765,2,4478.119914,13309.4711,94070.2901,4,654,0.04760397686920708,True,False,False
7284037,3,3253.733033,11796.35559,62614.30641,5,732,0.05196469017311279,True,False,False
2502694,0,5400.756047,7841.69302,90771.66924,5,583,0.05949825636367244,True,False,False
3028778,2,3446.997859,10851.06375,76641.54617,8,657,0.04497557827648925,False,True,False
2763185,1,7407.8572,8509.128924,118571.8725,5,617,0.0624756701889818,True,False,False
5573736,0,2966.921711,4857.329586,58210.72325,5,748,0.05096864538614026,True,False,False
8705451,0,3088.856253,4388.650021,58614.85106,5,634,0.05269750237594479,True,False,False
4076600,1,6454.5997,11517.38445,90394.77986,4,594,0.07140456240942938,True,False,False
5938514,2,4427.767815,8346.12473,72166.39321,7,656,0.06135498281195035,False,True,False
5816946,0,4885.879976,5378.457049,78738.14725,6,658,0.062052259884740946,False,True,False
5582141,1,2646.191534,7099.67484,59122.08331,6,670,0.04475809013909392,False,True,False
2162750,2,3258.207788,8555.655414,57319.82347,6,695,0.05684259983294048,False,True,False
1285458,2,4454.5364,8943.157316,60974.83054,6,569,0.07305533054458899,False,True,False
3121727,0,3034.911659,5829.031425,79336.35104,5,600,0.03825373387124713,True,False,False
1009032,1,2882.066459,6651.579182,56766.97113,5,539,0.05077012920770219,True,False,False
2404698,0,5061.906668,6462.326653,95197.20504,3,705,0.05317284962172036,True,False,False
4959606,1,5300.212884,8959.491808,78968.83932,2,585,0.06711777619678962,False,False,False
3519537,2,4616.665849,11658.74028,86020.92811,5,576,0.05366910065299922,True,False,False
2973250,0,7638.643598,1015.060407,101506.0407,4,551,0.07525309375996575,True,False,False
1210470,1,3651.214839,4619.348597,47198.17778,5,709,0.07735923314707258,True,False,False
4764001,0,2153.639574,3748.795628,48562.38006,6,654,0.044347899986350046,False,True,False
1739137,1,3225.368245,6866.411364,74095.71159,5,617,0.04352975598435709,True,False,False
7399286,1,3294.441113,5645.385081,87946.88522,8,615,0.03745944048795956,False,True,False
6031921,1,4665.79933,6209.219732,69550.21354,5,703,0.06708533435798276,True,False,False
8535318,0,2574.015993,2379.476072,57336.00387,6,615,0.04489353668309636,False,True,False
3962757,1,4921.348793,11012.51655,91044.53916,5,635,0.05405429955937623,True,False,False
8222041,1,1882.71947,4386.9177,44066.78102,6,650,0.04272423413785353,False,True,False
3017433,0,3580.811328,4047.682196,84490.93599,4,670,0.04238101147824673,True,False,False
7742743,3,3933.812609,11705.70203,65557.82858,4,560,0.060005230408136254,True,False,False
3627565,0,3508.03867,2785.912417,53250.95123,6,765,0.06587748366875511,False,True,False
3076393,3,4921.612545,12795.9136,69407.04713,4,607,0.07090940687595852,True,False,False
3588358,0,6157.470205,922.7272214,92272.72214,3,635,0.06673120790408275,True,False,False
5685820,0,4182.83156,872.1729641,87217.29641,7,641,0.04795873905947413,False,True,False
7275070,0,2230.301413,3403.542084,46152.79619,5,727,0.04832429662156078,True,False,False
5526783,1,2946.75845,4886.771321,64082.68312,7,624,0.04598369335569106,False,True,False
4335148,1,5977.204677,15661.20832,134889.1295,6,715,0.04431198198962356,False,True,False
6494144,0,5275.827903,4135.172281,79894.67745,3,521,0.06603478568771667,True,False,False
3898054,0,7175.374249,7956.044986,107797.1541,5,683,0.06656367052458206,True,False,False
4735997,1,4088.863146,7941.186275,71828.84737,6,537,0.056925083663638916,False,True,False
5670293,0,5292.927948,2804.893916,75518.84697,3,641,0.07008751007682393,True,False,False
8122470,0,2325.658812,5461.639233,72910.49556,6,721,0.03189744897682328,False,True,False
7854821,0,3233.243935,4247.77165,49765.05659,3,569,0.06497016494199469,True,False,False
4182456,0,2492.606451,4228.410783,51304.71935,5,635,0.04858435018415124,True,False,False
7535471,2,2354.897296,5999.819984,44992.5813,9,791,0.05233967974182446,False,True,False
1591671,0,4271.384169,4142.387739,53828.30753,4,685,0.07935200575681188,True,False,False
3868035,1,5324.313654,11119.71719,112420.3861,6,645,0.047360748692536286,False,True,False
3357892,1,2762.785258,4325.307754,53055.63541,7,685,0.05207336104166733,False,True,False
5521700,2,4714.701298,9889.826605,67234.68571,3,535,0.07012305104445174,True,False,False
4234559,1,4937.214998,8998.503869,72163.71477,3,593,0.06841686315256744,True,False,False
1224803,2,2994.778683,8795.221641,64373.47126,5,589,0.04652193868657938,True,False,False
8741466,2,4890.212039,12818.12215,86561.86902,5,693,0.056493836077755245,True,False,False
7391881,1,5363.493653,10733.4693,114421.9929,5,553,0.04687467432670455,True,False,False
8713854,1,5958.844136,8158.581037,81776.12661,7,642,0.07286777184273388,False,True,False
8765782,0,4189.807883,5127.716454,61171.2403,3,617,0.06849310006552214,True,False,False
6735771,1,4977.22736,10334.87321,82480.04108,5,677,0.06034462755871363,True,False,False
7134436,0,5319.431652,2457.148864,97679.63607,7,716,0.05445793889104936,False,True,False
7356184,1,5994.12368,9198.942343,95249.47962,6,661,0.06293077614611328,False,True,False
4386434,0,4093.635461,5023.437731,59554.69704,2,670,0.06873740719813425,False,False,False
6584082,1,3299.141181,8251.202469,69630.47118,5,650,0.047380710270816244,True,False,False
8921425,0,3953.695422,3925.00969,64051.19706,3,567,0.061727112114647494,True,False,False
5119030,0,2969.636484,3474.775282,40379.44864,3,732,0.07354326480471725,True,False,False
2679718,1,2959.781775,3092.587117,41715.45374,7,697,0.0709516859974109,False,True,False
7220281,0,7157.343328,5313.05678,129354.8337,3,733,0.05533108522716148,True,False,False
6429881,1,2729.064841,5616.121566,49443.00156,7,613,0.05519618054919723,False,True,False
2855487,0,7680.207805,3142.161336,111587.9802,6,590,0.06882647926089086,False,True,False
6635031,1,2689.125867,4405.23132,41990.4646,6,689,0.06404134587736855,False,True,False
1942448,0,4618.256014,3616.153139,77387.99802,4,672,0.059676644081249744,True,False,False
8046235,3,3135.523688,8603.433111,47630.5396,6,596,0.06583011056208989,False,True,False
5291864,2,3839.097006,11454.82811,65075.06435,4,573,0.05899490141649011,True,False,False
6768197,0,5501.910441,6627.406339,100258.9416,5,652,0.054877005015181606,True,False,False
3143710,0,3255.093514,2840.974734,45115.13152,5,688,0.07215081513298889,True,False,False
7158859,0,3837.459549,2598.37913,70502.57308,6,596,0.054430063774347566,False,True,False
8980310,2,3362.300772,10294.98302,72878.22455,8,595,0.046135876563419935,False,True,False
1931860,3,3861.422253,11782.03399,61415.03992,5,634,0.06287421221300087,True,False,False
7906439,2,2894.848784,6481.502971,52115.56571,8,647,0.05554672091844016,False,True,False
3928959,2,5440.629766,12663.73816,77744.12746,5,633,0.06998123130006506,True,False,False
1440960,0,2765.161787,2275.062535,64236.27339,5,668,0.04304673420594893,True,False,False
3995664,0,5576.223699,935.2734973,93527.34973,7,710,0.059621316279117875,False,True,False
5331543,1,2480.106641,3160.292406,45256.08781,8,743,0.05480161368371713,False,True,False
6350228,0,4613.023974,6629.04622,102596.7528,2,587,0.04496267033901681,False,False,False
2513600,2,5485.822064,15270.20586,96951.96815,4,655,0.05658288499633723,True,False,False
2299420,1,7808.355283,5695.83038,101152.0586,8,619,0.07719423006384568,False,True,False
6347874,0,5278.607655,4771.408184,71935.76545,2,672,0.07337946043917434,False,False,False
4366860,0,5762.85244,6646.369096,95387.69069,5,686,0.06041505353902178,True,False,False
3120024,1,6696.683343,8997.780175,79730.24667,4,798,0.08399175498248838,True,False,False
5511271,0,3146.225244,5737.193765,72068.60639,4,755,0.04365597451647906,True,False,False
4407963,0,3714.799169,5503.969478,84515.29502,6,761,0.04395416436895731,False,True,False
6456727,1,6353.325278,9134.351109,94175.46202,2,615,0.06746263986101546,False,False,False
2445321,1,3676.967429,5020.683458,61283.47154,7,657,0.05999933320683419,False,True,False
2619546,0,4110.193577,2878.810496,62740.67121,4,701,0.06551083209235561,True,False,False
5464694,3,5490.390045,8235.869438,62473.97974,7,610,0.08788282846473901,False,True,False
8581973,0,2815.611315,3959.02479,53838.48025,5,638,0.052297377301990244,True,False,False
6215054,0,1641.183096,2714.656921,31760.86286,3,767,0.051673126867939255,True,False,False
3252042,1,6840.862283,13051.01388,113193.3421,6,559,0.06043520012825914,False,True,False
7375643,1,5217.629965,12082.03494,85653.39059,4,633,0.06091562667933844,True,False,False
2741659,0,6044.097764,4723.157992,87663.64314,5,757,0.06894645884551588,True,False,False
5501442,0,5121.719034,4450.535311,86241.46497,6,711,0.05938812653265623,False,True,False
4116458,0,4866.199292,6956.137468,81191.24088,3,572,0.05993502795692215,True,False,False
1949521,1,1758.516686,4027.302066,29269.1601,3,636,0.060080872836525294,True,False,False
7561860,1,4696.530146,8541.074713,94818.2738,7,650,0.04953190938601542,False,True,False
4014524,0,2877.769048,4858.266202,51351.17552,3,652,0.056040957560536876,True,False,False
3264577,0,1558.063447,228.7759359,22877.59359,4,614,0.06810434151960124,True,False,False
2255599,0,4220.386524,1471.565833,77298.384,2,745,0.054598638491588636,False,False,False
6138445,2,4361.653648,11281.4183,79072.475,8,780,0.055160201422808634,False,True,False
3075019,1,3425.524016,7213.42686,72376.18439,5,643,0.0473294364005364,True,False,False
3929307,1,4670.348645,11119.16653,101481.5968,5,696,0.04602163143140452,True,False,False
7242040,1,5432.471583,5172.345668,73435.8106,7,640,0.07397578291319358,False,True,False
7760043,1,5085.903015,12132.3263,88260.13106,6,678,0.057624013854483846,False,True,False
4012761,0,5566.074523,778.5123148,77851.23148,6,592,0.07149629385669931,False,True,False
8274139,1,7112.408788,6149.037379,98891.76339,7,663,0.07192114433181612,False,True,False
2984260,0,4561.397566,3318.029039,82287.75653,5,639,0.05543227520532817,True,False,False
4316493,0,4682.39348,7419.597888,88785.61388,4,636,0.05273820020356658,True,False,False
7143031,0,4366.113323,3765.02607,62871.37032,3,556,0.06944517513738835,True,False,False
8689898,0,4377.010944,571.1217051,57112.17051,6,731,0.07663884781324518,False,True,False
8240436,1,3573.523888,7901.257059,75240.25308,6,597,0.047494841414214985,False,True,False
4690144,0,3869.97529,1868.208228,71394.55475,5,699,0.05420546851999242,True,False,False
7432397,0,2846.783709,2215.267656,75578.0504,8,727,0.037666805295099276,False,True,False
3056173,0,3541.252389,4255.36865,65201.48527,6,568,0.05431244969858645,False,True,False
4074480,1,2503.071141,3989.566811,35775.83173,6,674,0.06996542134619438,False,True,False
4263153,1,5940.549845,9565.652633,82534.78544,4,684,0.07197631657161789,True,False,False
2280365,0,3191.00143,4258.3787,51145.51834,2,696,0.06239063623888184,False,False,False
2384045,0,2441.035518,3968.863497,48623.42864,5,603,0.0502028669362877,True,False,False
4636709,0,1549.688808,1558.003946,27049.57468,6,665,0.057290690383601996,False,True,False
2603225,0,4199.363517,1853.819897,61713.30134,2,539,0.06804632754718871,False,False,False
1199373,3,4077.058218,13065.35336,75739.61684,5,607,0.05382992927747164,True,False,False
3615830,0,2124.76611,1499.470247,45229.03534,2,583,0.04697792234628721,False,False,False
5749285,0,4220.273755,4191.787428,62097.69927,6,735,0.06796183763025268,False,True,False
5766724,2,4048.80669,10624.60275,66561.99927,3,638,0.06082760034860954,True,False,False
2255807,1,4610.183939,8942.436265,84256.57137,5,635,0.05471601637758405,True,False,False
7820525,0,4748.917715,3002.12673,76460.27558,6,600,0.062109607622735166,False,True,False
6311997,0,1937.476978,1932.708494,36255.58547,6,671,0.0534394067254322,False,True,False
7316309,1,3962.615966,7039.80642,70415.84905,7,635,0.056274489613641884,False,True,False
8727137,0,1764.284308,3680.439491,54109.7552,2,617,0.03260566050389376,False,False,False
5216193,0,4814.10089,4107.311214,80925.07287,4,580,0.05948837262999426,True,False,False
7469811,3,3808.337383,12393.32147,73125.87572,4,631,0.05207920377708949,True,False,False
5025641,0,3407.184962,4778.015766,65903.89478,3,699,0.05169929597292914,True,False,False
1199684,0,3866.351269,854.5731951,85457.31951,2,629,0.04524306743025762,False,False,False
8813939,1,1286.102048,2881.404639,35524.39034,5,686,0.03620335312417356,True,False,False
7686144,3,4854.284199,12745.73301,67488.22929,5,664,0.07192786431158119,True,False,False
3932103,1,5328.079615,5954.959372,81099.22742,7,661,0.0656982783252265,False,True,False
2291110,1,2385.871812,5554.413463,49019.31029,6,596,0.04867208040841653,False,True,False
4226778,2,3997.349864,7982.872963,62019.19845,8,704,0.0644534267436989,False,True,False
6916673,0,4828.987972,891.0606297,61460.15906,5,645,0.07857102952313771,True,False,False
3300565,1,3643.306811,6311.05855,68132.19527,7,672,0.05347408514523856,False,True,False
7755383,1,3252.688253,8333.067482,68195.6546,4,708,0.04769641514666244,True,False,False
4635826,1,3730.408112,8363.401488,68297.29695,6,600,0.05462014279614912,False,True,False
6362010,0,3442.494011,2836.647321,49800.50031,6,764,0.06912569129970654,False,True,False
7827917,0,4078.264367,4796.03111,90329.79992,6,630,0.04514860401121101,False,True,False
1285707,3,4213.171483,12395.12268,67713.82007,5,639,0.06222025989147536,True,False,False
6477104,0,4780.664088,6221.39152,66597.21445,2,752,0.07178474546543141,False,False,False
8198887,0,6395.180103,6166.970987,87436.41541,4,670,0.07314092272667196,True,False,False
4651836,0,4316.677593,4424.138572,76467.18762,5,612,0.05645137120056672,True,False,False
1758793,0,4753.339322,7272.914292,86406.03363,5,617,0.055011659745363546,True,False,False
4267387,0,2266.047771,3992.90977,40241.10138,5,823,0.05631177311976445,True,False,False
2650750,0,5522.851938,867.1205542,86712.05542,3,616,0.06369185819952507,True,False,False
7896625,2,2629.514686,6054.135056,58488.4688,7,595,0.04495783083314364,False,True,False
6108670,0,4937.9351,5768.096815,74871.34978,2,610,0.06595226497865335,False,False,False
4266678,1,3853.428841,9958.190948,74502.14144,1,659,0.05172239034368352,False,False,False
5032691,0,3807.987647,5124.07778,69989.35983,4,749,0.054408093690946395,True,False,False
4309683,0,6014.350765,5220.55629,103231.0957,6,628,0.058261037764031014,False,True,False
6948658,1,4837.567022,9514.617944,80928.66516,5,690,0.059775692734285055,True,False,False
6318312,1,3654.629872,6365.820764,56663.32852,5,681,0.0644972677648129,True,False,False
3517176,0,4871.100079,6619.755852,87203.59129,3,558,0.05585893891457873,True,False,False
3700188,3,3148.23504,10050.13991,57936.46746,5,642,0.05433943728401421,True,False,False
4868301,0,3953.94601,3033.332368,59165.26754,4,537,0.06682883682266537,True,False,False
3104441,0,3634.60099,1584.461396,81504.49667,4,683,0.04459387074943825,True,False,False
1118848,2,6149.398454,16834.85218,100334.7139,3,659,0.06128884226578733,True,False,False
4414121,0,4940.607668,6234.577622,80325.45855,3,628,0.061507369608411654,True,False,False
4416812,1,4905.685366,7363.068954,75119.22453,5,637,0.06530532492439188,True,False,False
6475563,0,3925.452711,5632.454122,56219.34054,4,757,0.06982388397471587,True,False,False
6315931,0,3809.364659,3198.925177,76843.35931,3,543,0.04957311462181572,True,False,False
3078008,0,2530.48754,2518.620803,37985.47163,5,717,0.06661724684238178,True,False,False
5785982,0,3123.551351,2848.412825,49141.7287,6,692,0.06356209750105922,False,True,False
7133077,3,6699.743037,21726.16915,118844.2497,5,548,0.056374145605801236,True,False,False
5526945,0,2602.830124,4058.858487,56920.60118,5,553,0.04572738288144693,True,False,False
2276002,1,2799.771014,7612.913249,59067.78638,5,759,0.04739928792977395,True,False,False
4424434,0,4732.216788,6345.98065,74186.44841,5,634,0.06378815658955468,True,False,False
8024238,1,3676.384248,8947.037291,89965.68111,7,694,0.040864296280988824,False,True,False
6904116,1,5367.416056,8101.37357,78087.37726,4,709,0.06873602679891058,True,False,False
1920012,0,7223.682556,7276.828673,112710.2906,5,556,0.06409071006334537,True,False,False
2984857,1,3952.473928,6343.400712,59074.02928,7,658,0.06690713290041556,False,True,False
6720968,3,2985.295483,9053.608314,48306.4124,5,651,0.06179915532290698,True,False,False
1966398,1,5110.456033,6708.764119,75395.42211,4,685,0.06778204684024416,True,False,False
3442310,0,2523.451421,3434.291159,56808.63425,5,609,0.044420209257186996,True,False,False
3721042,1,1725.286544,3962.613952,42529.18655,7,616,0.0405671183475763,False,True,False
2190259,0,3161.895602,3213.463607,51638.1963,4,519,0.06123172048129806,True,False,False
2268643,0,3804.922882,2506.255203,62445.3799,5,643,0.06093201591684127,True,False,False
1348007,3,3773.332904,14320.53159,83328.64148,8,612,0.04528254435668017,False,True,False
5510443,1,3550.87105,7398.293179,60806.88254,5,673,0.05839587398127449,True,False,False
1690185,0,2024.389141,1006.617907,35474.54524,4,612,0.05706596454737245,True,False,False
6709509,2,2241.580999,10295.53246,82436.07448,8,629,0.027191748432221077,False,True,False
5932335,0,2593.790799,2302.03605,37966.31254,4,701,0.06831821753211538,True,False,False
7137949,1,2197.92005,4141.073809,37250.41575,5,633,0.059003906553714104,True,False,False
2823179,1,3733.394411,7396.946981,58488.15803,5,677,0.06383162911516296,True,False,False
3766574,0,3195.513532,5360.045671,69641.10811,5,678,0.04588544925150531,True,False,False
4051257,1,4384.323572,4637.826012,66410.91554,6,615,0.06601811669588074,False,True,False
7639164,0,5677.511122,6210.571877,95217.10521,4,568,0.05962700829308273,True,False,False
1839716,1,2744.020339,5467.867731,51342.70254,6,729,0.05344518701293904,False,True,False
4579941,1,4680.526307,7871.859413,80983.66282,6,667,0.057795932463604024,False,True,False
3122757,1,5318.358155,6846.42862,90137.15643,5,645,0.05900295023318387,True,False,False
5306050,1,4106.13093,6456.699596,68690.7518,6,710,0.05977705618880707,False,True,False
3586010,0,3299.790623,1431.189345,59784.73881,4,675,0.055194531057281365,True,False,False
6175720,0,3558.91254,4723.573449,51723.57966,3,544,0.06880638508382773,True,False,False
6631077,1,4034.187023,8448.723568,75177.19529,6,669,0.053662377366406264,False,True,False
8899555,0,3512.384027,2949.518356,46115.48966,4,648,0.07616495136224474,True,False,False
2932114,0,4347.894513,4148.887382,91355.73036,6,630,0.04759301355116439,False,True,False
7696760,0,5226.389491,3294.147235,85507.71598,2,601,0.06112184650356509,False,False,False
7426763,1,4459.339828,4413.17318,66273.16119,7,660,0.067287266035423,False,True,False
7698422,1,4089.180953,5555.555419,86954.03088,7,697,0.047026928040210476,False,True,False
4717778,1,4760.366828,6701.25131,71349.17216,4,706,0.06671930008276637,True,False,False
6785073,0,2562.279108,653.5570065,44781.03541,5,667,0.0572179514060057,True,False,False
4803859,0,6298.593844,4292.981106,85465.72072,2,725,0.07369731151785694,False,False,False
3752178,0,5388.820517,9325.880586,90322.41784,3,636,0.05966204897820526,True,False,False
6157007,0,2309.986149,4701.135638,42140.39775,4,643,0.05481642965745381,True,False,False
6483903,1,3834.233287,7041.044276,71437.25316,5,631,0.05367274240531564,True,False,False
4122255,0,3630.747625,2951.362789,54833.11105,5,674,0.06621451082155952,True,False,False
2956091,1,2575.736867,5528.504812,52060.29392,5,660,0.04947603390326768,True,False,False
5406406,0,4032.297977,2952.375977,64086.10241,6,630,0.06292000645011608,False,True,False
4458173,3,3612.882398,10260.72745,65135.91282,5,614,0.055466826848408944,True,False,False
6762247,0,3345.272247,658.5711782,60544.33045,7,663,0.05525327015983211,False,True,False
7546945,0,2289.91644,4520.744314,49777.26094,4,620,0.04600326327236438,True,False,False
3320662,0,4617.532273,1154.640148,115464.0148,4,669,0.039991094030449384,True,False,False
7776211,2,5241.268473,13895.47399,88645.911,2,611,0.05912589101825577,False,False,False
4322391,0,5223.810485,759.7373479,75973.73479,1,607,0.0687581109371443,False,False,False
2105821,1,4170.45217,8068.244799,77323.58137,5,629,0.05393506219071807,True,False,False
4532229,0,3933.94104,5536.201339,57556.18267,3,597,0.06834958222569001,True,False,False
2833657,1,6077.263394,8612.269861,99401.87532,4,664,0.06113831730473633,True,False,False
1039905,0,3560.422539,3958.639941,57348.93235,7,589,0.062083501699225614,False,True,False
7733250,0,4916.47714,2941.395354,69216.31371,2,581,0.07103061224264091,False,False,False
1817524,1,2293.508884,6519.165053,47108.9625,3,692,0.048685191995047644,True,False,False
8831772,0,3096.777986,4442.753885,61466.1619,5,658,0.050381834334120024,True,False,False
5349596,0,3930.561436,6586.400213,95767.23678,5,620,0.04104286150627306,True,False,False
1903592,1,3323.219819,5602.448006,51469.72081,5,640,0.0645665017548402,True,False,False
5039846,1,3542.900404,8233.184792,75193.84366,6,610,0.04711689456945098,False,True,False
5294485,0,3232.079608,3533.892407,57765.46253,6,717,0.055951765405175234,False,True,False
7994039,1,4325.70498,10061.25317,89279.12888,6,636,0.048451469388933854,False,True,False
6915706,1,3709.359006,3646.480571,60780.81827,6,564,0.061028447980451976,False,True,False
1022864,1,4181.83081,6465.481969,65978.57573,7,709,0.06338164720489034,False,True,False
4664647,0,4263.252854,2386.228505,72282.99045,6,580,0.05898002873786748,False,True,False
3171627,1,1276.55339,5400.967553,41502.90721,5,634,0.030758167940881462,True,False,False
1876828,0,4149.53936,2238.843205,63101.80067,5,677,0.06575944451570592,True,False,False
4413137,3,4067.4857,12274.94603,69377.24289,5,725,0.05862852904732952,True,False,False
1223317,2,4740.200687,10964.27712,69852.64626,3,572,0.06786000160046048,True,False,False
6816796,0,7622.290772,7637.032769,104710.856,6,681,0.0727937012758257,False,True,False
7522958,0,1464.339949,1793.504423,21097.93003,2,651,0.06940680658803,False,False,False
6757087,2,5499.781308,14921.73743,89522.45017,2,555,0.061434660217142265,False,False,False
7693838,0,3419.197965,3014.81059,59944.64096,3,642,0.057039260061321755,True,False,False
3455912,3,3697.482817,14744.24713,70085.97731,4,691,0.05275638521305796,True,False,False
8457224,0,2595.507146,2732.819386,48824.10153,3,699,0.05316036679968783,True,False,False
4191314,0,5604.802493,4269.984491,83804.15197,4,574,0.06687977100473963,True,False,False
2165786,1,5728.551164,8588.881823,106621.7488,6,542,0.05372779220443625,False,True,False
1737356,2,3206.807748,11331.42777,63168.28394,3,525,0.05076610520314224,True,False,False
4729526,1,3778.025594,9155.687859,84698.53374,7,650,0.04460556077154117,False,True,False
1139901,0,3177.636482,5310.675935,64139.13277,5,650,0.049542866340192955,True,False,False
7538479,0,3461.175177,2507.834308,61838.4366,5,641,0.05597125941893557,True,False,False
7081861,0,4329.293955,7982.662873,91271.38004,2,644,0.04743320362968843,False,False,False
1040223,0,4951.340315,7569.230092,77858.65359,4,600,0.06359396273500342,True,False,False
4718468,1,1827.526806,2277.8587,24782.22892,6,678,0.0737434397809606,False,True,False
8422382,0,5472.700711,6065.629709,76244.96636,3,627,0.0717778624907508,True,False,False
5910115,1,4627.88094,11830.63336,88942.48453,5,743,0.05203228765707609,True,False,False
1335892,0,4748.602789,4910.142034,68885.5067,4,713,0.06893471524685757,True,False,False
8388436,1,3888.652857,6513.180154,56681.53851,5,602,0.06860528064731249,True,False,False
7132234,0,3583.791862,4378.037682,54275.26495,6,714,0.06602992846375778,False,True,False
6622886,0,3612.12631,525.1019954,52510.19954,4,666,0.0687890417793678,True,False,False
7905747,1,5183.184772,9012.24638,79593.93999,6,653,0.06512034424544386,False,True,False
4265770,2,3682.300399,13665.47622,81215.98749,5,589,0.045339600155122124,True,False,False
7077208,0,4334.93122,4215.540051,103266.9376,5,644,0.041977919755799946,True,False,False
7069051,0,2689.498576,4004.572287,51192.76073,3,562,0.05253669733079855,True,False,False
1449829,1,3374.206325,8829.523645,77842.02311,5,620,0.043346847758977784,True,False,False
2785500,0,5490.911557,1017.722134,81212.33376,3,636,0.0676117937113694,True,False,False
5621610,2,4717.355793,10284.29558,76884.36959,7,752,0.06135649961307044,False,True,False
8008725,1,3413.759675,4891.745807,52541.36332,6,709,0.06497280350737576,False,True,False
8052404,0,2993.556103,2937.980478,54870.61566,4,577,0.054556634129080225,True,False,False
2076653,0,4578.81407,5751.724926,86589.35883,6,644,0.05287963939067316,False,True,False
4546001,1,3700.155427,3831.387987,48877.85453,6,681,0.0757020835423318,False,True,False
6397023,1,3304.93703,9684.869809,75459.87393,5,682,0.04379727738567135,True,False,False
5186328,0,2603.367633,3916.94559,55545.5531,6,740,0.04686905589567349,False,True,False
6570698,0,4339.07298,5610.975804,97525.43824,4,611,0.04449170450607964,True,False,False
5255881,0,3746.955741,3196.810975,64077.44818,5,634,0.058475420720163894,True,False,False
2482833,0,2895.28703,4635.578267,85538.10892,6,555,0.03384791955954782,False,True,False
7856839,0,4890.6364,5445.977605,75314.78851,3,701,0.06493593750649172,True,False,False
5995386,0,4316.678084,3798.945111,66856.86429,4,603,0.06456596685832991,True,False,False
4577298,1,3013.417734,3917.691472,46883.6788,5,713,0.06427434474275939,True,False,False
7618284,2,4235.348632,10341.67337,85623.01622,5,459,0.049465071647530896,True,False,False
8152812,3,5722.550933,18434.22364,94007.794,7,723,0.06087315412379532,False,True,False
4739563,1,6055.781329,11669.25375,94461.80098,3,583,0.06410825610113198,True,False,False
1022832,1,2325.963459,4494.166786,46550.34352,6,645,0.049966622867147426,False,True,False
5488383,0,5266.775396,8291.235394,97910.32577,1,738,0.0537918279260159,False,False,False
4746108,0,4211.53484,3763.762335,72151.35326,6,558,0.058370836439111305,False,True,False
2829267,0,1679.811023,1986.671346,26262.06282,4,613,0.06396340738781311,True,False,False
4931527,0,2459.278858,2739.788556,33152.79402,3,707,0.07418013867900236,True,False,False
4159770,1,3303.184014,8059.270534,69809.01697,6,568,0.04731744060254456,False,True,False
7196581,1,3118.623426,6071.674707,55987.23526,4,752,0.05570240094045323,True,False,False
7286300,2,6373.091939,20321.12211,106432.9212,1,637,0.05987895349620452,False,False,False
1255809,0,2889.902928,2244.791367,66294.09178,3,587,0.04359216410400909,True,False,False
2452866,0,2292.57073,756.6958053,46204.12107,4,586,0.04961831708748918,True,False,False
8039036,1,4585.884107,8945.747806,79124.01468,6,587,0.0579581828038759,False,True,False
1935267,0,3468.177564,4386.997292,55713.7818,5,701,0.06224990391874637,True,False,False
7589780,0,5832.434914,8568.024237,96978.98742,4,680,0.06014122305423428,True,False,False
2503880,0,5028.290168,792.2720501,79227.20501,2,577,0.06346671155905768,False,False,False
4510009,0,1998.739457,1750.478208,38269.27304,5,685,0.05222831003115391,True,False,False
3782278,0,3640.589094,5958.031331,93611.69721,7,625,0.03889032249712376,False,True,False
7991219,1,3250.544928,9120.081344,69623.99715,6,604,0.0466871346239563,False,True,False
2914463,0,4466.721728,4599.407778,77119.75216,3,683,0.05791929567840043,True,False,False
4265972,0,4978.704489,7029.743145,94426.92348,4,586,0.05272547601378234,True,False,False
4270371,1,3677.210009,3805.643206,48662.14114,5,620,0.07556613668972643,True,False,False
8468484,0,6781.047399,2288.759719,83427.77034,3,671,0.08128045818993657,True,False,False
4726842,0,6181.976916,2510.410525,88731.73169,4,597,0.06967041889363582,True,False,False
5431607,1,7185.78804,7798.122725,113086.052,5,554,0.06354265546382325,True,False,False
8270641,1,6306.10164,12347.8067,112146.7556,5,625,0.05623079870890175,True,False,False
4525710,0,5561.577173,3932.604397,82292.72428,4,554,0.06758285403308317,True,False,False
4625643,2,3584.844437,7708.784716,72005.83951,8,593,0.049785468253614976,False,True,False
8412114,1,4055.483699,4251.914269,58239.05962,6,617,0.06963511645725985,False,True,False
4381102,0,780.6906018,1466.226705,14452.73706,3,670,0.05401679962480408,True,False,False
8050047,2,2437.191313,11424.01949,66951.35809,5,622,0.03640241785273097,True,False,False
5191025,0,3427.532704,2062.554404,47636.90094,2,719,0.07195121085473366,False,False,False
5421361,2,5801.16321,12016.424,88859.05458,4,679,0.06528499810649234,True,False,False
1828564,1,3683.390399,4408.276636,55810.20863,6,738,0.0659985061768797,False,True,False
3820855,0,3744.643791,4812.942865,61113.25777,3,567,0.06127383693229025,True,False,False
7207745,0,3720.780646,4279.548904,58385.5833,5,654,0.06372772927319544,True,False,False
5858977,0,5257.695382,5271.987307,82016.17349,6,689,0.06410559232736035,False,True,False
7469013,1,3337.668166,3930.364437,50348.63841,6,691,0.06629113063238447,False,True,False
7433972,0,4916.993466,5122.797958,74280.4459,6,658,0.06619499124466079,False,True,False
4976914,0,4895.790287,4614.522834,81214.18073,6,567,0.0602824561301217,False,True,False
3907949,0,6275.070021,3493.545746,84641.51134,8,645,0.07413702711183182,False,True,False
1123041,0,2694.12826,2536.774712,36070.569,6,631,0.07469048408967432,False,True,False
6006627,0,2382.222327,3570.585473,46863.03109,4,628,0.05083372269337348,True,False,False
2948051,0,4470.490457,2387.751259,66307.55718,4,764,0.06742052711826353,True,False,False
6335804,0,2985.413696,1714.846238,53939.39823,6,607,0.05534755288277528,False,True,False
3826223,0,4609.08078,5127.326637,79695.21344,5,700,0.05783384699094922,True,False,False
1601609,0,3595.47313,5376.366529,69205.6643,3,693,0.051953451590522476,True,False,False
2960853,0,5867.607997,5693.232908,93213.24059,5,735,0.06294822452111468,True,False,False
3566182,0,6065.266833,4854.529125,114416.7791,4,569,0.05301029167845191,True,False,False
8631777,3,2777.451015,13178.55979,67823.15708,5,647,0.040951367270088745,True,False,False
5271841,3,3309.666711,15225.31332,89705.6281,8,718,0.03689474987355893,False,True,False
4114229,1,3361.125677,6668.64008,51728.75756,5,592,0.06497595990202244,True,False,False
4533911,1,3864.727329,7113.21749,76879.35695,5,721,0.05027002673179877,True,False,False
2968718,1,4026.406486,6061.123341,70030.56049,6,587,0.05749499158406635,False,True,False
4362545,0,3187.789761,2868.594545,52748.12582,4,669,0.06043418057881625,True,False,False
3014968,1,3722.277006,7425.752561,63420.44756,5,649,0.05869206461336426,True,False,False
8259740,0,2576.20225,4524.948706,47131.02436,2,658,0.054660434076761064,False,False,False
2409651,0,4917.83755,6164.275267,81022.46809,4,592,0.06069720740347297,True,False,False
2513365,0,4282.014474,5485.780494,71366.7113,3,741,0.06000016528714557,True,False,False
1269009,0,4693.070209,4395.146862,78463.90508,4,547,0.059811835827123995,True,False,False
2316552,2,4225.740476,7801.759675,73888.27303,6,656,0.05719094929021107,False,True,False
8844456,0,3048.431869,3011.114118,46782.73972,3,642,0.0651614652593074,True,False,False
7602707,0,3712.750866,3748.47485,58773.4523,6,615,0.06317054249338352,False,True,False
1196342,0,2897.806422,3920.9605,48966.98293,4,674,0.05917878228565797,True,False,False
8461284,2,1577.123315,9766.653693,70241.24162,6,650,0.022452953259740515,False,True,False
4458023,1,2602.371704,5358.833175,53109.93483,7,637,0.04899971563380659,False,True,False
7601619,2,2811.6117,9109.13079,62766.96655,8,680,0.04479444928663675,False,True,False
1379526,0,5880.527717,3583.143715,99169.24572,7,693,0.05929789698717091,False,True,False
5067523,3,5409.871925,22234.67131,114578.0539,5,707,0.0472156031705824,True,False,False
8346683,0,2694.973328,4904.683831,80351.9016,5,634,0.033539633466496584,True,False,False
6008302,0,5863.84454,7317.654375,88438.83551,4,729,0.06630395466182908,True,False,False
7982709,3,3000.534093,10287.40629,58252.23698,5,625,0.05150933678358458,True,False,False
5336003,0,2189.008872,2157.927567,47314.37819,4,582,0.04626519370516956,True,False,False
2087598,0,3868.654494,7436.695026,79163.59584,4,705,0.048869110264003895,True,False,False
1506856,0,2440.85624,4132.338015,47755.841,3,627,0.0511111560154495,True,False,False
4113946,0,4472.363692,1499.668317,81806.78061,8,559,0.054669841040698545,False,True,False
8605191,0,5754.108133,1727.817099,73168.31154,4,594,0.07864207895318613,True,False,False
6010160,3,4752.77734,23016.58935,105622.9854,5,613,0.04499756678909399,True,False,False
7348809,0,3223.236691,3181.545444,73222.58606,1,647,0.04401970572794053,False,False,False
1852762,2,1549.080424,6974.916601,36481.03988,3,613,0.042462616994896916,True,False,False
3501712,0,4378.863122,6121.288083,104398.1026,5,615,0.04194389565467064,True,False,False
4024709,0,1345.077214,2061.544082,37723.82786,5,717,0.03565590477699736,True,False,False
5062008,0,780.2134722,273.3002113,10258.24788,3,835,0.07605718650269153,True,False,False
2701532,1,3636.844904,8606.338304,64715.60131,4,564,0.05619734392297189,True,False,False
4733068,0,5581.541308,9131.480155,86073.36827,3,669,0.06484632146021627,True,False,False
3666431,0,1511.479864,3143.58681,42699.85355,6,739,0.03539777629986742,False,True,False
7829500,1,3732.742627,10979.37023,85517.84596,6,629,0.043648697942484986,False,True,False
7292667,1,1956.430992,4024.409483,36148.30797,6,566,0.0541223393809655,False,True,False
8210974,0,4791.479616,3244.538961,66725.45039,5,622,0.07180887634320245,True,False,False
2747479,1,6315.462883,6688.223688,97586.90296,7,679,0.06471629584954296,False,True,False
8128126,2,5824.095815,12401.77625,92964.69473,4,622,0.0626484692055956,True,False,False
4410726,0,5292.286013,5493.69542,105175.2265,4,646,0.05031875080392624,True,False,False
1640604,0,4582.436684,7405.369234,78403.4139,3,671,0.05844690245050669,True,False,False
8048465,1,2845.674586,3916.329676,43372.74125,4,697,0.06560974713582347,True,False,False
8533572,1,3375.810514,8094.082045,78082.99613,5,682,0.04323361911445649,True,False,False
3672265,1,5423.942645,8524.640887,99150.69003,7,750,0.054704033258456186,False,True,False
8214578,0,5047.954915,6863.730333,76614.1146,5,614,0.06588805393569086,True,False,False
8924176,0,4737.203831,973.4679759,97346.79759,5,641,0.04866317072855236,True,False,False
8251307,0,3994.64583,4038.230709,85237.0939,4,580,0.046865110566609774,True,False,False
1304152,0,5762.513208,5193.353144,89881.21686,2,602,0.06411254107713914,False,False,False
4994481,1,6288.85966,8659.953799,87570.08513,4,691,0.07181515983071192,True,False,False
5571458,1,3244.333193,7134.125213,62943.19237,6,641,0.05154382977477188,False,True,False
7724981,0,3931.343885,1770.920446,60457.0413,5,580,0.06502706385335466,True,False,False
5215298,3,4502.175373,11814.13656,66521.63774,5,694,0.0676798636647637,True,False,False
4778994,0,4058.020285,4658.968184,94303.65464,7,652,0.04303142121576636,False,True,False
2966643,0,3007.72546,2826.487024,52489.0305,5,729,0.057301981601660563,True,False,False
6039380,2,3435.113269,9776.389327,73255.14934,8,711,0.04689244783402963,False,True,False
6270923,1,6213.579561,11450.60109,100836.8991,4,587,0.061620097568034,True,False,False
7405225,1,4831.622696,8656.907109,75881.66304,6,648,0.063673126054882,False,True,False
4789420,2,4530.828003,13500.47786,74703.14665,2,628,0.060651099802099165,False,False,False
3151577,0,4827.283234,6796.303406,78053.44272,4,602,0.06184587208173308,True,False,False
7182304,1,4281.706874,8447.159474,79056.21389,6,734,0.054160282453668114,False,True,False
6861510,0,4458.132629,4541.520978,80818.05029,4,718,0.055162585746659935,True,False,False
6129071,0,3872.564043,4174.90805,73824.42563,4,785,0.05245640599235909,True,False,False
2173499,1,4093.036483,5832.444715,60404.10359,7,648,0.06776090099411075,False,True,False
1637734,1,3405.464771,5722.217141,57977.85051,6,635,0.058737340916297454,False,True,False
6278424,0,6382.916652,9695.714317,100330.3813,4,624,0.06361898130252597,True,False,False
3789773,3,6180.37994,18065.58138,99018.10308,6,533,0.06241666672817057,False,True,False
4990260,0,3295.602363,3163.38426,57839.16151,7,739,0.056978736844762394,False,True,False
2697929,1,5017.830677,8984.264267,93142.02004,5,722,0.053872899415807,True,False,False
2224866,0,5420.530788,7081.865049,72747.23726,3,683,0.07451184391548672,True,False,False
2907463,0,6226.253729,900.4474226,90044.74226,5,662,0.0691462218973539,True,False,False
1637226,0,2996.435715,601.710188,60171.0188,4,709,0.04979865348399253,True,False,False
6773604,1,2275.831184,3303.768739,36837.6816,6,700,0.06177997868356623,False,True,False
3866772,0,3824.642331,1750.339243,57627.80216,5,725,0.06636800619918003,True,False,False
5035390,1,2228.049334,2989.123088,31309.67317,5,701,0.07116169248725505,True,False,False
3028437,3,5165.514228,22721.88138,107222.5472,6,624,0.048175634350160264,False,True,False
4715305,2,4093.376713,11366.06876,65372.3325,3,556,0.06261634787163209,True,False,False
1242967,2,6771.723603,12268.57402,101381.4117,6,672,0.06679452859700119,False,True,False
4585230,0,4860.529853,4246.570068,68839.9802,6,701,0.07060620643525402,False,True,False
3074518,0,4019.54333,6176.825379,68586.83098,3,598,0.058605176424787776,True,False,False
1863290,1,3227.725221,9740.747905,98213.84983,7,694,0.03286425719577151,False,True,False
4618641,0,7042.304481,4137.426549,85413.0674,5,745,0.08244996574142471,True,False,False
3224310,0,4277.033817,4359.413104,58893.09953,4,598,0.0726236834388601,True,False,False
5347226,1,4037.395841,11974.92449,74137.65229,4,663,0.05445810214231158,True,False,False
8453640,2,4028.288581,11271.08229,97480.08346,8,688,0.04132422170784219,False,True,False
6732046,0,4301.123312,3450.392293,73586.75241,3,659,0.05844969605446948,True,False,False
7203548,0,6423.435079,7864.456128,104251.0905,4,630,0.06161503969111958,True,False,False
3286890,0,5073.709419,5065.448364,102489.4615,4,598,0.04950469389479619,True,False,False
4444921,0,5659.781818,5200.95188,101519.7011,4,665,0.05575057606232452,True,False,False
4597524,0,5643.926994,6260.117982,79330.27615,3,625,0.07114467852511062,True,False,False
5072462,3,4187.296276,13464.8565,72611.52613,5,612,0.05766710189375825,True,False,False
5023466,2,3139.928723,8775.805333,57627.40818,4,634,0.05448672467087865,True,False,False
7551328,0,2444.939945,571.4717835,57147.17835,6,642,0.04278321372274717,False,True,False
7027777,1,6784.675026,9553.386213,103032.4218,6,682,0.0658499034330182,False,True,False
8207625,0,3341.937553,3658.984625,65529.81508,4,589,0.05099873315558882,True,False,False
5593005,1,4194.856427,7356.101846,73452.4221,7,699,0.05710984480932454,False,True,False
2209554,0,3524.276988,4292.492021,71484.39167,4,655,0.04930134964663958,True,False,False
7006520,0,4398.379847,4573.286643,77604.35193,6,612,0.056676974133710804,False,True,False
7706082,0,5715.22761,6814.931149,76994.29285,4,674,0.07422923697908863,True,False,False
3629868,0,3235.790179,3886.777712,54748.87178,4,603,0.059102408393044696,True,False,False
8616155,0,3749.271119,4804.847247,80476.84117,6,659,0.04658819934395792,False,True,False
7882340,3,5028.851139,16416.57295,82623.52777,5,602,0.06086463837514742,True,False,False
5206911,2,4547.40429,8744.686237,57930.51407,4,669,0.07849756493624709,True,False,False
1962993,1,3665.259374,5705.275236,68846.67566,7,712,0.053238000801969304,False,True,False
1972723,0,3289.243844,668.659002,66865.9002,7,733,0.04919164827156548,False,True,False
5181774,0,5117.821054,5222.287336,95593.59697,6,626,0.05353727881592445,False,True,False
7408041,1,5213.316341,8671.474736,89915.03453,7,603,0.05798047421380442,False,True,False
1093896,0,4462.397237,2336.839345,63850.35164,3,589,0.06988837371107703,True,False,False
5622913,0,4132.938206,4239.131065,58138.42936,5,608,0.07108788887997575,True,False,False
6314980,1,3039.672139,6181.006259,54814.07892,6,624,0.055454222690421155,False,True,False
3343067,3,2989.029967,6948.312155,40286.35203,5,590,0.0741946047826361,True,False,False
8143220,1,6271.287843,9618.637018,95020.45881,5,758,0.06599934289456416,True,False,False
6383101,1,4110.069891,4137.760699,59412.10933,6,712,0.06917899292501016,False,True,False
8226156,0,4266.412769,5010.168788,57012.14677,5,657,0.07483339973517716,True,False,False
2803207,0,4374.468662,5853.891297,91759.36669,3,642,0.0476732656272434,True,False,False
4166128,1,3596.459983,7662.180806,64113.15384,5,723,0.05609550876213767,True,False,False
8108097,0,2181.475924,1988.687776,37563.53779,2,620,0.05807429364602454,False,False,False
1854480,0,5223.866214,6999.359634,76953.09446,5,634,0.0678837706353102,True,False,False
7711247,0,2384.588647,869.7435797,36447.48658,5,627,0.06542532478243662,True,False,False
3195288,2,4816.915465,9622.359997,69035.78214,6,550,0.06977418543953938,False,True,False
6290747,0,2322.935162,1269.933589,49980.79998,8,626,0.04647655025388812,False,True,False
7441023,0,3569.082739,3368.961446,62359.45803,3,701,0.057234024344518505,True,False,False
3429663,0,1820.259712,589.9476805,30676.2503,5,629,0.059337751328753505,True,False,False
1879770,0,3096.415319,2414.259504,42923.27529,3,690,0.07213837476473711,True,False,False
2520718,0,3444.872993,2710.889507,74396.13066,3,571,0.04630446452576301,True,False,False
5644865,0,1906.390298,1799.098281,39298.79573,5,640,0.04851014547869964,True,False,False
1651311,1,3576.901776,10464.90863,82583.45823,6,634,0.043312569522556306,False,True,False
5437902,1,4065.937986,7675.379066,68840.25379,5,668,0.059063378795832296,True,False,False
2710103,2,3307.043675,9378.374827,69342.22618,5,695,0.04769162827878509,True,False,False
4493008,0,2455.073312,2166.865375,38510.68145,4,622,0.06375045103233301,True,False,False
5111576,0,5044.616318,836.2222108,83622.22108,5,660,0.06032626558883074,True,False,False
7800580,0,3922.256836,3642.200556,80504.16913,5,665,0.04872116411345416,True,False,False
7590166,1,3900.251669,7899.511848,79331.86049,5,630,0.04916374890125812,True,False,False
3081820,1,7094.558905,11583.79768,123372.7567,6,664,0.0575050691478956,False,True,False
1547085,2,5845.545535,11945.16828,100616.7389,7,738,0.05809714764070932,False,True,False
2422540,0,2969.221427,6713.580429,77522.10861,4,713,0.03830160815074868,True,False,False
5170089,1,3170.195742,8039.403746,67651.31762,5,748,0.04686081296756271,True,False,False
3245523,1,2670.538984,3850.523158,38780.25637,6,617,0.06886336589734102,False,True,False
3320782,1,4719.521206,7092.789069,57716.63917,4,616,0.08177054786747037,True,False,False
3996994,0,1727.582145,2543.828264,37598.10274,3,607,0.04594865216861206,True,False,False
7366313,0,4139.091224,671.942199,67194.2199,5,639,0.06159891773667277,True,False,False
7199655,0,3724.481143,1405.177554,65655.0867,4,694,0.056727990628028524,True,False,False
2528020,0,3998.987343,5384.069421,69102.80396,4,733,0.05787011689590489,True,False,False
8392789,0,3054.383423,4832.340545,59163.97906,4,651,0.05162572686165102,True,False,False
6251297,0,6865.809701,11642.69376,109704.8414,1,626,0.06258438199610761,False,False,False
4980244,1,3615.966492,5520.055959,62090.71989,5,639,0.05823682666920356,True,False,False
2000141,2,2011.52149,5946.03528,51894.15037,7,667,0.038762008350807495,False,True,False
5575090,0,3763.844532,4010.614461,66600.11237,6,605,0.056514086809490466,False,True,False
6707553,1,4004.107448,10150.56528,85291.78311,5,770,0.04694599294325857,True,False,False
5436000,2,3911.639543,10025.61988,73414.23934,6,726,0.053281755394674904,False,True,False
4719470,2,3895.54214,6737.781364,57642.7881,8,769,0.06758073764998887,False,True,False
3298588,2,3426.375244,9372.145202,54538.62811,3,596,0.06282474207252295,True,False,False
1690256,1,3515.827862,5230.565,51344.19587,5,617,0.06847566316749484,True,False,False
2686464,0,2549.720855,580.8411978,58084.11978,6,604,0.04389703872000383,False,True,False
8393264,2,3289.295578,8654.303135,64758.75917,5,736,0.05079306058606188,True,False,False
2448851,1,4137.048819,8119.851625,72978.27961,5,633,0.05668876878310395,True,False,False
4816014,0,5068.098208,1015.754737,84780.87798,2,555,0.059778788905625345,False,False,False
4986869,0,3892.83505,6236.601908,73392.73407,2,621,0.053041150453492024,False,False,False
4787814,0,5875.218931,7019.252827,91225.68583,3,641,0.0644031215281684,True,False,False
6371874,1,418.126906,1265.023872,10964.60393,4,663,0.03813424622260843,True,False,False
7608670,0,2816.344442,3995.376537,48999.07941,3,551,0.05747749704508173,True,False,False
1069599,1,4169.875772,7818.032131,79763.21323,7,670,0.052278181922987714,False,True,False
8267777,0,3675.284606,8730.263146,91721.57289,4,624,0.04007001286826712,True,False,False
1601744,3,3601.327401,10409.11162,60670.82882,6,522,0.05935846717513163,False,True,False
6753657,1,3963.816545,3988.798833,51369.03235,7,689,0.07716354316337438,False,True,False
2583095,1,3927.137575,8671.118138,77154.16869,5,636,0.05089987542706813,True,False,False
3145052,1,5428.947286,8380.429988,93515.47582,5,789,0.05805399842534854,True,False,False
8851564,1,2374.711474,5883.174263,49089.15969,5,689,0.04837547615392885,True,False,False
4500368,1,5265.911403,8677.248512,87710.01453,4,706,0.06003774405029733,True,False,False
3303713,0,3562.860182,3474.734992,61273.90097,5,624,0.05814645592328769,True,False,False
1337802,1,3247.818407,6365.525079,67996.47112,7,779,0.04776451415056906,False,True,False
5304383,0,5630.03613,6623.450701,102710.5239,7,753,0.054814598506784565,False,True,False
5986376,4,5095.093823,16636.93642,88959.35359,7,587,0.057274402492654176,False,True,False
3459894,0,6112.25063,2848.819813,83621.94598,2,603,0.0730938578188778,False,False,False
4031062,3,3966.203265,12132.27569,61383.4036,5,673,0.06461360941868659,True,False,False
1836089,0,4327.743197,5705.699291,74541.91764,3,656,0.0580578462966411,True,False,False
1230988,0,2809.628407,5765.036803,72834.19724,4,620,0.038575676172304584,True,False,False
1935628,1,4505.396939,6016.389329,75613.06858,7,697,0.05958489747355258,False,True,False
2387597,1,4428.40939,8759.507493,92654.00432,4,684,0.047795121457520184,True,False,False
4547489,0,3112.990884,4113.989286,66928.2146,5,606,0.04651238498748179,True,False,False
6357804,1,4872.030056,7833.58678,70098.2648,5,666,0.06950286244460646,True,False,False
1416099,0,3470.776209,4252.9237,59905.67965,5,600,0.05793734799902233,True,False,False
8051976,0,2816.792121,4415.351506,48991.49118,3,647,0.057495537554690945,True,False,False
2093887,1,2707.856998,3571.980981,46343.73132,5,605,0.05842984414229511,True,False,False
7577908,1,1028.962947,2338.382577,19612.70812,6,600,0.05246409321468044,False,True,False
8575710,1,4528.393585,8666.414234,54265.49454,0,571,0.08344885867873268,False,False,False
4114198,2,3325.387944,9058.772399,59414.26965,5,613,0.05596951647456631,True,False,False
7181963,1,4034.199761,5728.572389,61760.6356,5,630,0.06531991974836476,True,False,False
6643669,2,4927.597879,9207.398725,74039.61939,5,694,0.06655352795702695,True,False,False
5062502,1,4316.403162,9830.076529,76754.55177,4,640,0.056236445428466335,True,False,False
5399579,0,4300.763291,5846.851323,90716.47276,3,532,0.04740884604693706,True,False,False
7129527,0,2624.929835,5696.849975,56111.78979,3,670,0.04678036193149204,True,False,False
2440434,2,4211.644124,8643.382528,69078.4778,7,730,0.0609689769973478,False,True,False
6003318,1,4919.171385,8299.042356,75203.2695,5,644,0.06541166916951663,True,False,False
7783160,1,5940.644946,10488.1334,90874.57815,5,667,0.06537191222163599,True,False,False
4839641,1,3671.386189,4589.318077,49180.80327,5,692,0.07465079756514519,True,False,False
6872414,1,3121.738976,4512.380854,54599.79883,5,591,0.05717491717725437,True,False,False
2503891,0,2462.460766,3352.792279,36181.40044,3,568,0.0680587466503273,True,False,False
1545169,0,5431.195034,4006.844074,83843.44261,3,624,0.06477781523432129,True,False,False
8936859,1,3855.164506,8177.181269,100781.1443,7,605,0.03825283521810538,False,True,False
4501411,0,5863.002268,7834.44993,81255.18357,4,664,0.0721554245576114,True,False,False
7648487,0,4608.024138,1369.658531,68430.87076,4,658,0.06733838232398373,True,False,False
7955772,0,5692.49133,5557.679024,84905.51759,3,517,0.06704501063745297,True,False,False
8681309,2,3137.853489,10299.72763,60829.35197,3,582,0.051584529300057906,True,False,False
5726231,1,2379.377461,4227.200535,41150.82256,5,646,0.05782089671550906,True,False,False
2460799,0,6265.594816,3938.700545,79813.28939,3,557,0.07850315234326166,True,False,False
3230608,1,5604.807422,9228.160188,89526.15221,5,618,0.06260525314271183,True,False,False
8491041,1,5045.941958,8803.352052,74615.24882,4,632,0.06762614931664582,True,False,False
6871719,0,3922.864307,3557.880276,77848.10149,5,652,0.05039126493667816,True,False,False
3931086,0,5436.532644,6212.063251,74700.47918,2,632,0.07277774792983598,False,False,False
2376046,0,6899.285402,949.3028689,94930.28689,2,595,0.07267738914551594,False,False,False
6920209,0,5298.758678,5835.957983,79325.93745,3,651,0.06679730297974563,True,False,False
8676716,1,3197.925237,5206.275747,65892.21977,6,607,0.048532668168753665,False,True,False
4687834,1,4797.16315,7590.025533,67700.16695,6,595,0.07085895598371195,False,True,False
3171502,0,3361.828732,3861.167195,41665.20384,5,584,0.08068672230453679,True,False,False
4032414,0,4815.121256,4611.124642,83880.77718,3,538,0.057404347192291955,True,False,False
3033571,1,5594.45613,5581.419321,85511.20427,6,568,0.06542366205410476,False,True,False
5669177,0,3592.971436,703.5474664,70354.74664,5,626,0.05106935363416156,True,False,False
5387202,0,5023.085666,8183.306718,97075.43796,3,698,0.05174414632123284,True,False,False
3467078,0,3138.328703,6046.131288,63705.95519,4,665,0.049262721101034954,True,False,False
3736693,3,4319.78009,16834.17089,81531.82928,4,673,0.05298274463050291,True,False,False
8826143,0,3495.18196,2258.945221,46876.58299,3,569,0.07456136384227523,True,False,False
6871698,1,4672.530999,10059.6745,75038.06732,5,627,0.06226880789818295,True,False,False
8958817,0,6654.649792,971.3586189,97135.86189,6,562,0.06850868116593185,False,True,False
3126861,3,2310.542561,16649.02867,85740.50065,6,555,0.026948088050381593,False,True,False
5974066,1,3539.861621,5724.664434,49222.51784,5,692,0.07191549267159553,True,False,False
7836852,3,6905.866619,15241.37741,95225.41367,5,521,0.07252125617360944,True,False,False
6341937,0,4452.25729,3694.561704,54260.74478,5,685,0.08205300734539603,True,False,False
5315847,0,4597.693164,7551.521974,80341.83357,4,610,0.05722663971807583,True,False,False
7918247,1,2391.114661,4897.205067,60326.33021,6,622,0.03963633545545319,False,True,False
5890246,1,2829.371919,4636.656344,41867.71494,6,749,0.06757884740198339,False,True,False
1495466,2,5468.074456,14993.25864,87151.02886,3,638,0.06274251179276324,True,False,False
4084831,0,1899.960069,3451.546411,47362.73746,6,663,0.04011508140982356,False,True,False
8381516,0,4146.974313,3534.774288,77439.12551,7,643,0.053551409390134266,False,True,False
6520548,0,3207.636674,4729.65361,77632.54123,6,622,0.04131819753905536,False,True,False
2991791,1,3990.949145,7748.000505,85691.8439,3,683,0.046573267225493785,True,False,False
8611523,0,5254.604098,6562.414202,78624.77265,5,647,0.06683140594111467,True,False,False
3823781,2,5863.817067,11352.95159,84619.43687,5,628,0.06929633762522579,True,False,False
7901646,1,3431.120237,7844.952603,77433.65621,6,598,0.04431045110016251,False,True,False
6547370,0,3904.968649,5665.087682,72903.07125,5,646,0.0535638428127265,True,False,False
7464945,3,4778.558443,18356.24543,91934.21695,4,624,0.05197801864782185,True,False,False
8576157,0,3612.747893,5915.341718,60362.6438,3,718,0.05985072332103519,True,False,False
1027657,0,4609.15776,4706.392352,75413.42005,3,515,0.061118535095531716,True,False,False
1419676,0,5117.216303,8318.055704,83904.07388,3,617,0.0609888896493711,True,False,False
1568118,1,4098.876037,5545.998026,81016.12647,7,658,0.050593335124677924,False,True,False
4322353,0,1154.96308,195.1480662,19514.80662,4,651,0.05918393671481845,True,False,False
1587240,1,5506.402021,6676.960279,87948.59295,5,604,0.06260932479193232,True,False,False
8735408,1,2843.859111,7699.613507,54672.24054,5,722,0.052016509345713384,True,False,False
6004109,1,4603.995386,7250.202705,66757.52837,5,637,0.06896593535462553,True,False,False
2397436,3,3669.635064,14239.42593,74670.59076,4,655,0.049144315407850934,True,False,False
6093434,0,7865.328285,6735.600554,96493.94,4,572,0.08151111131952948,True,False,False
7368948,1,2143.909128,3923.584608,39693.27418,6,685,0.05401189930258355,False,True,False
6124508,0,5044.166344,5800.245184,77181.95563,4,634,0.06535421787161058,True,False,False
3661303,0,2106.296757,3397.010691,45597.239,5,598,0.046193515291572805,True,False,False
1745468,0,3268.934253,2891.026727,53099.61189,5,617,0.06156230030027061,True,False,False
7276799,0,3909.763754,2379.057214,77424.17282,3,670,0.0504979725529601,True,False,False
8295347,1,3578.149242,6180.492568,72181.28208,5,595,0.049571705279968056,True,False,False
7879510,1,3606.228158,5214.180238,45730.45173,3,615,0.07885835415079115,True,False,False
6253146,0,3128.878024,542.8582352,54285.82352,4,709,0.057637110779893724,True,False,False
3055212,1,7342.278852,8797.452121,79446.25646,3,644,0.0924181853136998,True,False,False
4291811,1,5595.370415,12425.93219,101316.5058,5,667,0.05522664220226198,True,False,False
6190380,0,5253.867693,5053.678339,81195.19671,5,598,0.06470663174528567,True,False,False
6684293,0,1330.547468,1437.037198,27324.9745,5,717,0.0486934568959982,True,False,False
5382252,1,5215.56097,6585.056722,68688.79112,5,668,0.0759303066040042,True,False,False
7154049,0,680.8202739,139.8336899,13983.36899,4,526,0.0486878572958261,True,False,False
7098917,0,6233.429979,6255.382544,95538.90193,5,723,0.06524494057475294,True,False,False
7275926,0,5218.753403,5390.780864,102219.1092,4,559,0.05105457721010936,True,False,False
1001059,1,5076.742263,8776.446536,93059.12788,6,684,0.054553941979194914,False,True,False
4289123,1,3057.966392,6122.499682,65420.05402,5,674,0.046743562624774485,True,False,False
1987614,0,2430.076983,442.7196846,44271.96846,4,699,0.05488974327390909,True,False,False
3565916,1,4790.906692,8077.550015,70754.32391,5,728,0.06771185741374713,True,False,False
5530937,2,3441.316814,8320.001467,56626.52984,5,556,0.060772164985626806,True,False,False
7087010,1,5407.245534,10564.85666,84186.17175,5,707,0.06422961659377271,True,False,False
2712304,0,3979.447957,2279.802255,55406.21465,7,630,0.07182313359860616,False,True,False
6910211,1,1931.179431,4534.401806,40142.23533,5,655,0.0481084178577556,True,False,False
8484880,2,3058.099408,6725.908091,51499.71772,5,619,0.059380896505620694,True,False,False
6837100,0,4563.96505,6008.507098,66512.85496,3,668,0.06861778903859579,True,False,False
3645449,0,1007.991232,1431.455641,22676.80551,5,576,0.044450318699231994,True,False,False
5239238,4,2020.52669,8093.481631,37061.99506,6,720,0.054517483117920415,False,True,False
7849429,0,4252.275089,5206.52774,89410.57549,6,643,0.04755897236648018,False,True,False
3493854,2,3938.152731,8179.599555,85499.39941,7,647,0.046060589409700516,False,True,False
5084020,1,3057.37779,4579.360441,55490.77114,7,625,0.05509704996325269,False,True,False
6378247,0,1788.485758,267.5028789,26750.28789,4,698,0.06685856112481636,True,False,False
5106904,1,2877.740765,4738.677201,51023.37618,8,661,0.05640043800410073,False,True,False
2091333,0,4191.635003,6146.433937,75888.65226,5,623,0.0552340156027433,True,False,False
3960216,1,3843.430126,4928.897055,54528.77476,7,605,0.07048443950769599,False,True,False
3158048,0,2144.409705,2209.22284,30789.32857,5,613,0.0696478229502359,True,False,False
1564230,0,3036.45307,2435.787228,48237.34002,7,592,0.06294818637887238,False,True,False
4761699,0,2134.419352,2653.412711,33827.26169,4,603,0.06309760960139957,True,False,False
8398238,0,3741.759452,732.8478584,73284.78584,1,714,0.05105779336203898,False,False,False
8533024,0,6210.117374,4064.567937,87975.4853,5,758,0.07058918007469066,True,False,False
2199047,3,2265.663311,6051.38816,32995.48411,5,628,0.0686658605597892,True,False,False
8826436,2,3778.280187,15492.45441,83978.92958,5,667,0.04499081145587519,True,False,False
2391545,1,3757.054873,9025.621762,73512.29103,5,678,0.05110784632554528,True,False,False
1602378,3,3566.091882,12108.64916,68808.09217,5,596,0.05182663505899091,True,False,False
7243343,0,5748.910404,6766.809804,89473.10476,4,705,0.06425294416037877,True,False,False
8670110,0,5264.969935,3064.275303,77536.08822,4,585,0.0679034763794278,True,False,False
8033302,0,2946.595082,1844.261003,76287.62691,6,593,0.03862480983287411,False,True,False
2267962,0,5582.195183,3134.855259,91817.24019,2,690,0.060796808654329036,False,False,False
8263813,0,3055.605549,7123.916725,90021.65453,5,614,0.033943005879565454,True,False,False
1960234,0,6226.723042,7109.023459,102158.7265,5,704,0.06095145520436768,True,False,False
4857196,0,5905.651694,6464.166013,85237.34679,4,597,0.06928479025220959,True,False,False
1164972,2,3704.519507,7371.679196,58331.16973,8,751,0.06350840423991613,False,True,False
1499126,1,5990.975328,7799.589808,72201.75809,6,723,0.08297547714187524,False,True,False
3992118,0,3319.563458,500.9103094,50091.03094,5,798,0.06627061563129409,True,False,False
1810295,0,3610.267797,655.7621986,65576.21986,5,681,0.05505452745991815,True,False,False
2970684,1,5249.844325,10179.09208,92144.15847,5,727,0.05697425004656403,True,False,False
7186877,0,6885.852475,3968.553779,90437.57877,4,604,0.0761392837872411,True,False,False
3673558,0,6080.86297,7824.766199,98429.47448,4,641,0.06177888282066951,True,False,False
8473246,1,3771.284547,5511.474841,56182.40507,6,726,0.06712572276500445,False,True,False
4188521,0,4682.516873,6581.588747,82156.78847,6,720,0.05699488697406723,False,True,False
5037055,1,4860.322597,6508.752751,65421.89587,5,664,0.07429198638110333,True,False,False
3404725,1,4671.637462,5783.38644,64160.99184,5,582,0.07281117900499089,True,False,False
1418829,0,2368.339334,3354.412276,37810.50457,4,553,0.06263707297572305,True,False,False
7236761,0,4874.538445,4224.239854,81580.58945,5,629,0.059751204028595066,True,False,False
5501714,0,4193.488714,4595.830564,64836.96601,3,623,0.06467743591446315,True,False,False
7910822,0,3702.654816,5453.640791,74782.87684,5,527,0.049512067099557175,True,False,False
6893696,0,905.2093892,918.1759316,13591.98801,3,604,0.06659874836072638,True,False,False
7603539,0,4928.195468,2682.334457,70876.93335,6,659,0.06953172541571312,False,True,False
7151152,0,4202.057554,3536.52421,74667.18892,3,622,0.056277162898179724,True,False,False
7485292,0,6370.776518,4836.324798,101043.6701,3,689,0.06304973395854511,True,False,False
8651052,0,3297.133183,4367.732358,62027.45924,5,705,0.05315602514432445,True,False,False
1816937,0,4658.236876,1654.721355,63620.57691,1,643,0.07321902916079671,False,False,False
1970333,3,5335.362967,14138.90391,90007.8149,7,639,0.0592766636200164,False,True,False
7098230,2,5860.263249,12804.69855,76901.54065,1,599,0.07620475740104694,False,False,False
4450967,0,4664.807593,7100.358794,94446.90333,5,639,0.049390794494352436,True,False,False
8595048,0,4894.395679,6323.919516,72875.61475,3,547,0.06716095220315106,True,False,False
8179442,1,4855.180207,9399.499502,82715.81505,4,645,0.058697121028973044,True,False,False
1565984,0,5604.722618,4120.007486,82808.42749,6,626,0.06768299782865493,False,True,False
1008677,1,5001.034237,10834.82906,107079.2335,7,650,0.04670405337744596,False,True,False
3109413,0,2281.069048,838.6355614,57063.41429,5,625,0.03997428258336345,True,False,False
1984979,3,4298.635564,18382.42061,98293.94576,6,611,0.04373245504352617,False,True,False
8526650,2,3120.027904,9001.377683,75360.47519,6,645,0.04140138310080632,False,True,False
2701848,2,4812.279568,13891.01916,71824.47906,4,751,0.067000549547738,True,False,False
6375016,1,4498.560696,10039.83881,90262.60486,6,737,0.04983858712007482,False,True,False
5231105,3,3300.850516,10521.29378,52340.69752,4,630,0.06306470246673167,True,False,False
7623223,0,5515.774154,4275.229823,83396.87033,3,678,0.06613886267163474,True,False,False
8429153,3,3427.83291,10092.33447,57302.14944,4,598,0.0598203198920002,True,False,False
1407014,1,4053.777899,6254.240346,71184.44422,6,584,0.05694752474953017,False,True,False
6744542,2,3901.784939,8329.705848,53692.78496,5,684,0.07266870105372161,True,False,False
5472057,0,2120.351416,2991.702083,52049.78159,4,645,0.040736989690027245,True,False,False
1338956,0,3820.609955,752.3239399,59985.22641,4,772,0.0636925153684687,True,False,False
4844513,1,6375.230147,11558.4902,104200.9994,4,543,0.06118204416185283,True,False,False
8488522,0,4165.867974,3348.93267,80942.67456,4,715,0.051466893040604755,True,False,False
5801062,3,4084.349291,10102.27554,59024.1398,5,556,0.06919794688816457,True,False,False
7926368,1,2801.46962,5965.147329,55003.05041,6,715,0.050932986427434025,False,True,False
7180627,0,5464.999792,2263.428252,69622.93294,2,594,0.07849424839240333,False,False,False
6531234,0,3847.010791,4647.533489,58327.52472,2,682,0.06595532399956094,False,False,False
6469155,0,4616.416986,1940.684212,55537.74716,5,639,0.08312215064648655,True,False,False
8453672,1,4780.748092,7987.807381,77455.80989,5,671,0.061722265880241246,True,False,False
1362452,0,4219.268592,7264.0172,81867.48628,6,693,0.05153778115978084,False,True,False
2631542,0,1925.606464,306.9108395,30691.08395,4,705,0.062741559312049,True,False,False
8197720,0,7192.762976,4879.507325,118193.6534,5,734,0.060855746218942075,True,False,False
2710952,1,3259.580111,4812.82268,46487.26609,5,629,0.07011769856909648,True,False,False
1629547,0,3019.475375,446.3892355,44638.92355,3,603,0.06764220852274562,True,False,False
1444612,0,2813.780246,1909.867606,47804.87496,6,702,0.05885969262244462,False,True,False
7181126,0,4524.225407,5242.579605,84456.33579,7,673,0.05356881002094917,False,True,False
8883093,2,3005.489332,9592.16116,54812.24987,1,653,0.05483243871813723,False,False,False
8489029,1,2786.594794,7867.78398,68748.43536,6,598,0.04053321038374247,False,True,False
3253413,1,5001.706312,7918.792987,73019.42356,5,664,0.06849829905723787,True,False,False
8229110,0,3106.481991,2829.449907,49696.72641,4,611,0.06250878509323528,True,False,False
3018989,1,3882.139639,4898.062619,60722.29161,5,655,0.06393269318512797,True,False,False
7145895,3,3735.405955,9611.905867,54962.2507,5,654,0.06796311845722869,True,False,False
1466436,1,3548.333922,5679.122368,65660.26141,7,614,0.054040813207295445,False,True,False
3850733,2,2604.950948,4771.043199,55504.74775,8,614,0.04693203831378551,False,True,False
4981459,0,5457.58848,8720.692128,88109.89895,4,647,0.06194069616510439,True,False,False
4725749,2,6523.386336,16292.90362,102224.8839,5,737,0.06381407429507484,True,False,False
5557986,0,4333.993702,4631.748392,72514.62286,6,758,0.05976716875942944,False,True,False
4254020,1,3033.502993,5459.760802,58145.405,5,598,0.05217098398403107,True,False,False
2099174,1,2924.503625,6183.727482,69723.25218,6,822,0.04194445229620097,False,True,False
1179887,0,2952.498405,1931.543439,54072.91342,6,611,0.05460216988988717,False,True,False
5522422,1,3519.975193,9027.320474,69844.46479,6,650,0.050397339339394207,False,True,False
1581185,0,3748.408787,5177.990608,61454.0597,3,636,0.0609952996644744,True,False,False
8955298,0,4094.278149,1537.420655,59628.79464,5,623,0.0686627689477642,True,False,False
7636397,1,4410.02249,8753.394822,81615.07161,6,651,0.0540344130441179,False,True,False
2879586,0,2833.744859,3039.912526,55882.1341,6,667,0.050709317112497314,False,True,False
7373174,3,3498.289725,13251.61209,65743.37133,5,695,0.05321129194060149,True,False,False
5702950,0,5330.724478,6917.20122,84901.87567,3,659,0.06278688704970045,True,False,False
7758086,1,2002.236901,3636.857179,39723.25255,5,597,0.05040465652906361,True,False,False
6090379,0,2902.490165,2218.124639,45181.1833,5,614,0.06424112767759228,True,False,False
2094150,1,3364.744753,7564.290222,74723.08122,6,642,0.045029523650042015,False,True,False
5616321,1,3322.904384,5969.510947,62685.44823,6,690,0.05300918279802176,False,True,False
4566845,0,4508.36235,1940.978855,54603.95002,4,652,0.08256476588870779,True,False,False
1265643,1,7155.53663,7017.227929,99655.63385,6,604,0.07180263025340237,False,True,False
4167905,0,2138.781609,3455.119328,39986.18808,4,642,0.0534880095277139,True,False,False
5239985,3,3383.350377,17710.75594,92957.8208,4,636,0.03639661889535173,True,False,False
1221382,0,3166.608107,3203.061581,55664.58996,2,693,0.05688729781851429,False,False,False
6158533,3,2608.258933,9763.372846,53824.48491,5,687,0.0484585953281536,True,False,False
6139981,0,4889.46612,5507.798804,69936.53331,2,645,0.06991290372267953,False,False,False
7033958,1,4407.865572,6637.558865,81716.19968,6,707,0.053941147401141594,False,True,False
3210736,0,5867.845011,5946.255478,97867.66959,4,695,0.05995692996044906,True,False,False
3367429,0,4376.431152,3862.315425,63794.54854,5,620,0.0686019613299077,True,False,False
3464184,0,3177.791986,5614.586406,62895.28198,3,603,0.05052512503259788,True,False,False
3054841,3,3563.025198,11237.06842,66132.48333,6,592,0.05387708155794729,False,True,False
3846245,0,2723.967918,2130.574519,45408.68371,4,629,0.05998781940909073,True,False,False
4307127,1,1803.01454,4174.997087,44215.22945,8,587,0.040778133743236744,False,True,False
7248961,0,3441.536894,4621.510822,77388.24724,5,622,0.044471053638505946,True,False,False
7323670,1,5664.012761,9096.374969,89872.03599,5,644,0.06302308274878997,True,False,False
4493311,2,4830.694542,9373.963859,86943.51056,8,673,0.055561300790429,False,True,False
1114902,0,3850.932777,3716.580824,59191.46861,7,777,0.06505891587811373,False,True,False
5791717,1,3993.797276,9512.430261,75639.19922,2,668,0.05280062873727499,False,False,False
1904741,0,5686.291095,8971.045054,97407.54786,3,633,0.0583762882848943,True,False,False
3416916,1,4418.114692,5730.469031,59455.56433,6,636,0.07430952412591456,False,True,False
3660430,0,2176.683357,4777.504341,64107.46697,2,623,0.033953663432351955,False,False,False
5781297,0,2858.22341,5230.643565,64117.22408,4,653,0.04457809038073378,True,False,False
8475224,0,4583.879163,1884.79855,64243.22342,2,600,0.0713519484075726,False,False,False
1159342,0,4104.678975,4585.826308,62304.72964,3,661,0.06588069635671402,True,False,False
8631951,2,5142.780823,10561.98747,69658.11652,5,632,0.0738288813985291,True,False,False
1047961,2,6260.290489,13281.12613,97121.82012,8,646,0.06445812569477204,False,True,False
3734318,1,2986.946306,4442.391951,49611.8005,5,634,0.06020636775720325,True,False,False
7789471,0,4006.245717,5009.248029,78564.20898,6,643,0.050993267405261666,False,True,False
7881670,0,3026.15346,2100.951674,58122.38867,5,665,0.052065194312324536,True,False,False
1884822,1,3123.337607,7168.554221,73310.15467,7,747,0.04260443346572467,False,True,False
8793368,0,4248.004826,5223.480427,59137.04026,4,664,0.07183323357617087,True,False,False
3155020,1,2628.774236,3881.645167,40945.2306,5,654,0.06420220859618263,True,False,False
4818365,1,3888.838361,6972.84666,64028.69792,6,535,0.060735865125023616,False,True,False
7025410,0,3486.316206,2115.229265,62357.94794,5,662,0.05590812913462912,True,False,False
5839864,0,4336.717742,3942.239218,82699.64684,5,691,0.052439374383185695,True,False,False
1141039,2,3850.976605,9924.595536,75603.88276,8,674,0.0509362279345453,False,True,False
1264397,1,3853.500079,4584.800585,66955.07234,8,592,0.05755351976071063,False,True,False
7914470,2,6313.004226,15800.04503,96654.13455,5,596,0.06531540792736838,True,False,False
4600077,0,5677.574057,6737.942437,91456.14032,4,603,0.06207974704743149,True,False,False
5771923,1,5626.547214,7694.91318,82654.36208,6,610,0.06807320354797662,False,True,False
3846787,0,2606.836932,3757.200988,46380.08724,5,573,0.056205951457369445,True,False,False
7424600,1,3182.401582,6580.894865,54685.44006,6,700,0.058194678117398695,False,True,False
6890222,1,4121.563493,5538.913241,63445.30515,6,661,0.064962466225919,False,True,False
6166583,0,5356.9221,7139.278659,92205.92693,2,607,0.058097372678296656,False,False,False
4070378,1,2198.996476,5966.467299,48546.23379,6,656,0.045296953117153434,False,True,False
4623374,0,3894.004292,5142.900836,70766.94277,3,680,0.055025752697215186,True,False,False
8082310,0,2373.377674,4941.455758,51926.4673,3,651,0.045706511484558475,True,False,False
6383325,1,3765.401103,4957.881226,57843.03246,7,808,0.0650968827680996,False,True,False
4432105,2,2666.307024,8072.653535,48915.57337,4,700,0.05450834653070326,True,False,False
8044096,0,3017.627527,4642.463888,61461.31561,5,571,0.049097997611183906,True,False,False
7261260,4,3441.496831,9179.18586,45562.5894,6,693,0.07553338992186427,False,True,False
7076237,0,6140.40991,4040.610638,90080.90866,2,685,0.06816549701087352,False,False,False
7170158,2,3461.957771,5989.386406,45569.26786,6,671,0.07597132746648434,False,True,False
8331827,1,2969.323864,6375.932062,52596.06247,5,712,0.056455250156675844,True,False,False
1182311,0,5057.805192,5153.869131,95535.63461,5,612,0.052941556442757796,True,False,False
7956087,1,3235.557353,4888.833628,63931.72592,7,581,0.050609573047484535,False,True,False
4777683,1,3838.645413,5707.316785,61465.68683,5,624,0.0624518428243845,True,False,False
4794468,0,6219.449205,4959.402605,81289.40913,5,714,0.07650995709728564,True,False,False
4011234,1,3976.350366,6731.905312,67704.3401,5,657,0.058731099957947897,True,False,False
8844336,0,6291.117031,7050.615043,106476.8284,2,674,0.05908437662480187,False,False,False
3344985,1,2105.339159,3550.192611,49769.89055,7,680,0.04230146250542639,False,True,False
7978561,0,3163.147936,4646.806886,55386.42015,5,591,0.05711053228270432,True,False,False
1371299,0,2396.402636,2652.45018,43997.88641,4,633,0.054466312623947695,True,False,False
2285136,0,2165.55003,3209.387565,41281.37712,6,673,0.0524582797638995,False,True,False
3988102,0,2452.617451,2830.522546,49139.98245,6,714,0.04991083286396249,False,True,False
1853731,1,3762.040478,5165.442589,63315.46831,5,662,0.05941739954572564,True,False,False
6829730,1,4255.969441,6775.487284,64679.90599,5,688,0.06580048897501498,True,False,False
3345416,1,2354.711739,4476.496178,36774.48673,3,680,0.06403112452087785,True,False,False
1569612,1,3257.432198,5342.562077,72206.79861,7,682,0.0451125414878714,False,True,False
6599179,0,4073.594188,4432.963212,71288.71988,5,592,0.05714219858144547,True,False,False
1651591,1,3897.112566,4863.665493,72582.3636,5,712,0.05369227967660177,True,False,False
4703745,1,2915.395583,5759.382302,47930.95883,4,652,0.060824895937096356,True,False,False
8242851,2,2985.74883,5598.598939,63174.569,9,645,0.047261878905734994,False,True,False
1725757,0,6236.319272,4925.343949,106395.9988,5,697,0.058614227436530254,True,False,False
4511773,0,5295.409696,7681.703656,69913.65807,2,686,0.07574213454398353,False,False,False
4002198,0,4596.494359,3640.377834,65386.76231,3,613,0.07029701726486969,True,False,False
2667590,2,2842.029989,8783.739171,62339.38677,8,611,0.04558963660463355,False,True,False
4218874,1,5011.369291,7586.355959,83369.59492,5,649,0.06011027516457075,True,False,False
2536369,3,1978.914709,7074.163727,36818.87363,4,559,0.05374729082933111,True,False,False
1928324,1,4606.013592,6584.456515,76905.19486,5,692,0.05989209962194224,True,False,False
6528734,0,1513.430554,2244.788712,23559.2695,4,643,0.0642392818673771,True,False,False
1096205,0,4998.726101,4092.565751,75660.67796,6,713,0.06606768847145023,False,True,False
2725483,2,2680.995319,7376.82621,47246.61659,3,600,0.056744704965126486,True,False,False
6685377,1,2279.573451,4207.273725,38656.46856,4,508,0.058970038803772204,True,False,False
8155135,0,3000.107099,1233.713508,67124.44139,5,668,0.044694704892500554,True,False,False
3365069,0,4655.056574,4633.546842,88555.16325,6,655,0.05256674374658781,False,True,False
6244369,0,2378.623035,3007.353653,59634.68891,4,573,0.039886567339854684,True,False,False
8211873,0,7296.431317,5902.421146,93198.26737,4,662,0.07828934510158801,True,False,False
8518164,1,2762.059202,5576.152977,68018.40329,8,598,0.040607527792497815,False,True,False
5223380,0,4418.584607,5002.910709,72191.47,4,622,0.06120646396312473,True,False,False
6690731,2,2532.73045,6278.453879,58386.1807,7,669,0.04337893692710748,False,True,False
1567714,0,5359.893691,703.1959293,70319.59293,4,662,0.07622191010598617,True,False,False
2059373,1,7502.425753,9628.229856,98142.18775,6,731,0.07644445192225706,False,True,False
6845307,2,3165.925551,10666.97873,63151.6348,6,672,0.05013212343633581,False,True,False
5992031,0,2559.401347,2082.863107,59522.2306,5,652,0.04299908321984156,True,False,False
7613638,1,2306.117578,3744.596379,43250.65931,6,694,0.05331982482557905,False,True,False
5884832,1,5206.100102,7831.588188,88918.0565,4,624,0.058549413998944075,True,False,False
1946459,2,5308.147136,14890.00374,81202.60396,3,633,0.06536917385820247,True,False,False
7557978,0,5427.445186,3769.746537,65451.67478,6,620,0.0829229382478454,False,True,False
3325919,0,2736.434392,2956.907061,46815.77975,6,625,0.058451112138103396,False,True,False
3381783,1,2730.915243,9022.308061,78997.46742,6,740,0.03456965561289129,False,True,False
6706010,1,4168.319545,10967.87248,92829.29019,5,699,0.04490306385482878,True,False,False
6687562,1,3743.097232,6848.266851,59088.06755,7,666,0.0633477686308257,False,True,False
1241736,0,4144.665376,5742.087426,61461.68641,4,720,0.06743494391533081,True,False,False
2957112,1,1172.733329,1552.614183,16980.31489,5,722,0.06906428629840326,True,False,False
7347209,0,3411.299789,963.6622101,56185.65529,7,740,0.060714781582464655,False,True,False
2605971,0,4164.995003,3436.000061,70998.64641,3,638,0.05866301984052149,True,False,False
7243737,2,4290.956525,7013.484561,69005.49749,7,667,0.06218282138494586,False,True,False
6542730,3,3456.057137,9359.40711,55679.87011,8,741,0.06207013648150193,False,True,False
5953598,0,4839.068242,4959.499543,96052.80964,4,533,0.05037924720928549,True,False,False
2354757,0,5005.192491,717.1700638,71717.00638,5,578,0.06979087309472272,True,False,False
8132539,1,5691.22372,13366.63003,93804.78412,5,712,0.06067093244113742,True,False,False
7368622,1,2607.082244,5545.776271,62277.92514,7,711,0.041862060082112754,False,True,False
1987518,0,2822.345866,5725.358519,62015.85653,5,616,0.04551006829414181,True,False,False
5021392,0,2840.493546,2335.620759,42023.89948,5,645,0.06759233629310976,True,False,False
8853921,1,4727.868166,7231.952443,76459.25915,5,605,0.06183512917284133,True,False,False
5023473,0,3833.870426,2839.164662,78009.59917,5,581,0.049146136716395075,True,False,False
6137133,0,3678.214979,5069.310382,62325.28164,3,709,0.0590164196970005,True,False,False
1560328,1,3013.894585,7658.625873,56448.35984,5,737,0.053392066546180096,True,False,False
6702734,0,2642.491111,2976.067753,45356.20139,3,552,0.05826085584809596,True,False,False
1392511,0,2246.32827,1704.579079,34090.01844,4,486,0.06589401745128537,True,False,False
5051515,0,2741.388992,3775.95631,40938.51437,3,605,0.06696356802847021,True,False,False
5785696,1,3105.201082,5195.415639,63572.13214,7,604,0.04884531912759596,False,True,False
8374697,1,2386.827928,5192.447962,48980.5035,5,632,0.048730163176048204,True,False,False
5605959,0,2665.789128,3496.41859,51885.86455,4,658,0.05137794563355695,True,False,False
6990986,0,2164.523567,448.6153688,44861.53688,3,589,0.04824898381858558,True,False,False
1464167,2,4292.372116,8431.506699,64883.83257,7,676,0.06615472523712543,False,True,False
2762046,0,5227.367519,5486.54633,87519.86831,3,616,0.05972778090209629,True,False,False
4399003,4,5519.268109,16519.01506,82643.33997,7,686,0.06678418504145071,False,True,False
5046534,0,3454.158193,3695.674532,60003.69047,3,527,0.057565762471342874,True,False,False
1146939,1,3132.941318,6238.288724,60738.98392,5,579,0.05158040381654116,True,False,False
3898717,1,6115.353688,9341.658194,98242.13208,5,648,0.06224777046797171,True,False,False
8344988,2,5855.421013,10617.63609,76865.3058,6,687,0.07617768448401853,False,True,False
5510558,0,4443.194436,3860.940688,77640.93309,5,705,0.05722747343658952,True,False,False
1906064,0,3373.47251,3569.842398,63704.98409,2,628,0.05295460878279296,False,False,False
3465526,2,3049.062945,9757.629862,74283.88911,8,654,0.041046086594697946,False,True,False
6476884,2,5148.747272,11762.49848,68746.33033,4,708,0.0748948670755907,True,False,False
3824591,0,3641.986724,2906.877091,54558.73938,5,565,0.06675349843832847,True,False,False
3086558,0,7162.90808,5863.453412,101537.2088,3,579,0.070544662047082,True,False,False
4240531,1,5466.033694,9941.901446,86554.77009,6,632,0.06315115490823205,False,True,False
8019335,3,6336.538432,16101.75326,84304.89524,7,562,0.07516216482994352,False,True,False
7790930,0,4980.715234,9700.001595,95974.76887,3,641,0.05189608990615536,True,False,False
2477832,1,3183.338759,6043.563397,64565.23226,5,729,0.04930422531713201,True,False,False
6211093,0,3197.424773,9054.699928,79054.85181,4,565,0.040445648809571785,True,False,False
3706689,2,2921.19302,6954.249605,51692.93295,5,653,0.056510490956772075,True,False,False
7091781,1,2727.07335,5558.918305,55244.47865,5,646,0.04936372677670296,True,False,False
2199740,2,5115.432443,12351.18752,79585.01806,3,598,0.06427632446025733,True,False,False
5691004,1,6149.823357,7369.31991,81963.92766,4,749,0.07503085238314212,True,False,False
6649387,0,1791.898603,2484.332424,43474.80633,4,615,0.041216942736867164,True,False,False
3522154,0,1535.279893,1097.905338,26672.95805,7,603,0.05755941617431516,False,True,False
7592741,1,4600.507311,8977.685389,103448.994,7,640,0.04447126195349952,False,True,False
2586885,1,4444.303585,9610.569244,84237.45019,6,613,0.052759236835584936,False,True,False
7779970,0,3876.924873,3533.706075,86002.68217,7,673,0.04507911585055627,False,True,False
5439915,1,3099.111542,7026.625986,65659.02947,6,619,0.047200081497031615,False,True,False
7554704,1,3669.459578,8333.781239,88439.3178,7,655,0.04149126959909679,False,True,False
8993449,0,4819.474259,7180.584743,83114.07742,4,610,0.05798625706504292,True,False,False
3865904,0,3950.795122,3080.709544,55091.73142,5,639,0.0717130324309564,True,False,False
3643046,1,5863.991946,7895.920781,80190.15998,5,732,0.0731260786543202,True,False,False
7212136,0,2437.736736,4028.896051,38502.64477,3,563,0.06331348795808969,True,False,False
2609515,0,1736.329373,361.4728003,36147.28003,6,671,0.04803485550113188,False,True,False
3735509,3,5043.896491,14816.74108,83481.06361,5,643,0.06041964815594185,True,False,False
3133143,0,1207.617524,1960.65543,30885.67973,6,624,0.039099593551344514,False,True,False
1079084,1,6110.090487,9829.006753,91738.61127,2,581,0.06660325900309436,False,False,False
1320490,0,1606.12675,2140.616279,28032.13971,3,611,0.05729590272507956,True,False,False
1863313,0,3194.91372,2168.253408,82146.63319,5,622,0.038892813934447754,True,False,False
3616177,0,4250.713829,5144.671496,71847.64208,2,684,0.059162885599877715,False,False,False
1273611,1,2415.207956,4946.684255,62122.91383,6,545,0.03887789234434885,False,True,False
3009778,1,5201.734567,12034.57831,90138.97435,4,631,0.05770794048312799,True,False,False
7924637,1,3549.428545,6672.657778,70221.03623,5,604,0.05054651334643229,True,False,False
6418421,0,4132.386881,8551.15955,79861.46114,3,599,0.05174444371554608,True,False,False
6038948,0,2263.342358,1450.107616,28184.83284,4,635,0.0803035579756165,True,False,False
7472264,2,3475.94943,9046.415023,84512.65771,8,627,0.04112933522842824,False,True,False
8864522,0,5859.650156,1097.188024,94461.77347,5,670,0.06203197273086302,True,False,False
3745916,1,5511.542314,8062.971304,78649.29238,4,631,0.0700774558450007,True,False,False
4643689,1,3894.174936,7263.702611,67238.07659,5,646,0.05791621553581386,True,False,False
3447226,0,2320.759509,5347.690883,54374.94087,5,655,0.042680681061308894,True,False,False
8321264,0,5790.633855,8673.566611,92662.31709,3,718,0.062491787782251756,True,False,False
8305136,2,3502.899678,11272.32836,75688.96231,9,692,0.04628019160380533,False,True,False
3256258,1,2686.235628,4728.632795,36268.33247,5,707,0.07406559510895538,True,False,False
4092413,0,6196.270875,6142.213433,83965.92609,3,500,0.0737950638257529,True,False,False
3541503,2,3516.0093,8990.592726,57893.59636,6,664,0.06073226610653766,False,True,False
1807430,0,3954.274731,5602.458759,57706.70418,4,735,0.06852366266951827,True,False,False
5211114,0,3663.736165,5129.009947,73355.07491,4,622,0.04994523104904563,True,False,False
5396856,1,4165.781632,7655.954517,79327.60273,6,511,0.05251364580092865,False,True,False
4843481,1,6707.747104,11961.15349,106562.3085,5,650,0.06294671350893266,True,False,False
3157861,4,3132.266528,13224.70981,60727.35249,8,604,0.05157917148645319,False,True,False
3849392,0,6715.581206,3209.195208,104196.8362,2,618,0.06445091281955834,False,False,False
3579022,0,4939.506739,749.8294388,74982.94388,1,676,0.06587507082817405,False,False,False
1077967,1,4688.891959,9799.928088,77224.65529,5,708,0.06071755116797751,True,False,False
1133546,2,3742.738873,11731.17525,67625.80267,5,706,0.0553448347410203,True,False,False
5512977,0,4009.91212,1053.871339,64578.20629,4,636,0.06209389127336196,True,False,False
8610288,1,3303.832541,4733.560992,65254.80497,7,664,0.05062972056262971,False,True,False
1305864,0,1930.2179,4379.494248,48653.85992,6,775,0.03967245154184675,False,True,False
4890594,1,5740.483474,8945.079045,76204.8133,5,652,0.07532967046846632,True,False,False
7101823,2,2466.011334,5079.577357,44343.70464,6,679,0.055611306137366506,False,True,False
5565993,0,4169.201342,1822.116084,73132.9877,3,645,0.05700849196948644,True,False,False
2061413,0,2038.609652,2984.174167,42878.6052,6,625,0.0475437492075885,False,True,False
6043639,0,4757.975697,2984.27057,77623.70821,3,716,0.06129539295041107,True,False,False
2346075,0,5250.094385,4233.980876,86137.04205,4,574,0.06095048378782819,True,False,False
1308226,1,3073.179467,4139.722687,51553.93434,5,712,0.05961095901492743,True,False,False
4719420,1,4821.075352,7447.861135,80906.49679,6,595,0.05958823510197863,False,True,False
4351165,1,6074.616765,9309.231021,93160.69486,6,688,0.0652057906408793,False,True,False
3231024,1,3242.823829,8435.809283,77632.38291,6,650,0.041771535375378574,False,True,False
7756234,2,3249.023019,9902.114111,53766.50998,2,615,0.0604283785614608,False,False,False
8024805,0,4742.798051,5003.561943,77675.93615,4,646,0.06105878198675563,True,False,False
1742035,1,4108.809961,6989.121542,72659.32606,6,683,0.0565489687807875,False,True,False
3710878,0,5154.71234,749.8911652,74989.11652,5,650,0.06873947286237478,True,False,False
1463142,1,3539.609739,6418.426506,68094.51658,6,650,0.05198083365261186,False,True,False
7844104,0,6027.724179,5806.646784,73077.46245,4,621,0.08248403785399912,True,False,False
3539090,0,2607.357278,1418.015191,67899.71984,5,706,0.03840011835312456,True,False,False
2590730,2,2564.695146,9070.807022,75641.34157,10,632,0.033905997603527166,False,True,False
7000976,0,3693.48756,5623.120993,62025.6793,3,657,0.059547716392362025,True,False,False
3829612,0,3980.810542,3552.742635,76263.00571,4,583,0.052198448054061104,True,False,False
8485685,1,5343.824505,9254.010448,87266.75954,5,699,0.06123550975386658,True,False,False
7063606,2,4773.231919,9498.196153,72838.88505,5,707,0.0655313698956736,True,False,False
1602627,0,4439.968969,5537.722301,68059.89478,4,645,0.06523620089851687,True,False,False
7990888,1,6400.906415,10330.26224,96572.04338,6,625,0.06628115333350836,False,True,False
3227595,2,1773.509386,5765.87426,45612.44004,8,633,0.03888214233758848,False,True,False
4620591,1,7278.033078,9678.868342,102560.8242,4,718,0.07096309077828179,True,False,False
5115949,0,2086.797467,1722.842994,33398.6724,4,657,0.06248144962193167,True,False,False
7883632,1,2635.151571,9452.339178,72363.60366,6,741,0.03641542761442956,False,True,False
1352345,0,2583.756268,3245.985466,54552.18465,4,610,0.04736302101514463,True,False,False
1326617,0,5346.209923,3360.883512,88720.69956,5,644,0.06025887926395878,True,False,False
4051969,0,7489.613849,6385.588784,95464.70799,2,654,0.07845426866842292,False,False,False
1653529,1,7280.506611,7931.679235,84852.81062,6,586,0.08580159640915852,False,True,False
5688020,0,4803.005208,4984.625986,94543.99118,6,739,0.05080180292849786,False,True,False
4891081,0,3409.031164,3886.715818,68797.90132,5,709,0.049551383088614245,True,False,False
8160130,1,3144.990039,7015.883752,60863.12049,6,572,0.05167316453182402,False,True,False
7391257,0,4226.074172,5302.385344,67238.35891,4,547,0.06285213143968447,True,False,False
3207994,0,3656.969026,4231.106325,64083.90249,3,685,0.057065329730358626,True,False,False
8358006,0,1523.754472,2309.054207,32210.11786,5,690,0.04730670277652937,True,False,False
1980939,0,6582.849329,3263.596754,73857.85841,1,651,0.08912862450542856,False,False,False
2440002,0,2131.039489,3057.823704,47938.68878,4,661,0.044453437155524966,True,False,False
5961210,1,2095.076364,3083.535343,43638.05051,5,632,0.048010310715413305,True,False,False
4906734,2,2037.196785,10067.09728,69296.12264,7,774,0.029398423856749283,False,True,False
1138342,0,6742.525405,5406.570732,103052.3207,6,601,0.06542817628172055,False,True,False
2272675,0,6479.531457,884.9995611,88499.95611,5,582,0.07321508102158086,True,False,False
5081104,2,2631.912756,8610.047849,48014.5858,5,602,0.05481485911308226,True,False,False
8635185,0,3406.847015,1070.289172,68633.51373,4,687,0.04963824274540751,True,False,False
4547322,0,4927.697673,4667.493831,65726.88149,4,593,0.07497233340896788,True,False,False
7824177,0,4608.020561,5933.316553,85860.15619,5,641,0.05366890494355622,True,False,False
3951334,0,5136.340043,4326.852428,67337.90933,4,709,0.07627709404859244,True,False,False
3344159,0,6523.731839,5317.707583,83619.72299,4,676,0.07801666408031711,True,False,False
5469473,0,2506.08379,3540.650418,61596.74282,7,661,0.040685329698736825,False,True,False
4789192,0,5280.962699,5608.88348,86647.39112,5,625,0.060947740384777085,True,False,False
5007975,1,4165.927848,7811.372751,61836.79801,5,791,0.06736972129970739,True,False,False
7587694,1,4775.48397,9987.89296,83169.102,4,752,0.057418967563218376,True,False,False
8552887,1,5288.426456,5237.528081,83910.92987,6,670,0.06302428615906362,False,True,False
4365687,0,2477.79471,338.4335778,33843.35778,6,520,0.0732136192308989,False,True,False
6199957,1,5209.133146,11311.91517,107823.8265,6,690,0.048311521813780185,False,True,False
1908587,1,3081.594085,10048.67659,93509.11989,6,638,0.03295501111148358,False,True,False
7574066,2,4623.184454,10375.96963,76288.10304,6,528,0.06060164389689877,False,True,False
1113482,1,1655.151225,3271.272011,38689.31326,4,620,0.042780579067843605,True,False,False
2005259,1,1706.883825,2366.304151,25740.91964,7,702,0.06631013378199567,False,True,False
6083895,0,4738.386032,7604.877348,84743.88082,3,548,0.05591419682637093,True,False,False
6827785,1,7470.942242,12330.29869,110317.5544,5,700,0.06772215249543277,True,False,False
8256957,1,3327.801345,8548.855657,80772.2534,6,672,0.04119980816333149,False,True,False
2601424,0,2893.445118,5906.470961,66991.77807,3,633,0.04319104823545102,True,False,False
8466208,2,5130.143189,9000.427691,61586.47013,6,638,0.08329984131532496,False,True,False
1991431,1,4476.913274,8666.254967,68586.58342,5,720,0.0652738925131314,True,False,False
4078949,3,3827.895814,15569.67691,71394.19705,4,671,0.05361634379498915,True,False,False
4259961,1,3755.316945,5787.762797,52270.91642,6,766,0.07184333472988687,False,True,False
2889644,1,3447.307484,9130.470087,77334.43511,5,620,0.0445766168602198,True,False,False
4697906,0,3854.077916,4180.182479,54299.79573,6,654,0.07097776085869634,False,True,False
8967121,0,3381.040112,5359.454926,65771.86289,6,701,0.0514055701547425,False,True,False
5275187,2,3064.61533,6707.446171,52649.19144,4,683,0.05820821262739605,True,False,False
3702717,1,4035.816426,5243.844843,61732.80654,5,624,0.06537555397525913,True,False,False
5826262,1,3352.22773,5460.534157,53420.44931,5,740,0.0627517696556042,True,False,False
7638511,2,2917.859173,9060.678112,62669.33053,4,622,0.0465596033709537,True,False,False
8528290,0,5413.322548,3473.557926,73277.28454,4,571,0.07387449715122864,True,False,False
7212573,1,3933.302576,7721.553142,67518.47707,4,586,0.05825520282280858,True,False,False
5627894,0,1823.739737,3260.025447,41712.08486,5,597,0.04372209500246975,True,False,False
8074344,0,6933.572142,859.5376488,85953.76488,1,675,0.08066629951206856,False,False,False
8479701,0,3080.90872,4105.924814,45700.3802,3,701,0.06741538487244357,True,False,False
2967189,2,4803.995367,12920.80908,82500.9511,8,828,0.058229575573947534,False,True,False
1569320,0,3128.512971,3250.509507,39712.7166,2,467,0.07877861901293351,False,False,False
6595443,0,2832.967728,2831.261039,38805.24858,4,622,0.07300475661583818,True,False,False
2019030,0,2801.049253,2502.680548,33367.84073,3,565,0.08394457632620089,True,False,False
3697554,0,6729.602087,7543.870643,96339.07731,4,539,0.06985329603423,True,False,False
4881266,1,7175.005769,9242.107754,101666.9008,6,673,0.0705736647083866,False,True,False
6102283,0,4618.718542,5611.964595,68462.31149,4,638,0.06746366638051123,True,False,False
3482373,0,6469.492659,6619.684591,92402.01217,4,713,0.0700146296283842,True,False,False
5315178,0,3309.269194,3043.022274,47491.62327,4,612,0.06968111355524952,True,False,False
3503197,0,3108.200726,4020.819695,72079.48063,8,592,0.04312185241671045,False,True,False
7264947,1,2551.664969,9786.050953,95106.38923,5,647,0.026829585158881338,True,False,False
5820725,0,4524.447924,5289.277899,71019.9579,5,652,0.06370671087091703,True,False,False
7830976,0,1075.018648,401.9034192,18748.17513,6,687,0.057339908580211776,False,True,False
6785735,2,2852.356192,8447.325558,60052.37599,7,579,0.04749780745519508,False,True,False
6373839,0,4444.967999,2460.232605,80873.28236,7,587,0.05496213173608601,False,True,False
8286674,1,1852.848649,3255.846101,34061.76962,5,660,0.05439672306138979,True,False,False
5979737,0,3775.766966,2803.921238,68219.56862,2,608,0.05534727120647688,False,False,False
1026260,1,2058.862231,5111.730815,52357.90446,7,594,0.039322853965114556,False,True,False
7232865,1,4340.861613,8752.126615,78022.66976,4,595,0.055635902057089515,True,False,False
5432082,0,3524.305416,8575.193836,82584.1972,3,572,0.04267530030551657,True,False,False
3169671,2,5890.475659,12223.27738,78093.37499,5,727,0.07542862195102064,True,False,False
1097217,1,2547.57791,5577.271724,58507.50024,7,643,0.043542757758402564,False,True,False
7783054,0,4602.52809,5859.473168,57915.32567,3,745,0.07946995094571485,True,False,False
4048127,0,4831.212288,655.2427006,65524.27006,4,682,0.07373164605383778,True,False,False
4500415,0,4393.638184,3972.124819,86911.42988,4,617,0.05055305372453735,True,False,False
2722489,3,5075.25853,17597.90523,81699.2708,4,687,0.06212122189467571,True,False,False
7359673,0,3812.974698,733.5588212,73355.88212,6,581,0.051979126796710115,False,True,False
3681772,0,4988.876343,5340.958852,69159.78463,5,624,0.07213551010446517,True,False,False
1360766,0,3883.3705,6122.972101,72150.54317,4,728,0.053823163754291664,True,False,False
3371640,1,2213.954171,4863.80483,36149.63165,5,713,0.06124416957924936,True,False,False
3496527,1,4951.831542,9411.621029,75306.44437,2,668,0.06575574751173184,False,False,False
2589821,0,2852.558695,1842.630424,47951.67647,4,683,0.059488195303967026,True,False,False
6205674,1,3842.700919,5273.463237,54622.33442,6,692,0.07035036052199542,False,True,False
7530508,0,2614.065745,1530.457376,34018.83834,3,542,0.07684171102122353,True,False,False
7431458,0,2914.249997,917.3111082,64879.74563,5,581,0.04491771613316049,True,False,False
3680589,0,4473.181539,6029.616654,71510.32548,3,544,0.06255294615112693,True,False,False
5704502,3,6369.541104,18146.4761,95773.01748,4,695,0.06650663487062139,True,False,False
6221724,1,6188.575157,11586.95804,105803.5714,6,647,0.058491174495457536,False,True,False
1455778,1,2918.616495,4933.121226,48214.00366,5,620,0.06053462217288097,True,False,False
5574316,1,5450.960653,5873.542653,75929.24827,4,578,0.07178999894239306,True,False,False
2916227,0,4904.581262,4698.463575,80869.84714,6,571,0.06064783643660539,False,True,False
6990394,0,3245.900545,5009.467425,67426.65003,6,645,0.048139727297082206,False,True,False
6236083,0,4121.861827,1904.309848,62193.14518,3,592,0.06627517896177251,True,False,False
7902815,2,4273.7904,10326.91463,64845.13569,3,547,0.06590764834592021,True,False,False
4869892,0,4675.627936,1061.201543,106120.1543,3,665,0.044059754406143,True,False,False
6611295,2,4121.218658,12026.03803,75094.50087,5,610,0.054880432125575425,True,False,False
4813181,0,7832.891258,6055.425882,127078.7126,5,645,0.061638106790200514,True,False,False
2493804,2,5800.845814,13999.80354,87056.10751,1,598,0.06663341585004437,False,False,False
4634281,0,5391.040833,2903.739178,88341.67124,4,565,0.061024890714983494,True,False,False
4530584,2,5411.248969,20077.71047,116714.541,5,671,0.04636310885204955,True,False,False
8758415,3,4904.292507,18373.62945,87194.16173,5,661,0.056245652342943854,True,False,False
6862671,0,3531.779467,2574.004065,62303.81679,4,631,0.0566864062101387,True,False,False
8157617,1,3910.574425,10915.97074,66122.57158,1,572,0.059141293684694285,False,False,False
5183904,1,6606.879005,15893.84039,122866.721,3,662,0.05377272992415904,True,False,False
4642463,0,3884.453912,7294.670268,74368.68866,4,699,0.05223238411206913,True,False,False
2389706,2,4793.066111,13333.38039,88993.22802,3,603,0.05385877350041539,True,False,False
2883318,0,3324.054377,5467.286879,61081.17321,3,677,0.05442027718707599,True,False,False
2423397,0,5441.794678,5729.906545,92884.01014,3,625,0.05858699112794356,True,False,False
1242932,1,2357.027754,6625.482856,54591.80613,6,725,0.04317548586663696,False,True,False
7601333,1,4074.80488,6292.158102,68388.66447,7,677,0.05958304510811863,False,True,False
6543477,0,4237.515052,5382.448782,87704.564,7,594,0.0483157872149048,False,True,False
5915713,0,2926.527693,1465.617457,40356.72862,2,675,0.07251647477565043,False,False,False
8660412,0,4534.767381,4784.522161,57888.37714,2,650,0.07833640542440676,False,False,False
1947128,0,2379.489254,1402.773808,50928.4222,4,585,0.04672222604218043,True,False,False
7642154,0,3832.906416,5546.065091,56763.29429,4,551,0.06752438285942196,True,False,False
7442484,2,4705.948967,8918.831962,68429.21262,4,649,0.06877105240320387,True,False,False
2965009,0,4897.1657,5696.708027,82797.55666,4,689,0.05914625862825551,True,False,False
1089305,0,3344.299517,4721.797036,62364.42359,4,611,0.05362511708576508,True,False,False
7116790,1,4161.507278,8188.091218,59436.94607,3,645,0.0700154963059326,True,False,False
7864658,1,4481.724106,5857.960227,64968.46508,5,587,0.06898306894708615,True,False,False
6340718,0,4796.911329,1229.567876,81040.76678,2,634,0.059191336898651185,False,False,False
2002306,1,3540.978956,6556.102976,62409.91709,6,647,0.05673744047590434,False,True,False
6290715,2,2580.608899,11247.15587,81528.9098,8,675,0.031652684984142886,False,True,False
4335137,1,2306.491431,3870.296318,39515.26382,6,497,0.05836963259328177,False,True,False
1221138,0,6998.085806,9188.497658,86390.7448,2,697,0.08100504078534117,False,False,False
7812807,0,4724.751044,4473.049584,64983.73091,4,580,0.07270667562229692,True,False,False
5423239,1,2764.271397,4060.23378,46096.94172,7,730,0.05996648137289919,False,True,False
4082667,1,5423.052824,8877.120773,85940.35861,5,679,0.06310251564820647,True,False,False
5557443,0,3294.758388,1939.218362,62843.21378,5,656,0.05242822875886346,True,False,False
8741305,2,3220.639539,9890.137539,69471.27774,4,661,0.04635929615478524,True,False,False
7110682,0,5001.607687,9094.08148,90042.41661,4,620,0.055547239571139266,True,False,False
6690440,1,3671.621828,6886.493819,57595.09129,5,667,0.06374886723441114,True,False,False
8634833,0,3152.56924,2407.891164,51472.03325,5,628,0.061248197145971496,True,False,False
4154766,1,6478.142251,10368.00696,97078.66525,6,635,0.06673085414099263,False,True,False
1796464,1,3827.363589,4450.88099,80272.73135,9,583,0.04767949868694732,False,True,False
7764004,0,5649.443675,2060.793634,93715.93955,5,653,0.06028263390547207,True,False,False
1387769,1,3494.305923,7732.618719,72967.44111,5,583,0.047888563307739655,True,False,False
4260051,1,2823.80472,7385.097761,65848.66372,5,525,0.04288325017508799,True,False,False
1520698,0,2725.148417,2968.733902,51121.15422,5,654,0.05330764648372996,True,False,False
2387037,0,3672.985889,1278.844877,52399.01135,4,717,0.07009647308927709,True,False,False
6630335,2,2291.140693,5348.514782,44634.75428,8,634,0.051330868287688035,False,True,False
5249773,2,6705.913686,13895.14192,87785.81881,3,587,0.07638948724182892,True,False,False
7164264,1,3878.313431,7861.594153,60359.34399,6,587,0.06425373727790244,False,True,False
5130183,0,5572.130207,4179.397996,75837.11379,4,710,0.0734749772048254,True,False,False
4997522,2,1854.185911,5688.249975,30718.06839,4,563,0.06036140969083896,True,False,False
3142480,1,3551.830635,5504.624362,75022.10126,5,672,0.047343790367729295,True,False,False
3386285,0,3541.915842,6260.103897,72252.39991,3,707,0.0490214283042768,True,False,False
7285064,1,3459.988698,5361.699369,59771.98294,6,645,0.0578864633196658,False,True,False
3614502,1,4624.686598,6784.572318,72566.04742,5,704,0.06373072204460989,True,False,False
5553457,2,2535.391635,10543.71829,81730.81262,6,663,0.031021245889088042,False,True,False
5472124,0,3978.05777,6606.025402,81608.25096,5,662,0.04874577905057457,True,False,False
2737677,0,3652.428415,4638.627143,66294.31087,5,703,0.05509414559210426,True,False,False
6410292,0,3691.985766,5641.919221,75507.14829,4,611,0.04889584429569774,True,False,False
4177489,1,3602.896852,5341.190182,68063.01661,5,653,0.05293472184232652,True,False,False
3466479,1,3505.019451,5583.905681,61314.38424,6,626,0.05716471745488739,False,True,False
1228437,2,2625.78886,5535.183517,56907.26033,7,643,0.04614154406262559,False,True,False
4477709,1,4197.003898,4984.832235,64575.33136,6,647,0.06499391965334547,False,True,False
5971179,0,5428.69439,7067.721195,89558.20752,3,616,0.060616380567774006,True,False,False
7765941,1,3206.648306,9050.784281,66930.42044,6,718,0.04791017723957988,False,True,False
8487426,0,3565.182389,4146.241188,52571.27027,6,576,0.06781617356190241,False,True,False
7170021,1,4764.082127,7319.845157,79512.14953,6,711,0.05991640466470483,False,True,False
2830870,1,5220.034711,10654.48359,102527.2533,5,656,0.050913630698034125,True,False,False
4990154,1,6247.360108,8031.636756,92070.2867,5,687,0.06785424844343403,True,False,False
4319695,0,2971.687544,3362.641138,45676.56435,4,544,0.06505934906200973,True,False,False
8081539,0,3746.241872,2341.965993,94603.11618,7,681,0.039599561021563805,False,True,False
8196559,3,3844.732918,13926.61071,71778.52802,5,514,0.053563830633706,True,False,False
3912985,1,2410.732923,4429.908989,56533.58381,8,600,0.042642492489103005,False,True,False
2744791,1,4124.191434,9257.451791,76058.96313,3,551,0.05422360842535982,True,False,False
4247200,0,3203.926998,3322.744854,66458.96563,4,601,0.04820910117436024,True,False,False
1512689,0,2430.991486,2752.668568,38687.86657,4,559,0.06283601815058679,True,False,False
8543552,0,2681.677402,3138.692699,45400.1967,4,649,0.05906752826910108,True,False,False
2936295,2,3275.466365,8418.563602,60178.28066,4,638,0.05442937766045509,True,False,False
8253652,3,4526.148895,15238.08168,79069.37638,4,636,0.05724275442932234,True,False,False
7605840,0,3250.571981,5183.22358,51832.79331,3,636,0.06271265300249357,True,False,False
1132992,2,2830.800842,8265.677393,55063.72866,4,686,0.051409537837134915,True,False,False
1443848,0,7839.876417,10009.64454,93606.95689,4,616,0.0837531384148386,True,False,False
7497540,1,2087.336565,6236.509163,51553.29179,6,588,0.04048890948618123,False,True,False
7556655,1,3581.833845,5776.328082,77366.7908,6,694,0.04629678713518514,False,True,False
3822591,1,3574.264941,8049.517981,63867.58235,4,625,0.05596367999985833,True,False,False
8427868,0,5684.539839,2479.305945,87469.20461,4,674,0.06498904230746955,True,False,False
3139232,1,4708.2918,11117.61762,93829.33843,6,742,0.05017931362174691,False,True,False
4098659,1,5280.89683,11786.56586,113836.255,5,729,0.0463902895435202,True,False,False
5010940,3,4179.716909,12305.32685,69905.43479,4,641,0.059791015127165906,True,False,False
8642826,0,4927.905665,1443.845683,98749.21463,4,681,0.04990323906336064,True,False,False
8636616,0,3128.706822,5915.588373,72866.19563,3,612,0.04293769964177832,True,False,False
6261846,0,3041.010511,4345.61684,57723.91637,2,585,0.052681985253870606,False,False,False
5520310,3,3945.048268,10098.14811,65147.06531,5,647,0.06055603961940001,True,False,False
3984319,0,6063.901718,4608.759747,104086.89,4,626,0.05825807378815911,True,False,False
8228041,1,4283.558734,6444.982434,70755.373,6,655,0.060540402126068926,False,True,False
6302336,1,4449.573705,7302.624954,79617.09124,6,572,0.0558871673870511,False,True,False
7715129,0,1566.088637,1432.743572,26531.93234,2,586,0.05902655776936902,False,False,False
1348919,4,3446.644152,12229.78412,62655.46052,7,616,0.055009477600117714,False,True,False
5428873,2,5328.258837,11239.17778,85886.90284,4,615,0.06203808334928661,True,False,False
5102732,0,7118.65773,994.725049,99472.5049,3,627,0.07156407428521487,True,False,False
3457388,0,3112.303799,6165.533553,57582.08256,3,641,0.05404986517736672,True,False,False
5918490,0,2775.333229,4337.521174,56307.00135,3,672,0.04928930972098375,True,False,False
6263108,0,5610.36503,7934.37895,84644.36719,4,637,0.06628161112489026,True,False,False
6549361,0,3682.811599,7350.335804,70617.11732,3,633,0.05215182577209171,True,False,False
3395789,0,2938.325123,1918.404472,53497.37754,4,676,0.054924657209655066,True,False,False
8441898,0,5438.987487,7564.534802,81771.22,6,709,0.06651469168492288,False,True,False
7782808,0,4442.656464,2618.210395,62401.46071,4,649,0.07119475110761393,True,False,False
6389403,0,5442.512028,3328.084036,72788.77071,2,593,0.07477131396659632,False,False,False
6829407,0,4306.410314,5491.583585,65323.26176,5,604,0.0659246063036764,True,False,False
4948378,0,6075.817791,10352.59801,93513.28212,2,578,0.0649727787674404,False,False,False
5563290,2,4100.247977,8846.905622,75114.60811,6,706,0.054586558862098816,False,True,False
6108655,4,2382.242168,9325.83569,44391.76031,6,657,0.05366406178453256,False,True,False
4623105,0,7581.974788,9377.481308,116633.598,4,544,0.0650067812192504,True,False,False
5136010,0,6862.67927,7079.410363,99700.10233,3,655,0.06883322192875026,True,False,False
8294745,1,4236.785204,7424.963972,62415.03543,6,628,0.06788084272982042,False,True,False
4237176,1,6135.235806,9155.630231,87252.68268,3,716,0.07031572689290291,True,False,False
6091483,3,5826.998331,12236.98904,80616.16666,5,637,0.07228076665534669,True,False,False
5756030,1,2556.272092,5209.90321,54377.88925,6,687,0.047009402668199377,False,True,False
5641714,0,3823.692306,6558.639051,73524.00162,4,607,0.05200604186048382,True,False,False
2070265,0,5374.997686,4764.689607,73765.27862,3,659,0.07286622902475794,True,False,False
8726073,0,4461.25061,5826.236265,77434.9171,4,702,0.05761290612913951,True,False,False
5775406,1,3851.261643,8474.748034,65775.30729,3,652,0.058551784882128824,True,False,False
2002098,1,2845.092734,5095.599167,44012.51779,6,623,0.06464280792966651,False,True,False
5886567,0,3021.172332,1220.844072,50275.47379,5,658,0.06009236918620395,True,False,False
4483116,0,4484.469623,801.7383546,80173.83546,4,733,0.055934328166666956,True,False,False
8311908,0,2734.908845,3423.400349,43734.87053,4,634,0.06253382739807095,True,False,False
6483342,0,4382.328317,1068.537079,88781.35032,5,708,0.04936091083549089,True,False,False
7474248,2,6664.205404,15565.99908,107307.6364,8,692,0.06210373863010555,False,True,False
3763341,0,3322.305228,3902.547431,47798.30977,3,668,0.06950675126351859,True,False,False
1745713,0,1826.145125,1002.78433,32718.42652,6,660,0.055813965377696895,False,True,False
7394355,1,3608.91234,4947.265315,58156.676,6,669,0.06205499674706305,False,True,False
3824176,0,3911.932414,5630.390054,67673.39693,7,779,0.057806059566455986,False,True,False
6972939,3,5592.06608,14653.80472,86612.06247,5,614,0.06456451815746721,True,False,False
5850781,0,1791.161127,2845.586428,42142.78514,5,598,0.04250220105409958,True,False,False
1026158,1,1160.213127,3623.725926,32827.47289,6,676,0.03534274876679367,False,True,False
3054807,2,2203.845221,5700.662492,43903.59859,7,734,0.050197370871142524,False,True,False
6042477,2,4581.94096,9593.057313,78475.1998,7,627,0.05838712066585907,False,True,False
5154893,0,3178.989121,3540.556625,43781.92224,4,683,0.07260962877723114,True,False,False
2225658,1,2503.662917,3537.148816,36984.69156,6,735,0.0676945733868924,False,True,False
2786846,1,3498.809573,10755.79258,86462.77035,5,658,0.04046608220898858,True,False,False
8168400,1,5282.675564,5814.675962,62073.24898,5,637,0.08510389984101006,True,False,False
4852626,0,2347.870065,728.7868237,72878.68237,5,636,0.03221614316625577,True,False,False
7964220,0,3118.255754,2836.90679,54069.17852,5,632,0.05767159478567938,True,False,False
7787477,0,4911.323807,6452.905939,72112.66078,4,642,0.06810626253250282,True,False,False
5192284,1,2714.895011,4896.545702,59982.51448,7,657,0.0452614405137222,False,True,False
7793360,0,2781.119659,3292.450796,47785.94147,3,578,0.058199536797783634,True,False,False
7240749,0,1599.932207,1077.329553,26191.3807,2,697,0.06108621096863366,False,False,False
2171618,0,3450.652302,3569.434635,46789.6357,4,661,0.0737482190313356,True,False,False
8830284,0,2139.829917,2946.213072,40175.18101,4,599,0.053262483533487386,True,False,False
1501184,1,4649.180922,6780.144728,68910.94173,6,625,0.06746651265071892,False,True,False
1117889,1,4441.427626,9398.122593,76508.45955,6,592,0.05805145799723528,False,True,False
5716417,0,5505.504105,5388.183021,83815.61179,4,620,0.06568590251174256,True,False,False
1733277,0,3096.526336,5147.968076,60729.18336,4,620,0.050989098892437336,True,False,False
5990549,0,5921.170355,7804.303111,99631.84712,3,793,0.05943049864235017,True,False,False
3184745,1,2807.121689,4926.04218,50534.55652,4,717,0.05554855691449531,True,False,False
4060978,1,4049.95717,6324.750938,65238.88965,6,616,0.06207887951078886,False,True,False
4421158,3,4102.923948,13529.8192,75361.72988,4,709,0.05444307017014031,True,False,False
7401627,0,5447.555804,6026.844479,93777.75733,4,649,0.05809006270890313,True,False,False
6737271,1,7016.046578,7705.141665,86000.5776,4,696,0.08158138903011275,True,False,False
5916941,0,1802.508001,1819.160873,26811.26522,4,626,0.06722950171166894,True,False,False
7515796,0,4207.244023,4530.975864,78009.14565,6,513,0.05393270222284507,False,True,False
4507420,0,2655.49252,2216.929324,35537.86917,2,629,0.07472289650505233,False,False,False
1868022,1,3789.237701,4798.418315,50548.47778,5,645,0.07496244926487676,True,False,False
4916162,1,5315.399029,12105.95241,116033.6859,5,718,0.04580910265645539,True,False,False
2012493,0,4966.541412,5912.835759,77613.28769,3,636,0.06399086496422066,True,False,False
8355090,1,1453.818047,4156.734201,27858.46481,3,595,0.05218586368327595,True,False,False
4047323,1,4613.198588,12353.54699,96692.18929,5,697,0.04771014724016702,True,False,False
7845453,3,5412.229237,20893.77433,100756.3218,4,690,0.053716026352601524,True,False,False
1169612,1,3398.327072,5986.178082,54589.27245,5,628,0.06225265367133502,True,False,False
2616043,2,2783.402561,5059.035475,42288.42283,5,699,0.0658194932497084,True,False,False
1329701,1,4717.704748,8760.954045,63546.22748,3,700,0.07424051647259171,True,False,False
4083592,0,1473.114962,3056.161324,28426.3689,2,751,0.05182212920623851,False,False,False
3946973,0,4658.332948,2200.945011,60932.29582,3,555,0.07645096718103606,True,False,False
4943092,1,3771.560275,9227.273111,78732.534,5,634,0.04790345341863377,True,False,False
6194385,1,4953.102139,8275.746705,88152.76723,6,683,0.05618771020626983,False,True,False
1348633,0,5629.390479,6175.865592,94050.09383,5,713,0.05985523511731301,True,False,False
6304771,0,2812.682485,2632.793347,39675.10935,3,569,0.0708928729140352,True,False,False
2748530,1,5963.865775,9855.522595,84239.00572,4,743,0.07079696304611131,True,False,False
5165315,2,6115.833737,15234.968,115528.6666,8,738,0.05293780251247183,False,True,False
5376255,1,4817.516052,9998.191965,77425.06043,3,623,0.06222166344132875,True,False,False
8621380,1,5659.94278,4705.309234,66167.48847,6,614,0.08553963450745436,False,True,False
5024876,0,5093.045106,1977.585233,73593.32989,5,694,0.06920525424807626,True,False,False
5212562,0,4434.794183,4004.479161,75282.98994,5,630,0.05890831629474997,True,False,False
6106831,0,3714.541314,2737.161318,53092.12124,3,699,0.06996407804481236,True,False,False
5571416,0,2929.039061,1937.382304,54826.58197,6,600,0.05342370353495155,False,True,False
2286199,2,2277.194668,5922.869288,45921.48121,4,607,0.04958887666506958,True,False,False
8087858,0,5827.502876,6794.448993,81276.61839,2,662,0.07169962273820432,False,False,False
5518640,1,5587.232892,7675.063376,87129.74882,4,701,0.06412543324947004,True,False,False
1146826,1,3988.563878,7287.83646,56036.14865,3,550,0.07117840847543686,True,False,False
8221601,0,5441.94509,6235.893833,83477.75952,2,602,0.06519035874095534,False,False,False
3511417,0,5734.822744,4072.233392,77728.29833,4,632,0.07378037172063741,True,False,False
5604298,3,3851.76268,15236.76647,74504.9657,5,639,0.05169806661624971,True,False,False
8934076,1,5985.298829,7479.876791,78856.77201,6,581,0.07590088557316284,False,True,False
4900877,0,2980.976658,5382.404713,63617.64922,4,669,0.04685769899625348,True,False,False
6603458,2,4122.709936,10408.1868,62903.55347,4,779,0.0655401755318355,True,False,False
4826911,1,2167.752325,4913.969275,51726.62423,6,672,0.04190786383741555,False,True,False
3972488,0,3033.647103,2553.733144,42691.62787,5,697,0.07105953214615614,True,False,False
8829400,0,3575.396722,4995.548381,64084.06832,4,555,0.055792286846497764,True,False,False
5807885,3,4042.210042,9643.235078,59206.83734,5,653,0.06827268983795377,True,False,False
1963099,0,2730.732636,3068.09368,47351.69468,3,543,0.057669163785037315,True,False,False
6495097,2,5629.841346,11462.95642,88963.02604,4,715,0.0632829344571607,True,False,False
6237207,0,6587.394629,7259.483132,82031.74728,4,666,0.08030299057894212,True,False,False
4649475,2,3113.615277,8438.719571,61655.49525,6,620,0.050500207067917434,False,True,False
3888686,1,3341.427668,7615.78144,66608.32151,6,536,0.050165318570568496,False,True,False
8540026,0,6790.435837,3034.84582,99920.62036,3,649,0.06795830342661015,True,False,False
1020061,1,2209.686298,4752.405129,38878.25116,4,640,0.05683605183026962,True,False,False
7560770,0,2461.053497,3539.415101,64925.98291,4,598,0.03790552544135523,True,False,False
3789563,0,4128.720849,612.0871972,61208.71972,3,597,0.06745314830773919,True,False,False
3188276,0,6341.745936,1046.699813,104669.9813,5,721,0.06058801059516383,True,False,False
6240452,1,2221.867147,4866.872092,45356.72074,6,617,0.04898650322928968,False,True,False
5873516,2,2716.542055,10262.24072,83402.49737,8,693,0.032571471366721255,False,True,False
2464449,0,4264.628218,3725.40153,61424.19097,3,585,0.06942913126984242,True,False,False
8498952,0,5374.205609,9060.010642,119489.845,2,656,0.044976253915133955,False,False,False
6885444,2,3106.167365,7104.475074,57296.22091,7,711,0.05421242999392785,False,True,False
5477068,0,3263.889993,641.734571,64173.4571,5,663,0.05086043577041449,True,False,False
5152702,0,4891.431559,5226.129781,74444.09618,2,624,0.0657061044461189,False,False,False
7778388,0,2615.130342,5168.155945,54355.56171,3,646,0.048111550312962444,True,False,False
5148103,0,3257.525619,6717.85677,66311.63633,4,608,0.04912449457270089,True,False,False
8311132,3,4400.514736,12378.91838,63624.87638,5,527,0.06916343082095588,True,False,False
1453159,0,6852.975449,7622.082789,94235.72615,4,618,0.07272162829298684,True,False,False
2017513,0,4207.558755,9137.164455,106579.226,5,488,0.03947822585050487,True,False,False
4135781,1,1703.32655,3746.370515,32696.80679,5,641,0.0520945840656509,True,False,False
4189740,0,3044.904784,3363.476754,65567.24807,6,678,0.04643941714237024,False,True,False
3403165,2,1492.424984,7212.435101,53834.90615,6,604,0.02772225477354157,False,True,False
6086863,0,7501.877305,5418.855906,111388.466,4,573,0.06734878012414679,True,False,False
4653085,0,3174.465343,600.7746236,60077.46236,3,698,0.05283953779501815,True,False,False
7397959,2,1822.668663,5478.048099,38382.97816,4,626,0.04748637938937878,True,False,False
4433510,1,5133.854305,8032.869554,87142.24784,7,587,0.05891349411167542,False,True,False
1452287,0,2527.576756,1895.452799,60784.78825,5,619,0.041582389751929426,True,False,False
2174723,0,3205.146573,2689.776281,46064.0051,3,601,0.06958028434657323,True,False,False
7042890,1,5056.221428,8587.873617,81299.44702,7,635,0.06219256850241734,False,True,False
4620870,2,5815.660054,12530.31836,81091.39512,1,696,0.07171735108754657,False,False,False
1047979,2,3120.340423,9136.100488,63561.85038,8,689,0.049091403166290265,False,True,False
5682227,1,2345.341025,2558.272472,35244.89405,8,673,0.0665441360576313,False,True,False
5959502,0,4030.879638,642.1732602,64217.32602,4,619,0.06276934727466872,True,False,False
8247384,1,3332.578951,6699.124226,57279.99654,6,643,0.058180501960623895,False,True,False
7431602,1,4007.358599,6061.046776,80232.91216,6,681,0.04994656794967817,False,True,False
4642293,1,4393.129159,6400.743107,73924.42706,5,653,0.05942730074099001,True,False,False
4443357,2,4358.29257,8539.084018,58258.70124,4,640,0.07480929847793495,True,False,False
6356314,2,3389.782136,6307.384263,57851.05881,7,684,0.058594988678306606,False,True,False
1065082,1,6156.123268,10394.90791,119690.5853,7,645,0.05143364661948896,False,True,False
2056764,0,2674.325465,1137.337287,37336.03927,4,581,0.07162852614494798,True,False,False
7793910,2,4281.751447,13304.12675,81751.87963,5,682,0.052374960262427425,True,False,False
6828504,1,5852.666871,8883.262239,83195.28039,6,659,0.07034854433525638,False,True,False
6441468,0,4380.301635,4370.075426,75893.37644,3,646,0.057716520735679636,True,False,False
4647704,0,4402.463965,6669.115288,64263.05197,3,691,0.06850692318589549,True,False,False
4913183,0,2081.829809,2250.426095,32179.18445,4,637,0.0646949214090477,True,False,False
4259299,1,4943.980907,7601.826409,71627.35004,7,639,0.06902364675279839,False,True,False
1608080,2,4255.283743,10725.72412,71689.28943,6,658,0.059357315114066125,False,True,False
8582355,2,5020.632179,8967.049059,74044.40332,8,662,0.06780569433860083,False,True,False
7676961,1,4233.023081,5408.702201,59235.08553,5,624,0.0714614158673943,True,False,False
7948114,0,3097.707507,3839.079965,48185.18351,4,611,0.06428755234183396,True,False,False
7402250,0,2292.146751,2188.855616,46657.69183,5,662,0.04912687835805443,True,False,False
1342698,0,2788.628902,3465.858468,62925.80911,4,609,0.04431613898083098,True,False,False
7459950,0,2074.433586,2515.091194,28484.60027,4,596,0.07282649453869272,True,False,False
5050284,0,4232.161126,4389.66354,71064.21686,3,600,0.05955403876943533,True,False,False
5001132,1,1880.802547,3729.528907,39477.54039,5,587,0.04764234368249607,True,False,False
3286695,1,2610.862086,5188.38401,51715.421,6,571,0.050485175127937175,False,True,False
5747836,1,2722.136396,4340.189109,50181.52724,7,772,0.054245786163123554,False,True,False
4852245,0,5757.818463,5250.568412,69556.17269,5,583,0.08277940318340421,True,False,False
4158282,1,3916.806519,6122.666804,79467.80342,7,653,0.049287967584797254,False,True,False
8763862,2,5352.637492,8122.505683,66158.51292,4,637,0.0809062546262565,True,False,False
3865770,0,4629.517489,5751.483846,71789.35807,4,568,0.06448751755776773,True,False,False
8735301,0,4041.118108,3948.856263,53211.366,2,657,0.07594464137605489,False,False,False
4897168,0,3139.888147,2617.442721,67960.63511,4,607,0.04620157157033372,True,False,False
1374570,0,6146.982896,5227.81494,99595.49389,6,651,0.0617194880602645,False,True,False
4793502,3,4959.599273,17112.55006,84614.30065,4,633,0.058614196830804856,True,False,False
4302849,0,5426.48653,4111.602036,123018.6131,6,717,0.0441111015094024,False,True,False
6909193,0,4917.027772,4541.608091,64673.18133,2,598,0.07602885262301354,False,False,False
3657133,0,7256.646057,9589.091758,98471.16447,3,623,0.07369310697255736,True,False,False
2918676,1,3743.659624,6541.547519,75220.90005,7,543,0.04976887569161704,False,True,False
3923618,1,4197.190877,6973.663098,81498.03207,6,623,0.05150051811551675,False,True,False
7797903,0,3123.602556,3295.57399,43937.51081,5,613,0.07109193257459366,True,False,False
6438698,4,5006.000083,19483.56511,85920.35989,7,676,0.05826325785191028,False,True,False
6554267,1,3850.06869,4111.974283,65712.43585,7,681,0.058589651109395,False,True,False
2106071,1,2846.43704,3172.198103,42202.38021,5,637,0.06744731045585733,True,False,False
4975596,3,4314.697805,14282.36092,71288.75386,5,730,0.06052424220338307,True,False,False
5679177,0,6362.758558,2078.275615,89322.5378,4,673,0.07123351748297506,True,False,False
2478716,0,4120.763117,2251.913147,73994.3669,3,634,0.05569022737324077,True,False,False
8014125,2,4130.651547,11520.9197,65696.76617,2,593,0.06287450338592519,False,False,False
6233302,0,3269.114214,5048.244048,67776.54569,5,585,0.04823370947454965,True,False,False
1675151,1,3369.771326,9835.972867,78563.93028,6,694,0.04289209200698354,False,True,False
5344555,0,4544.018754,5677.068975,78113.27193,4,612,0.05817217281683005,True,False,False
5522087,0,3935.364571,5115.80941,92805.54017,4,623,0.04240441426008889,True,False,False
3953246,1,4156.352064,8965.866734,73065.83425,5,684,0.056885028504276604,True,False,False
1855303,0,5111.248496,10262.16781,106876.5907,4,611,0.047823835533331624,True,False,False
4201202,0,3542.228939,588.1252029,58812.52029,5,662,0.06022916415643374,True,False,False
8871720,1,3770.647826,6906.47972,71911.76639,7,669,0.05243436526855143,False,True,False
4641440,1,6032.263888,7496.435651,78147.74995,6,637,0.07719049994221876,False,True,False
2521901,0,4912.603776,5202.177007,78148.32395,4,621,0.06286256093148111,True,False,False
3401130,0,3379.341717,2965.486006,52066.82266,3,621,0.06490393583390594,True,False,False
7941692,2,5051.575567,9421.751407,84768.78787,7,652,0.05959240062211355,False,True,False
7803688,0,7376.102608,4988.615545,83932.55908,2,741,0.08788130242722011,False,False,False
3302386,0,3518.219042,4323.234824,80353.98773,3,732,0.04378400053799048,True,False,False
7250890,0,3567.247102,5477.619822,59304.6519,3,557,0.06015121896365098,True,False,False
2852293,2,6358.093287,16610.19224,95430.26906,5,626,0.06662554082292765,True,False,False
1133238,2,2813.944653,5824.513683,53567.58951,5,663,0.05253073133848393,True,False,False
6536254,1,5024.166525,5537.183826,93225.69995,7,608,0.053892505260830705,False,True,False
6947760,1,3451.976421,7687.132584,66047.63444,5,683,0.05226495165600362,True,False,False
2174222,1,3177.171314,4793.359393,44080.93936,5,698,0.07207585319479454,True,False,False
7078708,1,3728.125606,7718.81532,81534.30497,5,606,0.045724626062265926,True,False,False
7191167,1,3895.719843,7355.093161,65407.06039,5,647,0.05956115165199522,True,False,False
6883830,0,5616.409348,7368.403962,91952.85331,5,668,0.06107922860278668,True,False,False
7231353,0,2145.92281,822.2892989,32953.69334,5,678,0.06511934149108642,True,False,False
5873735,0,2689.70221,2572.615312,57285.38087,2,572,0.04695268093100138,False,False,False
2849432,1,4130.264828,8578.760879,71635.78375,6,576,0.05765644782241948,False,True,False
2033857,0,1896.732604,1754.457304,38757.4884,4,564,0.04893848085367678,True,False,False
2718915,1,4297.81711,8121.783819,79090.31205,4,650,0.05434062653948019,True,False,False
3677374,4,3639.368653,13737.13905,64090.67222,7,676,0.05678468530502175,False,True,False
8902211,0,4345.166185,3811.517658,77900.27063,5,590,0.05577857624703351,True,False,False
1186515,1,2930.894475,4488.989217,46156.29713,7,591,0.0634993415252763,False,True,False
2897620,2,3842.153882,11233.8896,84078.0193,6,508,0.04569748328978535,False,True,False
2717088,0,4179.925769,2577.453168,74419.00231,2,604,0.05616745238787387,False,False,False
2294601,0,4672.845951,4323.253896,75178.27139,4,622,0.06215686879469231,True,False,False
6801234,4,4019.424818,9272.829458,53390.42063,8,605,0.0752836327298289,False,True,False
4888567,3,1135.931819,4301.981196,22350.15771,5,719,0.05082433125256009,True,False,False
4206474,4,4377.065227,13944.49771,59348.9891,6,746,0.07375130214307223,False,True,False
7119898,0,2756.764848,1410.308236,45363.28203,3,619,0.06077084206951504,True,False,False
1805830,0,4484.753031,2639.844153,67926.58559,3,716,0.06602353102317916,True,False,False
6159103,1,2271.06163,3002.86913,39468.71057,5,549,0.05754081137188769,True,False,False
6778719,1,5607.376723,6825.06147,81271.45519,5,735,0.06899564810167146,True,False,False
4553536,0,5201.016089,6757.578086,74389.8002,3,687,0.06991571525957667,True,False,False
2326772,0,3924.203742,5169.005175,66939.36021,3,553,0.058623263348934244,True,False,False
4675908,0,4266.572456,3346.715784,64819.22221,3,580,0.06582264196533005,True,False,False
2674843,1,4298.26788,8210.716905,81117.23601,6,585,0.052988342446358964,False,True,False
4922734,1,2752.117415,4798.919493,50608.82719,5,603,0.054380185588331555,True,False,False
5871586,2,4225.275287,9722.179121,58997.40818,5,697,0.07161798149011502,True,False,False
4028459,0,3301.388789,2358.184361,56798.78849,3,577,0.05812428181599759,True,False,False
7964030,1,1823.733133,3162.736858,36538.2567,6,666,0.0499129760889769,False,True,False
2722601,0,3654.75184,4233.923717,58836.6177,6,680,0.062116960200450134,False,True,False
4177096,0,1726.948827,650.0762573,23896.69732,4,702,0.07226725952438016,True,False,False
2911593,0,4151.428683,8036.442292,105998.4968,6,689,0.03916497694144659,False,True,False
4970664,0,4708.294743,5337.996965,80669.02268,4,561,0.058365585531846446,True,False,False
1840831,1,5669.391452,7493.537433,76489.01804,5,653,0.07412033252976508,True,False,False
8849531,0,2582.405695,1459.953649,39906.80807,2,604,0.0647109057299255,False,False,False
8832244,0,4570.659934,9156.219342,89097.44794,2,651,0.05129956064597915,False,False,False
6907254,2,3613.289694,9849.729485,68132.87317,5,568,0.05303298578036467,True,False,False
6601586,0,4563.204965,5835.666667,68686.30763,5,759,0.06643543848041901,True,False,False
7585048,3,2971.0685,9254.302542,48598.71093,5,564,0.06113471824961428,True,False,False
2636273,3,5990.180384,14654.47201,78768.12495,4,629,0.07604827952680623,True,False,False
3731931,1,3777.207021,8136.829145,72125.80603,5,682,0.05236970273065522,True,False,False
1991456,0,4481.214127,4861.86503,67019.40397,2,620,0.06686442823344017,False,False,False
1242576,0,3139.19282,1185.140566,64125.4093,6,634,0.04895396153050364,False,True,False
5314521,1,4546.658146,9184.921934,78897.65907,5,701,0.05762728830732595,True,False,False
6256291,0,3640.097439,4143.11283,52020.69513,3,571,0.0699740253355588,True,False,False
7820923,0,3588.381893,3904.009884,53960.63792,6,631,0.06649999020248795,False,True,False
4415392,1,4859.698333,6894.615483,68999.3054,5,658,0.07043111962979269,True,False,False
1349359,0,3137.508188,4899.211437,73723.41888,6,578,0.04255782267920779,False,True,False
7000465,1,4362.0027,8497.6789,84165.89708,6,653,0.05182624853215668,False,True,False
7601070,0,4443.985367,5989.740016,82427.67147,5,705,0.05391375599658196,True,False,False
1490420,2,4615.374971,12622.25818,86045.14676,5,622,0.053638992375402164,True,False,False
5948816,1,2568.869835,4153.73148,39677.17654,5,622,0.06474427010728016,True,False,False
6684499,0,3952.240586,3173.669165,60325.90256,6,577,0.06551481897961013,False,True,False
5914195,3,1428.295584,4821.705987,25016.8646,4,701,0.05709330912715577,True,False,False
2897071,0,3203.231465,4046.147008,50487.08066,4,502,0.06344655747817604,True,False,False
5178978,2,5735.337665,11682.29558,86056.23216,8,688,0.06664639528182661,False,True,False
5706587,2,5137.647857,14395.14514,89260.71109,5,631,0.05755777423529374,True,False,False
5794193,0,2157.762442,2790.476569,46236.74592,5,693,0.046667696851621344,True,False,False
6479705,0,6710.638204,1542.197117,90781.3383,4,585,0.07392089970984708,True,False,False
5413704,4,3527.717443,14499.36506,68773.4951,8,605,0.051294723903017106,False,True,False
7510670,0,5185.964758,6077.710904,76242.30801,3,647,0.06801951427440792,True,False,False
8171980,0,6315.723415,3079.336432,86597.00233,5,591,0.07293235614475801,True,False,False
7698326,2,3754.791505,7331.581313,75528.51306,8,816,0.04971356316808708,False,True,False
3606629,2,4195.466501,6985.519068,58491.75754,5,650,0.07172748225475872,True,False,False
4874563,1,1537.59265,2655.921774,25163.01097,6,716,0.0611052728082962,False,True,False
4617450,0,1735.26965,3547.879996,36903.75956,2,667,0.04702148698911586,False,False,False
2445395,1,3068.122205,7110.573802,58860.79063,6,733,0.05212505935039629,False,True,False
4637829,0,4755.56901,2770.136966,55643.51967,2,611,0.08546492095042557,False,False,False
3113836,3,4112.440179,11509.87893,70787.02274,7,614,0.058095961940721114,False,True,False
6838052,0,4811.168115,4998.887976,80712.2179,4,675,0.05960891969244225,True,False,False
4254709,0,3212.258749,2038.401958,55879.9383,4,641,0.057485008873032345,True,False,False
3578981,1,5256.59378,7922.50755,87448.53845,6,562,0.06011071051811273,False,True,False
4960968,1,4644.674863,7098.73118,73463.9594,7,713,0.06322385698966287,False,True,False
3754528,1,4774.618611,8676.634156,75905.00867,5,647,0.06290255010387841,True,False,False
3198893,0,2503.859561,3461.885587,47765.1205,2,665,0.052420250065107664,False,False,False
1636100,0,1731.785141,1839.916305,29015.95045,3,667,0.059683901927810194,True,False,False
6119212,0,2828.389423,4957.489492,59974.49754,2,605,0.04715986859437389,False,False,False
7531827,0,5270.086345,2129.257097,73512.12709,7,760,0.07169002657953154,False,True,False
1775932,4,3236.887093,17098.01288,83182.40021,7,588,0.038913124468977135,False,True,False
3062573,0,3632.328416,2883.143424,64228.98294,5,609,0.056552793610217485,True,False,False
1313916,2,5419.803508,12211.10562,78642.59379,4,655,0.06891689664347221,True,False,False
7451648,2,6434.130984,12922.35164,82977.76875,5,654,0.07754041933068971,True,False,False
5082517,0,2777.664852,3647.400903,48735.91999,4,661,0.05699420166008853,True,False,False
7900219,0,3228.512376,5266.584018,57630.04439,3,558,0.056021341128104585,True,False,False
2930348,4,6012.166069,12874.18767,69169.44335,7,705,0.08691939356195498,False,True,False
2513908,2,2521.800841,7265.993619,45470.39573,5,676,0.05546027916656534,True,False,False
5651486,0,2964.516494,511.7081953,51170.81953,3,619,0.05793373100585165,True,False,False
8031933,1,3185.670374,8672.390088,69900.60211,4,624,0.04557429089075409,True,False,False
2763815,0,4163.306745,8574.849069,86658.99716,4,647,0.04804240622947915,True,False,False
5278398,0,4083.505066,2706.101163,57436.08108,4,648,0.07109651266618067,True,False,False
8240090,3,6129.876216,20794.71574,97874.43095,5,630,0.06263000618753534,True,False,False
6162474,0,2229.876206,2854.273314,56470.71046,6,662,0.039487305681756776,False,True,False
6812070,0,4140.335016,4708.531852,83089.84625,3,597,0.04982961460227759,True,False,False
4616115,0,3618.870877,3473.04407,60165.43258,3,633,0.060148672116469966,True,False,False
6353405,1,4386.206852,6904.98069,93051.70053,7,653,0.047137309979476204,False,True,False
1868064,0,3180.41603,1318.545626,40239.9362,2,601,0.07903630895915785,False,False,False
5902640,0,3682.790318,1033.767876,69140.87253,5,678,0.053265025204911165,True,False,False
8080347,0,3411.132158,4335.272988,54024.53968,4,687,0.06314042059784192,True,False,False
6166422,1,3345.697153,5940.169492,56518.51804,5,658,0.0591964769959492,True,False,False
4082211,0,1627.962573,265.908839,26590.8839,5,683,0.06122258211205984,True,False,False
1546462,0,4931.345888,4043.980858,95895.17466,2,662,0.05142433814302205,False,False,False
8760190,1,4302.03203,6574.575975,72317.58047,6,591,0.05948805258749831,False,True,False
5681159,0,6340.113662,2492.875088,111272.6914,2,572,0.056978164024169546,False,False,False
7849422,2,2985.454008,11036.1932,103003.787,9,607,0.02898392471725336,False,True,False
4500592,0,2031.969332,3061.968633,31420.41226,3,554,0.06467035872049376,True,False,False
5138863,1,6321.090467,8821.469102,84052.91329,3,626,0.07520370466150204,True,False,False
8809694,0,2492.157244,3092.256611,48502.12026,5,643,0.05138243917256742,True,False,False
1293825,0,5559.045907,4353.633287,77484.85921,3,685,0.07174364080515182,True,False,False
3897249,0,3016.192569,4530.066808,49087.15941,4,726,0.06144565310465986,True,False,False
7212498,1,4121.086945,8829.15306,78640.24019,8,690,0.05240430261966625,False,True,False
7945285,0,1834.414296,1585.684165,32694.06961,8,651,0.056108472205580524,False,True,False
6704002,0,4720.501826,2852.920111,85362.15676,6,579,0.05529970194253559,False,True,False
3141170,0,5811.231216,1861.662009,111199.2321,3,537,0.05225963440803293,True,False,False
6645706,1,3647.987402,4436.611986,61807.09221,6,626,0.059022148940534994,False,True,False
5202102,1,2983.212201,9334.070303,67218.24863,4,720,0.044380986738005695,True,False,False
3529291,0,3996.303369,4160.155428,61116.9379,5,551,0.06538782056684159,True,False,False
2007934,0,1766.099016,584.4968544,29518.52333,4,678,0.05983019530672437,True,False,False
7667597,0,7133.562392,4477.283469,80240.7266,3,684,0.08890201639824134,True,False,False
1355916,2,4489.543515,12885.18901,77280.17826,3,626,0.0580943731767215,True,False,False
2842328,0,2178.85943,2161.309184,36843.65491,5,758,0.05913798279031813,True,False,False
5279441,0,4997.622544,5129.976169,100328.9562,5,573,0.049812364578352905,True,False,False
4489237,0,6078.160129,2554.751912,85917.0978,6,604,0.07074447676467023,False,True,False
2707544,2,5958.672142,18373.55055,130755.3505,5,627,0.04557115344966323,True,False,False
6870860,0,4083.108908,3939.397848,59354.66119,3,591,0.06879171451976744,True,False,False
6614261,1,3897.154042,7344.823814,81286.5835,5,716,0.047943385909434866,True,False,False
8410390,0,3590.711629,972.2850708,70147.31878,7,501,0.05118815218385457,False,True,False
7000762,1,3741.893746,4166.089158,63824.67966,6,726,0.05862769333012584,False,True,False
5784625,1,4371.218035,6070.523487,80181.11036,8,674,0.05451680595808601,False,True,False
8638903,3,2496.228622,5824.319339,36833.08796,6,709,0.06777136428829575,False,True,False
4566972,1,3534.136696,4786.98187,53488.15575,6,649,0.06607325764825982,False,True,False
6603844,0,4754.770706,3165.549885,60196.80423,3,613,0.07898709519251168,True,False,False
2445827,0,3621.772709,5239.90873,80429.86103,4,573,0.04503019976186573,True,False,False
1960431,0,3150.696618,673.0502495,67305.02495,6,741,0.04681220488872279,False,True,False
8686321,4,2353.462729,12250.7384,59191.24807,7,639,0.03976031602200342,False,True,False
3706203,4,3844.349575,18002.99794,83829.4718,7,683,0.0458591649506254,False,True,False
4259526,1,3222.352021,5681.027919,57161.99728,6,660,0.05637227833757736,False,True,False
5759214,0,2743.946939,4865.811368,56375.54912,5,670,0.04867264233931066,True,False,False
5500676,0,4539.190184,6126.144466,86518.54294,4,724,0.052464940228453646,True,False,False
6959582,0,7303.204594,8657.019136,117257.2168,5,663,0.062283625633522625,True,False,False
5394765,0,2859.509627,3598.011698,52723.46989,5,649,0.05423599078296552,True,False,False
1006022,0,3903.395988,6016.128517,65488.32371,5,665,0.059604457205001814,True,False,False
4573312,0,3568.270893,680.6030299,68060.30299,6,624,0.05242807828117193,False,True,False
7200109,0,2233.013839,1172.114406,37725.26186,3,635,0.05919147353534103,True,False,False
8551890,0,5044.106619,5378.621481,91383.46571,4,530,0.05519714731554582,True,False,False
8428785,0,2468.375012,1559.219369,63625.86599,7,706,0.03879514995344742,False,True,False
4604719,0,3681.900747,1400.556675,68160.94081,8,690,0.05401775126994466,False,True,False
4750676,1,3916.523144,7041.111638,77963.79076,6,632,0.050235155394847804,False,True,False
4499826,2,2850.60169,9208.151608,64498.05674,6,661,0.04419670659987701,False,True,False
2893101,3,4270.016067,10273.40053,54647.49298,5,632,0.0781374557944085,True,False,False
4029568,3,3954.377238,12444.11649,72027.10395,5,613,0.05490123885509907,True,False,False
6018696,0,5787.422117,6380.099091,97439.25827,3,664,0.05939517828597691,True,False,False
5166514,1,3579.917213,6576.821478,78024.39787,5,593,0.04588202294062766,True,False,False
4806185,0,5035.029552,2571.503325,76063.76383,4,625,0.06619485150975601,True,False,False
8471910,0,3983.6763,6719.219449,93956.24066,6,481,0.04239927302344666,False,True,False
3495763,1,4363.470656,7557.481254,69801.13278,5,704,0.06251289172846,True,False,False
1278257,0,6799.51152,4905.606536,94772.67868,6,748,0.07174548208095452,False,True,False
2093379,0,1688.28638,2375.582254,38089.46139,5,549,0.044324238736629724,True,False,False
2167373,3,4932.385244,14363.90603,73372.14269,5,679,0.06722422247963385,True,False,False
8243602,1,2790.949872,5866.707719,43764.74258,2,560,0.06377165059061568,False,False,False
7056664,1,2782.612126,6243.046977,51990.88976,6,622,0.05352114839436439,False,True,False
5210403,0,5696.39843,8437.048298,95142.14482,3,595,0.05987250382863505,True,False,False
2786289,1,2718.455317,5365.513787,56286.12742,8,746,0.048297074991768905,False,True,False
8022421,0,5391.014087,6246.508365,81406.37747,5,661,0.06622348585633482,True,False,False
4264393,1,3346.232509,7677.375204,76801.21121,8,679,0.043570048652622026,False,True,False
2588072,2,5335.826055,12594.29201,76105.52748,3,586,0.07011088723354841,True,False,False
3914390,2,4069.834408,12683.72648,79332.75579,3,591,0.05130080718200651,True,False,False
8273070,0,5069.054411,783.1590046,78315.90046,5,668,0.06472573744573146,True,False,False
6735805,0,3565.711831,3213.871211,56445.25995,6,792,0.06317114730552321,False,True,False
3757307,1,2775.277157,6330.677669,57783.08435,6,643,0.04802923188021202,False,True,False
2738116,0,3497.605289,5257.022571,55789.10097,3,623,0.0626933438285876,True,False,False
5276880,3,2431.288126,8297.329234,42250.63629,5,651,0.05754441446306559,True,False,False
8300798,3,4078.716272,18673.95532,93301.64963,5,641,0.043715371466364075,True,False,False
5302809,0,2200.827291,870.4655658,48647.76809,5,629,0.045240046510014516,True,False,False
1645335,0,4478.12808,8276.278814,78487.16471,2,737,0.05705554655396343,False,False,False
3920788,2,5182.578193,9441.613494,73563.55955,6,778,0.0704503455882594,False,True,False
4406009,0,3065.015211,1171.36484,58243.01962,5,692,0.05262459314433464,True,False,False
5689764,0,4464.454642,6210.64164,73486.70488,5,657,0.0607518686446783,True,False,False
8273331,0,7160.663107,8250.120355,98550.22036,3,702,0.072660041558937,True,False,False
6907487,0,3300.037479,872.6551641,60307.40729,6,650,0.05472026782930863,False,True,False
5256765,1,4515.869156,9137.59543,67983.61811,3,638,0.06642584318906294,True,False,False
5970236,0,4061.379201,6318.431671,96538.09104,5,748,0.0420702248951369,True,False,False
3760445,0,5556.849636,6851.879057,81660.52375,4,624,0.06804817530943157,True,False,False
5613485,1,2271.498545,4832.126788,42238.28975,4,638,0.053778184638737646,True,False,False
6019285,0,5679.450066,1504.51309,92398.04756,4,733,0.0614672086259395,True,False,False
6372488,1,4129.965897,9183.643851,86043.53726,7,657,0.04799856013032536,False,True,False
8290510,0,5089.931802,789.1153731,78911.53731,5,648,0.06450174430139992,True,False,False
3240520,0,5020.356318,5166.543947,97108.62317,3,622,0.05169835751055062,True,False,False
8987494,0,5347.01108,7331.496617,84381.21107,6,768,0.06336731853213493,False,True,False
1682267,1,5006.016092,9650.211253,79187.41851,5,703,0.06321731641457445,True,False,False
1855419,0,3521.259299,7396.408374,100497.3005,6,592,0.03503834711460732,False,True,False
1491999,0,4920.030329,3582.545417,63740.31544,1,650,0.07718867242869736,False,False,False
5280527,1,3796.335349,5559.972562,73936.51902,6,718,0.051345876155909936,False,True,False
7674408,1,3142.960192,8859.381091,78000.10345,6,617,0.04029430799427998,False,True,False
3811478,1,4032.55446,4556.811885,55100.27966,5,625,0.07318573489795605,True,False,False
5166994,0,5539.953278,6018.77226,82383.01556,4,587,0.06724630362632479,True,False,False
5965012,0,6446.053439,1474.002086,93994.28523,5,663,0.06857920588711094,True,False,False
3106052,0,1003.545213,1242.194251,18825.63353,2,607,0.05330738067331326,False,False,False
4880511,0,3889.681559,5881.386712,85950.01689,5,669,0.045255157587439074,True,False,False
7041636,0,4669.87666,5928.152338,79554.15806,4,654,0.058700598106738354,True,False,False
4168484,2,2154.999257,3926.656874,35128.16329,5,664,0.061346767242267626,True,False,False
6225149,1,6348.676672,14111.97926,120044.3866,6,653,0.05288607699045879,False,True,False
3652766,0,3826.317374,6357.038474,64182.00445,2,600,0.059616669918447836,False,False,False
6554789,0,4417.086171,771.5962788,77159.62788,5,551,0.057246079230313676,True,False,False
4803018,2,6501.102369,14064.32545,85845.44172,3,621,0.07573031530555213,True,False,False
7296873,1,5700.532331,9448.258885,82150.71755,5,683,0.06939114472774316,True,False,False
6678575,2,6072.803565,14311.21745,80146.10674,3,614,0.075771660184326,True,False,False
6612188,0,4553.503371,4981.147254,71736.34898,3,595,0.06347553835322049,True,False,False
4057515,1,4748.384803,7689.897763,82929.42782,4,652,0.05725814017801335,True,False,False
8358982,0,5664.44269,8230.884184,86264.7429,3,656,0.06566347385473979,True,False,False
2438598,0,4979.313632,4406.527131,72935.39338,4,511,0.06827019641969059,True,False,False
5287142,1,4517.20243,5625.594402,71562.6142,6,588,0.06312237863999105,False,True,False
1942734,2,3743.424411,8137.301342,74419.6623,6,677,0.05030155062931534,False,True,False
3247138,0,4234.956874,5537.430417,67008.76128,3,716,0.06320004717448793,True,False,False
8965464,0,2410.276306,2334.847967,32442.64047,4,597,0.07429346906053484,True,False,False
7646258,0,2297.471818,1341.594849,49343.91759,3,661,0.046560385356707146,True,False,False
4090392,0,2655.890059,1935.477162,42761.33037,4,535,0.06210962184804447,True,False,False
5863473,2,5070.32688,8778.354927,70864.45155,8,690,0.07154965245758682,False,True,False
7221998,0,3322.043541,1783.147146,53092.32762,4,588,0.06257106610162216,True,False,False
4870082,0,6038.444332,7560.245238,97711.66737,6,604,0.06179860086855869,False,True,False
4856538,0,2509.476849,3593.686208,38923.72593,4,615,0.064471650363406,True,False,False
7662247,1,2826.779535,6293.001347,60462.43186,3,690,0.04675266025596477,True,False,False
3372014,2,2751.360527,7792.094814,65036.73383,5,587,0.04230471558107148,True,False,False
7017248,0,3363.41731,3053.222149,59342.27048,4,560,0.05667827137038117,True,False,False
8226883,0,7427.276375,7359.041167,96922.43481,5,659,0.07663113694533073,True,False,False
6949220,0,2853.565878,3107.403447,57045.38601,5,675,0.05002272887591246,True,False,False
3364584,0,2658.489561,4649.731851,57730.24437,3,681,0.04605020453337118,True,False,False
6192570,0,4494.895549,1268.760207,69867.30177,4,550,0.06433475223928058,True,False,False
1319086,0,4218.112453,7858.454426,84447.46557,5,638,0.04994954466103582,True,False,False
4905231,0,2581.964055,3706.554792,45107.34014,6,667,0.057240441289296555,False,True,False
2077166,2,6339.545118,14402.25719,99537.11278,5,571,0.06369026527835761,True,False,False
5388985,1,4853.920001,7601.696509,71930.66661,5,709,0.06748053688029071,True,False,False
1610995,0,2861.519619,3741.479126,44143.0444,5,605,0.0648237940516853,True,False,False
8698157,0,4333.154251,3771.510218,67252.0953,3,553,0.06443151297622098,True,False,False
1730779,2,4232.566954,12577.06121,93291.13593,6,658,0.04536944385773007,False,True,False
7521864,2,2830.385693,6880.831743,55887.612,8,719,0.050644241035025794,False,True,False
1784636,0,2914.932973,4156.427521,63331.77402,5,705,0.046026390672073585,True,False,False
6737085,3,5001.715358,17079.00086,81619.77484,6,543,0.061280680665989455,False,True,False
6546682,0,3933.103682,5612.625854,73305.80189,4,697,0.05365337504801968,True,False,False
5768075,0,2634.015661,3878.539547,54051.0742,1,556,0.048731976190771055,False,False,False
2475093,1,3437.607043,5264.367195,56682.44388,6,649,0.060646768341139495,False,True,False
1037392,1,2089.461288,5343.684776,52011.20673,6,706,0.040173289938200976,False,True,False
3174715,1,3079.269045,6540.52875,60097.94425,3,704,0.051237510424493427,True,False,False
8015004,0,6275.141246,4129.774736,79743.36448,5,740,0.07869170415519443,True,False,False
8380627,1,5137.219376,8042.606207,79741.33151,6,709,0.06442354646856836,False,True,False
8029801,2,3205.83862,6688.312839,63753.78599,7,662,0.05028467831703119,False,True,False
2349962,0,4331.97879,7588.182239,86498.39253,4,599,0.05008161034319281,True,False,False
8489334,0,4768.505463,3268.775535,76817.26809,3,654,0.062075957419016316,True,False,False
7485624,1,4854.99213,6519.522126,74419.29484,7,671,0.06523835169949051,False,True,False
8061750,0,3930.256383,4255.088144,59757.88717,4,601,0.06576966772300963,True,False,False
5985721,0,2814.374844,2604.766417,39436.48615,4,603,0.07136474667888229,True,False,False
2750958,0,3776.409204,4594.762189,71385.08887,5,576,0.052901933215734324,True,False,False
2593152,1,6114.066639,10454.60074,90441.83333,5,720,0.06760219705732053,True,False,False
1824322,0,4795.717975,7512.313541,73335.88904,2,676,0.06539387519232562,False,False,False
5365581,1,3932.921072,7521.335941,75052.28468,7,720,0.05240241637904527,False,True,False
6095710,0,3675.638193,3140.332117,62652.7465,3,617,0.058666832634384186,True,False,False
3625648,1,5632.644231,6838.143979,72752.88501,6,574,0.07742159270008034,False,True,False
5423923,1,3606.145796,6250.846741,60756.29889,5,679,0.05935427045233564,True,False,False
1836740,0,3034.767765,3113.936996,56254.37587,6,643,0.05394723020326703,False,True,False
2072442,1,1340.894357,2383.099433,34310.03274,8,631,0.03908169855625733,False,True,False
1148599,2,3605.721924,11020.71486,80151.30865,8,705,0.04498643858386958,False,True,False
2826806,1,2508.585974,5299.288649,62623.80425,6,646,0.04005802592230733,False,True,False
3130235,0,5759.381304,4580.215627,98109.86964,5,761,0.05870338351414814,True,False,False
2916918,1,3183.880428,5681.095654,67397.09302,7,589,0.04724061951834017,False,True,False
7675412,2,4939.367,8404.726824,67063.46508,4,587,0.0736521292794494,True,False,False
8274243,1,1921.564897,3997.210669,38617.34904,7,640,0.049759109435752194,False,True,False
7987506,2,3941.702572,9223.90984,67277.84361,6,693,0.058588420206353284,False,True,False
5716097,0,4187.062246,4032.31416,99210.84819,2,580,0.042203673513417625,False,False,False
3253043,0,3106.625598,634.2567379,63425.67379,6,615,0.04898056910338737,False,True,False
7280319,1,1896.982906,5786.796191,48070.05988,6,540,0.03946287794805218,False,True,False
7236261,0,5161.069513,4976.153137,62723.45205,3,564,0.08228293157216306,True,False,False
4701807,0,3670.128561,4536.669001,55312.20579,3,567,0.06635295968730882,True,False,False
5665780,1,6082.549277,7653.869364,95147.09952,6,712,0.06392784759267878,False,True,False
7344392,0,4556.151294,5845.77597,64996.38471,4,745,0.0700985341619934,True,False,False
1768343,1,4808.833038,7880.010774,74480.22545,6,605,0.06456523203233672,False,True,False
5768429,0,4100.299254,3908.804585,57689.40523,6,561,0.07107542949442192,False,True,False
1061612,1,5680.761155,11030.77015,90758.34463,6,643,0.06259216359838977,False,True,False
5177462,3,4171.78844,9718.663326,53010.09474,6,631,0.0786980000783149,False,True,False
3387147,1,3896.786508,5996.302365,68379.39556,4,669,0.05698772965287089,True,False,False
6551485,0,7590.053541,3401.141563,113729.1577,4,613,0.06673797374830993,True,False,False
3002299,2,4243.873888,8509.170811,74644.89747,6,555,0.056854172647308215,False,True,False
4386571,0,5480.9446,5013.833947,70202.2263,3,586,0.07807365790050451,True,False,False
7337338,2,2420.921903,4096.213675,40491.83663,7,716,0.05978790058651879,False,True,False
6822402,0,3784.204909,6719.436572,75533.74684,5,639,0.05009952593793505,True,False,False
1171413,0,4270.697477,6887.692298,71394.65956,3,554,0.059818164318171586,True,False,False
5359077,2,4047.072273,9771.694378,60945.41788,3,615,0.06640486543169798,True,False,False
8657174,0,3037.025908,6130.814575,62324.67423,2,707,0.0487291100277926,False,False,False
3071242,1,5262.6798,5389.639959,73552.24327,8,675,0.07155022832793063,False,True,False
6526944,0,5266.389458,808.1858862,80818.58862,4,600,0.06516309611346935,True,False,False
6503223,0,4238.207094,939.7600505,54337.51329,2,560,0.07799781104042497,False,False,False
1836049,0,3384.137897,3854.083103,57422.43466,6,714,0.05893407197095673,False,True,False
3676250,3,4468.959274,13508.68033,65255.75254,4,677,0.06848375966947358,True,False,False
8830730,0,4156.657576,4366.376655,64909.5354,7,623,0.06403770340343554,False,True,False
3568598,0,7663.999871,4682.258763,101332.3313,7,641,0.07563232556359828,False,True,False
5003107,2,2329.542059,7233.980778,39790.81099,2,542,0.058544724297915095,False,False,False
6228937,1,5658.380805,8290.147118,78192.33794,5,695,0.07236490114084955,True,False,False
2771598,0,3636.487139,5076.525786,66529.10953,6,789,0.054660090367814065,False,True,False
8022584,0,3687.43422,3202.137774,60842.63571,5,712,0.06060608941361065,True,False,False
5916116,0,2984.764407,3390.781727,44596.73215,3,669,0.06692787258404537,True,False,False
1822990,0,4309.2374,4339.783315,66627.25159,5,586,0.06467679961523083,True,False,False
5082507,2,5812.639085,15663.53861,96493.81376,5,623,0.06023846357091068,True,False,False
1168989,0,3092.024551,4517.716683,66694.49539,4,659,0.046361015746789955,True,False,False
6825813,3,2903.36589,9401.184536,49821.62992,4,749,0.058275208873375214,True,False,False
1842765,1,1299.583321,1873.596853,24251.07044,7,582,0.053588699278876044,False,True,False
7580149,1,3075.670876,8152.763856,60427.36617,3,658,0.05089864197203683,True,False,False
6201590,0,3596.70992,5847.202148,74431.14744,5,581,0.04832264507139781,True,False,False
5487483,1,1823.828259,3051.978276,35395.13528,5,657,0.05152765329394158,True,False,False
1841278,0,1350.010799,3038.241526,36630.88199,5,731,0.03685444427378364,True,False,False
3923821,1,4485.616903,6886.229719,80505.29993,5,681,0.05571828074549477,True,False,False
4802134,0,1875.755116,1291.026417,36165.86465,3,668,0.05186534689970422,True,False,False
1710327,0,7075.74067,1040.342976,104034.2976,3,580,0.06801353816224545,True,False,False
4342006,1,2703.496439,6615.188594,70085.67535,5,639,0.03857416548387444,True,False,False
1027961,3,4544.174557,11172.88738,77422.04965,8,664,0.05869354502422425,False,True,False
1673954,0,7424.712015,2836.852827,103399.1553,3,607,0.0718063120869615,True,False,False
4213817,3,6009.944922,13580.70174,85803.91068,5,597,0.07004278563029244,True,False,False
5648267,0,3673.419749,6588.468837,81480.4287,5,650,0.0450834612385882,True,False,False
2331393,0,5623.392814,920.8586154,92085.86154,3,700,0.06106684261793355,True,False,False
3083795,2,4219.389747,17204.56977,98565.48823,5,641,0.042807983024993126,True,False,False
3345973,0,1612.2569,1832.169034,35230.84161,6,726,0.04576265642040108,False,True,False
1188815,0,5974.979317,877.4243843,87742.43843,3,664,0.06809680040710034,True,False,False
6747106,0,3702.538282,2408.572436,75499.27123,5,655,0.04904071551526154,True,False,False
4513114,0,4848.000386,6017.346742,71244.04056,3,626,0.06804780228483998,True,False,False
3130602,1,4921.822166,10420.79665,100650.1798,6,581,0.04890028190491121,False,True,False
5585914,1,6155.017536,7391.485243,76533.94942,5,706,0.08042205560597346,True,False,False
7669688,0,2651.558422,2891.98542,48854.46493,3,608,0.054274638475709944,True,False,False
4086054,0,2646.092964,2791.944573,43218.06168,2,723,0.061226553462589255,False,False,False
5531973,1,3300.53902,7725.801959,53609.34327,2,599,0.06156648857601274,False,False,False
8292696,3,1660.855366,10608.9555,51810.70305,6,618,0.032056221364091295,False,True,False
2476130,0,3428.897157,5723.629632,78264.04425,5,540,0.04381190864667078,True,False,False
1728315,3,7035.917476,19391.62184,106704.1792,6,591,0.06593853707278224,False,True,False
6190855,0,2636.98889,1580.610772,63651.44119,3,571,0.04142858104545614,True,False,False
2200524,0,2682.167425,2520.813306,47674.57114,3,527,0.056259917202477014,True,False,False
1283084,1,3945.19903,7777.410875,64239.30264,5,730,0.061414101147845214,True,False,False
5124902,0,3094.112732,6300.014994,67768.46383,3,558,0.04565711773785681,True,False,False
4438673,3,4740.441685,13877.69575,77332.61801,6,595,0.061299381903597336,False,True,False
6595011,0,4492.431191,5077.735565,81312.49643,4,586,0.05524896403675697,True,False,False
6304167,3,4008.719354,12828.17883,62486.26675,4,615,0.06415360626421164,True,False,False
4789355,1,4595.169671,11407.35522,118726.8371,5,610,0.038703715042367616,True,False,False
6895926,1,2104.140314,6226.890358,52439.24226,4,492,0.04012529974341396,True,False,False
2868015,2,2957.777477,9195.241425,66436.67943,5,685,0.04452024848888508,True,False,False
6373269,0,4004.857526,4094.441132,62382.31218,5,642,0.0641986067211528,True,False,False
7810986,0,5929.365413,8625.555369,89048.5931,4,712,0.06658572815789945,True,False,False
8056935,2,3128.413229,12790.75161,67746.00582,3,563,0.04617856346117498,True,False,False
4623118,0,4483.00293,5732.882387,82330.31706,4,635,0.05445142312196993,True,False,False
4382643,0,2039.627655,1379.259823,36936.9741,6,674,0.05521913217574582,False,True,False
7086105,1,4678.531885,7105.414885,88718.00745,5,577,0.05273486205871726,True,False,False
5083035,1,5158.524464,4131.212735,68684.65266,7,763,0.07510447041984065,False,True,False
6211960,1,2887.052508,4832.915058,55729.34861,5,653,0.0518048852177316,True,False,False
3814446,0,3753.758562,2376.897914,70771.34741,5,682,0.053040654154192256,True,False,False
1644230,2,3312.309973,7636.226875,60332.40891,6,743,0.054901006487924106,False,True,False
1615904,1,6431.853657,8978.481417,80915.88152,4,637,0.07948814912694534,True,False,False
5919072,1,5951.014287,10930.79171,94153.00269,4,593,0.06320578332051494,True,False,False
6692910,4,4461.927801,16007.80135,83957.75128,7,604,0.053144917925676965,False,True,False
3884961,1,6639.015996,9722.314393,92187.80777,5,702,0.07201620427468812,True,False,False
1176371,0,1849.556575,2324.825243,41796.39935,4,619,0.04425157678085972,True,False,False
7382852,0,4326.685339,1038.034958,68275.12663,3,565,0.06337132646340432,True,False,False
8325661,0,4601.913288,1949.700357,72834.60779,3,622,0.06318305854365884,True,False,False
7575198,0,4115.86727,5050.816458,57842.15096,3,640,0.071156884757731,True,False,False
5693718,1,4111.428515,7425.341475,76738.90173,5,685,0.05357684853851243,True,False,False
7432001,0,4349.714431,6729.851508,95528.83494,4,691,0.04553299989193818,True,False,False
8588130,2,2754.493437,6128.039118,50600.02776,5,616,0.05443659932490125,True,False,False
4611121,0,6972.043841,6869.267164,112041.3161,5,541,0.062227436125234875,True,False,False
8731887,0,2913.813703,4287.774236,46294.74402,3,599,0.06294048632694006,True,False,False
1596936,0,4220.072279,6797.419081,83700.56028,3,625,0.050418686145979996,True,False,False
2583903,1,2159.407829,6344.3438,59208.48656,6,636,0.036471255295669906,False,True,False
2229321,2,5527.108083,12660.03983,95192.76501,4,700,0.0580622706191944,True,False,False
3709880,0,2856.906303,4498.510214,61608.27407,5,651,0.04637212040308014,True,False,False
7460379,0,6018.95046,1859.531714,96841.68311,3,651,0.062152476771425255,True,False,False
2943016,1,4570.05062,10454.55962,79249.32872,5,690,0.05766674234108263,True,False,False
5540681,1,6274.067388,14286.66116,94708.98202,4,576,0.06624574833541222,True,False,False
3081241,0,4631.287865,5975.496165,72449.5553,3,629,0.06392431045052943,True,False,False
3593054,1,4907.945093,11018.27158,95767.8639,6,784,0.051248350888611606,False,True,False
3325523,0,3851.699234,636.1550162,63615.50162,5,640,0.060546551326557,True,False,False
8648295,1,3659.967487,6785.830224,62270.67342,5,639,0.058775139017920065,True,False,False
6238176,1,4751.479803,6860.502634,64591.80832,6,657,0.07356164700421876,False,True,False
4943570,0,3279.408378,4794.46557,46128.89445,4,676,0.07109228211733135,True,False,False
4931369,0,5035.405136,7319.953132,85083.21328,3,559,0.059182122323342516,True,False,False
5489758,0,4782.550372,2962.051911,74186.05638,2,572,0.06446697136052833,False,False,False
6360950,1,3904.024625,6849.907727,85993.83413,6,671,0.045398890100633776,False,True,False
6013470,1,4313.569635,8695.767147,84824.97422,7,640,0.05085258999091977,False,True,False
2989452,1,2600.546502,4830.379262,51039.87336,6,687,0.050951272618909964,False,True,False
2796500,1,4276.879774,5537.049175,60452.31268,5,635,0.0707479926638929,True,False,False
3927085,1,4631.712764,12069.01018,94561.56977,5,673,0.048980920846233955,True,False,False
7531400,0,3583.983503,2805.463872,79224.86769,5,667,0.04523811282366308,True,False,False
8580183,0,3696.669577,4136.820564,70463.41421,7,737,0.05246225461035604,False,True,False
7293138,1,3655.06203,5794.414124,53440.62312,5,644,0.06839482432292418,True,False,False
6251078,1,1964.438165,3969.899454,39897.48348,7,664,0.04923714464308865,False,True,False
1680155,0,4101.088076,6613.088986,75745.98871,4,503,0.054142643667922354,True,False,False
4318088,1,6973.235119,10759.99241,104784.1996,6,607,0.06654853637876143,False,True,False
6257853,0,4999.801834,952.3870185,86556.61209,5,639,0.05776337258673314,True,False,False
8140932,1,2299.410085,4671.955407,48423.04663,7,669,0.047485861485952525,False,True,False
2715723,0,3037.853037,1081.595853,54977.93406,6,654,0.05525586017264032,False,True,False
3515121,0,5301.199678,2672.2359,67544.99241,2,634,0.07848397769921371,False,False,False
3575941,0,1999.948995,2364.975737,35347.02325,3,667,0.056580407941424035,True,False,False
3115555,1,4342.551197,7797.452347,70008.54597,5,711,0.062028872858763066,True,False,False
4227506,1,3479.851711,8574.300222,75014.41968,6,723,0.04638910393287734,False,True,False
4113985,1,3988.808926,8479.78167,72875.95874,5,653,0.05473422229998919,True,False,False
1609696,3,3503.839068,11493.14436,66672.86577,7,662,0.05255269932579651,False,True,False
6689491,2,5683.94371,10531.05055,81126.84836,7,604,0.0700624247693874,False,True,False
2498351,0,771.3878224,918.7675547,13243.97721,5,571,0.058244423874238914,True,False,False
5040234,0,4295.993635,3463.379253,85889.9352,4,589,0.05001742782779512,True,False,False
1762155,1,6561.147125,11997.91762,109967.6148,5,686,0.059664357883299296,True,False,False
5170465,0,7236.406052,7430.743901,109764.0729,2,678,0.06592690905878366,False,False,False
1318859,4,4604.211758,18276.90247,79921.19236,8,665,0.05760939773346495,False,True,False
6783766,0,1914.973883,2015.424468,40824.05664,6,622,0.046907976340687337,False,True,False
7689574,1,5376.450009,9327.938722,102364.8943,8,699,0.05252240082662792,False,True,False
2456042,1,3571.942446,6233.507116,58709.36977,6,586,0.0608410967447522,False,True,False
4798547,0,3813.01855,4934.928002,77127.113,5,682,0.04943810810084386,True,False,False
8657440,1,5529.282387,9434.081143,92127.26517,5,621,0.06001787176463951,True,False,False
3386567,1,2203.476652,3363.94258,35394.21246,5,682,0.06225528126922476,True,False,False
3197139,0,2141.305849,451.8342554,45183.42554,5,599,0.0473914012363747,True,False,False
1740544,0,5123.77482,4720.384296,77421.98991,1,674,0.06617983890566731,False,False,False
4044013,0,5194.047143,4637.620677,86460.16975,3,673,0.060074449981056155,True,False,False
2762554,3,2210.728069,6632.214414,34568.98172,5,623,0.06395120593676543,True,False,False
7241638,1,3463.933719,9397.307266,73033.05498,6,592,0.04742967030406428,False,True,False
4864530,0,3723.272091,3906.734629,78164.24555,5,572,0.047633954179450266,True,False,False
3946888,0,4934.880489,7744.214255,101544.7492,5,660,0.048598086340046816,True,False,False
2298848,0,3866.094568,4862.110241,59540.46986,4,752,0.06493221462797506,True,False,False
2781916,4,5740.106515,17360.24898,85301.94441,6,706,0.06729162570328331,False,True,False
3199535,0,1862.025051,2439.95551,45346.7725,5,618,0.041061909113818414,True,False,False
7070528,0,7286.362573,7292.945208,97789.70033,6,717,0.07451053176777846,False,True,False
8257500,0,4216.198928,589.9643155,58996.43155,2,609,0.07146532115975071,False,False,False
5804700,0,5355.264587,964.5437711,91171.35806,5,680,0.058738453621319235,True,False,False
1635632,1,3192.885915,8889.676749,77066.94195,5,663,0.04143003256923704,True,False,False
5982463,1,4105.446169,4035.095738,68534.83497,7,603,0.05990305763189029,False,True,False
8843064,0,3970.652129,3074.354377,62075.89795,3,669,0.06396447349337135,True,False,False
8473439,0,3123.413106,2571.803863,57388.5372,5,580,0.05442573131137415,True,False,False
1719432,0,5519.987638,6544.9387,79649.3234,2,743,0.06930363501367796,False,False,False
5936233,0,3082.595417,2217.425058,58651.97047,4,568,0.052557405868856905,True,False,False
7890229,3,4846.395878,12937.97098,67482.62009,5,608,0.07181694889049173,True,False,False
5914019,0,6296.861054,2949.176186,127533.8161,4,586,0.04937405032295587,True,False,False
1404083,3,4164.052188,13923.64106,68732.13537,4,637,0.06058377446858013,True,False,False
1099190,0,5037.409274,4625.445018,82343.29585,4,639,0.061175706194422384,True,False,False
5999099,0,2753.352464,5139.939204,52050.73469,3,584,0.05289747551880329,True,False,False
6924542,0,2131.358944,2740.980098,40940.40694,7,557,0.052060033187349655,False,True,False
2870991,0,2724.062425,1684.525057,61153.99547,4,650,0.04454430825106643,True,False,False
5784127,1,4755.221685,7047.485527,80099.40332,5,626,0.05936650571543859,True,False,False
1732355,2,3741.316988,6049.904769,54049.33112,7,714,0.06922041236169141,False,True,False
8121937,2,4656.944711,13392.95046,103638.5684,8,653,0.04493447548432172,False,True,False
7417240,1,1702.718059,6098.410907,56935.86817,7,546,0.029905894363742695,False,True,False
6459308,0,5745.512975,6764.830604,76481.7912,3,565,0.07512262572375526,True,False,False
7224101,1,3334.885779,6295.633801,64455.31326,4,752,0.051739501529497335,True,False,False
8618306,3,1968.718288,13175.05219,64733.27361,5,605,0.030412771951886464,True,False,False
5445825,2,5290.607923,12300.3748,87035.76075,5,611,0.06078659940936978,True,False,False
8804938,0,5139.410079,6643.962991,68990.67163,3,706,0.07449427520524633,True,False,False
5898458,1,4822.907384,7096.135523,83817.52059,6,542,0.057540563715689365,False,True,False
8675941,0,4868.128718,2677.756298,86563.86257,2,669,0.05623742487303383,False,False,False
7775796,1,4030.913209,7450.227383,78508.29332,5,611,0.05134378851632894,True,False,False
5644919,2,6419.525685,14884.31374,106841.2351,7,729,0.0600847199023067,False,True,False
6764340,0,1117.379626,2018.232191,22672.728,5,686,0.04928298112163653,True,False,False
5830600,2,4354.175861,10766.32605,74891.76197,5,557,0.05813958366668135,True,False,False
6101820,1,4607.401645,7217.286288,61999.13539,5,684,0.07431396609029389,True,False,False
5523462,0,2641.401611,3331.309203,69032.72665,5,597,0.03826303463851373,True,False,False
2898986,0,5118.796538,6626.876217,82541.76028,6,661,0.06201462775491949,False,True,False
4603371,1,3003.370183,4681.271121,50844.01385,7,620,0.05907028095501158,False,True,False
1824323,1,3292.036569,6334.850028,71256.02985,8,640,0.04620011212987892,False,True,False
8299254,0,5422.01295,10059.11306,99858.82416,4,690,0.054296783440114564,True,False,False
7870570,1,5251.106568,7391.226865,66376.42752,5,693,0.07911101522325498,True,False,False
3103317,2,3568.398184,13068.7558,81870.28753,5,605,0.04358599794452194,True,False,False
5775482,1,2387.846795,3929.490136,45619.09968,6,681,0.05234313723308447,False,True,False
5047739,1,3502.046995,5211.179806,50276.68003,5,678,0.06965549421541628,True,False,False
5517567,2,3688.829403,10778.70481,75698.71213,7,530,0.048730411643794505,False,True,False
3656898,0,3986.665717,2906.993961,72210.09489,4,600,0.05520925741855095,True,False,False
5933016,1,3609.741217,8208.627045,67799.42318,6,621,0.05324147386057452,False,True,False
8466583,0,2641.659219,2895.493793,45799.18373,6,712,0.05767917687296302,False,True,False
3369823,1,3024.879991,6091.915748,57446.38985,5,612,0.052655702105882635,True,False,False
1398730,0,6358.746503,5316.351233,125387.016,6,688,0.05071295821411046,False,True,False
2100829,1,5652.163333,7471.88945,93847.57552,6,733,0.06022705756309559,False,True,False
3039197,0,4629.537269,4345.803042,82240.05517,3,569,0.05629297377573732,True,False,False
6930763,1,3476.504191,7684.99352,72063.8632,6,615,0.048241990321162796,False,True,False
6375158,1,3539.274251,6036.645489,74453.73474,6,673,0.047536557613389104,False,True,False
2924534,0,5438.779307,6522.996364,88964.98011,3,555,0.06113393495142995,True,False,False
8239254,0,2449.077785,1149.347697,36908.57092,3,782,0.06635525906186995,True,False,False
1502843,1,4548.967353,7291.10246,80384.85815,5,667,0.05658985358301587,True,False,False
8518068,1,4836.718657,5525.489092,71349.61384,6,692,0.06778899557671383,False,True,False
1355121,0,4496.332753,4291.362937,81167.69306,5,647,0.05539559624635708,True,False,False
5471928,2,5017.602089,10511.00048,83441.28648,6,708,0.06013332608675283,False,True,False
4795685,1,2233.040504,5462.21697,49571.76917,6,694,0.04504661708445537,False,True,False
4348711,0,3073.834616,3598.712745,87023.10138,6,662,0.03532205319341149,False,True,False
7881501,1,4056.767176,8504.776216,63345.88515,6,652,0.06404152639739379,False,True,False
1082310,1,6525.6206,6852.606089,86344.05541,7,718,0.07557695279673221,False,True,False
5993960,3,3015.345442,12606.52971,64975.23999,4,654,0.04640760761274719,True,False,False
6402080,0,4777.656316,5669.500816,62904.15265,3,632,0.07595136592305722,True,False,False
2145127,1,3364.303359,4880.868805,56527.21725,6,663,0.05951652182206086,False,True,False
5026461,2,3939.722313,11358.73707,71750.02464,4,657,0.054909002927416975,True,False,False
1943263,3,4604.560834,10805.73561,60590.51568,4,588,0.07599474575061085,True,False,False
6560818,3,4908.512628,16980.04837,85646.02982,4,700,0.05731161897774003,True,False,False
1763661,4,4338.372928,19077.42071,84753.11758,7,699,0.05118835804364283,False,True,False
1226414,1,6529.821316,13360.11526,115666.6401,6,676,0.05645379956013782,False,True,False
4803557,1,3491.97423,7540.775743,60563.61639,5,799,0.057657954365099295,True,False,False
8356382,1,2907.208766,9376.535648,75760.71573,5,659,0.038373565217636844,True,False,False
5332663,0,6614.808622,8083.651989,93199.41512,3,614,0.07097478684263227,True,False,False
4197931,1,3171.058726,5859.956348,72282.27804,6,595,0.0438704868189846,False,True,False
7326917,1,4489.075505,8491.802343,81675.30468,5,636,0.05496245802311955,True,False,False
5781455,1,2836.677779,5111.032071,46404.31404,5,743,0.061129613435397745,True,False,False
6902855,1,5341.618048,8334.828417,87308.94515,6,654,0.06118065037692189,False,True,False
7691954,1,3509.695954,7009.507898,68250.64883,5,726,0.05142362767483744,True,False,False
3186841,2,3568.542064,6269.490275,75598.88486,9,600,0.04720363363306891,False,True,False
8170286,0,4014.854567,851.5372661,85153.72661,6,554,0.0471483131371084,False,True,False
6962872,3,1930.942914,7482.071569,47557.41037,5,588,0.04060235616231263,True,False,False
3497624,0,3558.702929,2140.20134,60936.69656,7,557,0.0583999975367224,False,True,False
7203010,1,1825.609274,4309.611146,40211.25252,4,703,0.04540045782189925,True,False,False
8282735,2,2892.641476,6863.491893,54316.15979,7,644,0.05325563307832665,False,True,False
1454064,1,6075.735066,9588.183356,92343.35452,5,689,0.06579504391606328,True,False,False
8417401,1,3449.847771,7510.488096,71399.29625,6,554,0.04831767191262757,False,True,False
8395756,0,4884.179876,3891.938209,83013.00407,6,643,0.05883632246197786,False,True,False
4386807,0,6154.415356,6771.136437,99514.82254,5,545,0.06184420771615437,True,False,False
6850595,0,3785.757223,708.1955417,70819.55417,3,729,0.05345638316096166,True,False,False
6451480,2,4216.902641,14832.23318,87994.85395,6,662,0.04792215057707928,False,True,False
2744341,0,4828.656523,3911.798473,77846.72688,2,573,0.06202773984888701,False,False,False
3575591,1,3568.512309,6805.028035,64457.70302,5,639,0.05536207686291208,True,False,False
7551360,0,2459.007751,1873.962977,45607.54561,3,599,0.05391668676993732,True,False,False
8178183,0,5956.32625,3432.810318,84889.01145,3,536,0.0701660456195594,True,False,False
1819848,1,4907.775402,9434.34521,76872.74834,6,689,0.06384285078885733,False,True,False
8888036,1,3211.979954,3744.535676,59775.37669,6,668,0.05373416500003992,False,True,False
6066730,0,4913.62507,5575.521986,60092.08176,4,801,0.08176826174244359,True,False,False
8756295,1,2556.744815,6586.261473,58092.76316,5,627,0.04401141684306138,True,False,False
5672549,0,4253.892088,4934.730839,61266.80057,3,620,0.06943225447426037,True,False,False
2796495,1,3822.395362,6080.882611,60240.08885,5,730,0.06345268466515551,True,False,False
7180815,1,2821.224867,4308.005812,40993.51773,6,587,0.06882124353371515,False,True,False
5363313,0,3796.312155,6538.797671,73996.76429,3,626,0.05130375890656394,True,False,False
4053935,3,4133.765194,11644.62323,64184.26196,4,595,0.06440465415924211,True,False,False
4626798,0,4382.349808,3680.132682,65734.30343,4,639,0.06666762374179158,True,False,False
3066958,0,2605.219856,3563.351318,71035.91175,6,655,0.03667468737740246,False,True,False
1490068,0,2307.309404,2745.12507,37002.22636,3,568,0.0623559615454447,True,False,False
1026777,0,4332.491583,1615.956806,68831.80486,3,529,0.06294316401861091,True,False,False
6068163,0,3536.979074,1497.489902,58259.28581,3,524,0.06071099267394194,True,False,False
3447961,1,3391.612904,7791.078059,72039.50445,4,689,0.04707990330991235,True,False,False
2997942,1,2857.441322,3674.138581,48595.29838,5,555,0.058800777384999364,True,False,False
3666279,0,2141.99784,2516.832393,42500.5186,3,631,0.050399334186006846,True,False,False
4961614,0,2965.658923,541.9832492,54198.32492,3,639,0.05471864540790682,True,False,False
3055507,2,3484.851987,9447.553216,66872.47049,5,585,0.05211190735836683,True,False,False
5403829,0,3483.573256,2377.124931,73505.02457,6,654,0.04739231469384162,False,True,False
8905080,0,4656.84543,4277.962779,60607.89606,2,616,0.07683562262893705,False,False,False
6471692,0,1820.797385,3193.597105,42945.18409,6,647,0.04239817394155685,False,True,False
6992580,1,3691.088458,6526.798732,76177.47031,4,656,0.048453807181825806,True,False,False
3622154,1,5182.019559,12293.44695,112296.5169,5,626,0.04614586188469751,True,False,False
2566696,0,5887.567542,5362.1837,87459.79265,3,507,0.06731741939477373,True,False,False
3906563,0,3359.887124,4564.326236,80668.44205,7,605,0.04165057659000618,False,True,False
5483645,0,5967.363804,5099.218441,78555.89977,6,558,0.07596327992514317,False,True,False
4071929,1,3485.33358,6412.401202,72865.86724,5,626,0.04783218414899634,True,False,False
5790604,1,3849.076893,5591.260511,58965.82907,5,687,0.06527639742723963,True,False,False
3080975,0,4972.285567,6461.046059,83951.69471,5,627,0.05922793559053336,True,False,False
3645763,0,4618.504952,3732.381086,81406.09892,6,736,0.05673413925090221,False,True,False
5392090,2,3925.745181,9213.915073,55734.64221,2,622,0.07043635744907745,False,False,False
3555799,0,5033.475814,5737.868131,64056.21743,4,664,0.07857903597727314,True,False,False
8032079,3,2708.901194,10299.55627,55337.40638,7,672,0.048952442320806866,False,True,False
4331213,1,3531.660298,9080.99654,75401.47951,7,776,0.04683807693099203,False,True,False
7901274,0,5751.076078,4303.407266,78964.10787,5,690,0.07283152096732476,True,False,False
1778728,0,2556.369391,3448.657963,40100.23451,6,642,0.06374948730941973,False,True,False
8703496,1,4995.505241,10059.64082,75467.60826,4,625,0.06619403153455655,True,False,False
6416904,1,2339.616825,4074.365765,54017.84712,8,642,0.0433119228132615,False,True,False
1927138,1,6010.694321,10022.82655,86726.88339,5,723,0.0693060108475322,True,False,False
7166720,0,4460.075959,4503.651461,69024.9134,4,592,0.06461545171601765,True,False,False
4742049,1,5238.807496,9865.423072,78261.37854,4,663,0.06693988265645492,True,False,False
4147793,1,3986.851857,5402.368899,85468.37924,5,572,0.04664709793787825,True,False,False
5915939,0,2352.786478,2197.426087,37573.03084,4,678,0.06261902288423427,True,False,False
6726367,0,4953.913182,5036.723533,104276.5233,3,615,0.04750746405063545,True,False,False
6720038,1,2994.57033,5593.283496,58173.51243,6,615,0.05147652608398636,False,True,False
3905428,0,3294.827402,6543.679564,74322.37982,4,674,0.0443315648661908,True,False,False
6635732,1,5312.306605,8736.191189,76782.76157,6,693,0.06918618836282629,False,True,False
1733052,1,4337.311569,9675.510153,86091.09183,4,666,0.05038049206722438,True,False,False
5810678,0,2801.344067,1812.19779,48780.57972,6,644,0.05742744516526217,False,True,False
1126380,3,5053.516846,14187.04871,69405.39591,5,635,0.07281158445595559,True,False,False
5995310,1,968.6192562,2737.02878,28171.65313,5,657,0.03438276240766706,True,False,False
6166516,0,1949.773583,4093.701637,43191.435,4,592,0.045142597901644155,True,False,False
3256758,1,4527.211255,5674.511272,66556.9848,5,523,0.0680200773608362,True,False,False
7648999,1,7155.699053,13692.1471,102299.3996,2,705,0.0699485928654463,False,False,False
5332164,2,2923.825295,10327.09812,71164.29945,5,647,0.04108556281164937,True,False,False
6940390,2,2864.740514,7418.913462,43682.36948,3,597,0.06558116118933574,True,False,False
5215891,0,5790.763084,5156.978406,85949.39947,4,640,0.06737409591815964,True,False,False
5374026,0,4547.644776,5625.835517,73631.23404,3,581,0.061762441378199674,True,False,False
5654996,0,4407.327276,6334.128499,77269.62716,5,674,0.0570382883674833,True,False,False
2502482,1,3162.408779,6857.315334,54178.41066,6,665,0.05837027591757709,False,True,False
6489976,1,4293.592861,6755.111649,72005.00093,5,683,0.05962909250114498,True,False,False
4974781,1,2828.671048,5807.194729,82913.49283,7,700,0.03411593157460763,False,True,False
1411552,1,5818.37025,9387.750025,94931.76498,6,616,0.06129002501139424,False,True,False
4656102,1,1954.430995,4649.862539,36647.32798,4,622,0.05333079115799699,True,False,False
6724798,1,4899.540219,9181.836528,97402.14842,5,696,0.0503021781190399,True,False,False
4385683,0,2809.883809,3958.850513,55765.75773,6,649,0.05038726134780703,False,True,False
7661588,1,6647.676767,12421.39254,104806.7022,5,677,0.0634279738552827,True,False,False
2567454,0,2981.831668,1094.979947,49696.02505,4,596,0.060001411883544596,True,False,False
1541790,1,3355.04843,6860.807483,67361.363,6,698,0.049806718281516955,False,True,False
7884934,0,5191.708199,5005.613158,77292.00283,5,563,0.06717005652472105,True,False,False
2586732,0,6820.39942,6736.532572,113946.6085,7,638,0.05985609848142167,False,True,False
3244328,0,2395.916941,605.7202187,35105.11218,3,530,0.0682498015877299,True,False,False
2427947,2,6324.357789,14305.21855,93349.68663,5,633,0.06774910572616241,True,False,False
1588052,3,3911.721702,14111.17693,82008.33821,6,608,0.04769907289162712,False,True,False
4762095,1,1562.989284,4852.408566,34243.70326,5,548,0.045643114943871285,True,False,False
5838862,1,3158.951334,5915.340698,52077.31129,5,799,0.060658879188461266,True,False,False
3356164,1,4645.104115,8933.771025,74192.25225,6,699,0.0626090187874031,False,True,False
7600657,3,7590.49561,19971.1301,104994.4618,6,644,0.0722942475238251,False,True,False
5468259,3,3195.741444,10706.73465,55958.31071,3,724,0.05710932662999254,True,False,False
8141802,0,4502.734743,1713.244362,79810.54369,6,612,0.05641779312379471,False,True,False
1872459,0,4003.266653,1237.903753,105344.8292,5,689,0.03800154866072914,True,False,False
7883633,0,6148.738807,5662.142278,100325.9296,3,670,0.06128763353118235,True,False,False
8494961,1,2312.459155,6083.426802,58898.90225,6,661,0.03926149837537932,False,True,False
7772127,1,3022.024244,6885.566899,53790.38627,5,696,0.05618149363774777,True,False,False
7022339,1,2381.394052,3659.118283,45155.73365,6,624,0.052737357130726185,False,True,False
8909898,0,6401.681296,6504.65265,85069.41681,2,697,0.07525244131269836,False,False,False
3028887,0,4332.179207,606.2278449,60622.78449,3,627,0.07146123760967484,True,False,False
1350033,0,3372.798366,2655.697082,55181.21719,7,572,0.061122217626819984,False,True,False
2679881,3,7376.074016,17785.65545,96272.98187,4,683,0.07661624136624448,True,False,False
8872311,2,2728.576854,8302.827464,57251.33064,6,702,0.04765962333971702,False,True,False
3126674,2,6277.440295,15086.47028,103769.7984,8,718,0.060493904698575574,False,True,False
8009621,0,5623.90452,3632.057535,96086.79264,3,672,0.05852942288406475,True,False,False
5244790,0,2178.489627,1360.978163,39843.779,4,650,0.05467577829402175,True,False,False
7264776,1,4457.9148,12233.49501,98913.32028,3,408,0.0450689026248508,True,False,False
6069992,0,2739.099782,651.003708,65100.3708,5,649,0.04207502581536755,True,False,False
5248495,0,4315.864447,4488.302453,59158.8195,3,619,0.07295386357396803,True,False,False
2458654,1,4855.787136,9192.395334,84339.2534,6,645,0.05757446195273054,False,True,False
3980568,0,1763.383743,857.3146063,85731.46063,7,667,0.020568688904186703,False,True,False
7736107,0,6632.827767,7681.307147,87104.01364,2,736,0.07614835975771919,False,False,False
7202364,1,5317.395322,8874.134931,77109.63632,5,659,0.06895889509753558,True,False,False
5196971,0,2186.597616,2290.223803,48158.3522,7,618,0.04540432793296445,False,True,False
3750794,1,5469.727525,7803.453925,83904.01758,5,628,0.06519029341812836,True,False,False
2367464,1,3889.978844,6208.591463,83344.3756,9,613,0.04667356154504564,False,True,False
1690473,2,3438.029488,9897.756887,65217.62777,6,638,0.052716261010362725,False,True,False
3914062,1,5677.638418,12379.49284,95829.65332,4,690,0.059247197723244355,True,False,False
3153072,0,4534.785715,4821.584759,67043.11355,5,747,0.06763984360031262,True,False,False
5278170,0,7518.561103,873.9546337,87395.46337,3,637,0.08602919205507498,True,False,False
3861860,1,5742.230317,8193.548694,82238.54989,5,690,0.06982407064181759,True,False,False
4646524,2,6024.14638,12095.88339,88905.25825,5,683,0.06775916856413833,True,False,False
2144140,0,3761.492478,6022.206246,77994.66609,5,626,0.048227560505990495,True,False,False
5571140,1,2863.077796,6827.368854,58909.15948,6,681,0.0486015726802558,False,True,False
4166251,0,4707.093339,5876.13626,65688.57267,3,705,0.07165771986928454,True,False,False
2932215,0,4382.509574,3133.040381,85105.78173,6,637,0.05149485128875979,False,True,False
2347311,0,5275.232193,4217.50803,75166.60972,5,622,0.07018052580328615,True,False,False
7352454,2,3105.185941,7504.009416,55322.83341,7,758,0.056128469017256,False,True,False
2294730,2,5548.551689,12248.57719,80214.98219,5,660,0.06917101441046895,True,False,False
4801095,0,6315.664471,6263.33225,108427.9387,4,646,0.0582475748107162,True,False,False
4166459,0,2778.906502,4477.48328,55458.09217,5,621,0.05010822394469686,True,False,False
5788466,2,3927.278971,13337.24568,71453.03155,1,622,0.054963083942097625,False,False,False
2125068,1,5416.752289,9655.122537,99014.40994,5,673,0.05470670675391998,True,False,False
3770679,0,5010.804576,4057.168232,75143.67666,4,580,0.06668298383471725,True,False,False
3006063,0,4299.489795,4574.1156,109108.6845,7,651,0.039405568994831025,False,True,False
2074164,0,3203.451253,3627.958956,67598.75892,6,601,0.047389202171464966,False,True,False
7634803,1,4214.680971,7474.92907,76359.40498,6,599,0.055195309236680215,False,True,False
2753335,2,4353.695798,10039.69633,85223.13305,10,733,0.05108584538244689,False,True,False
5766712,2,6661.364854,10795.30453,89963.06511,6,634,0.07404555242593157,False,True,False
5835599,2,3321.642412,10443.72866,65321.37584,4,697,0.050850772343438135,True,False,False
2617336,0,5271.895249,7562.591412,87069.80811,3,605,0.06054791394899745,True,False,False
5866090,1,5968.161833,9527.064751,97429.55904,5,651,0.061256172067347174,True,False,False
4926866,1,3581.059197,4754.799878,58717.46469,5,734,0.06098797378099126,True,False,False
1850658,1,2283.332344,3302.191188,38921.25071,5,621,0.05866544117538714,True,False,False
6645305,2,3196.367779,12285.43342,92085.61348,7,746,0.034710826786143054,False,True,False
7423188,1,5204.093808,8217.354698,81940.36843,5,601,0.06351074455377573,True,False,False
1607195,0,2282.47149,4480.737982,52614.93463,4,599,0.04338067710338995,True,False,False
4205202,1,3233.399911,4948.328444,56142.36164,5,659,0.057592873127308646,True,False,False
2827374,1,6139.787434,8174.785422,88979.23679,7,613,0.06900247356010167,False,True,False
5763983,0,5531.963122,7354.683265,88956.70113,3,692,0.06218714331498952,True,False,False
7150836,2,5476.273236,11174.62612,78709.40753,6,638,0.06957584115866614,False,True,False
7064816,0,2964.078327,4198.946502,51123.96078,4,638,0.0579782607172245,True,False,False
3217780,1,5188.83626,12883.91174,95153.69929,5,685,0.05453110387422752,True,False,False
3970663,2,3273.29457,10795.1583,63776.78108,1,615,0.05132423610238436,False,False,False
1483641,1,5793.687316,9207.73404,98548.46301,6,657,0.05879023517000054,False,True,False
4533385,0,5587.896567,6187.078156,93643.05616,3,547,0.059672300287299807,True,False,False
3521658,0,3432.98682,6182.76597,72711.14137,6,661,0.047214041140281444,False,True,False
1447627,0,4148.064586,5942.018805,81381.45292,2,639,0.05097063811428449,False,False,False
6776334,2,6964.491421,14677.58365,102437.9004,6,620,0.06798744794460859,False,True,False
1775853,0,2117.057888,1589.029333,39465.33051,6,562,0.05364348557688032,False,True,False
7737709,1,4616.920429,8046.310323,58735.81653,5,741,0.07860485648721431,True,False,False
4416091,3,5407.875156,12770.20425,76351.61054,4,559,0.07082856691237518,True,False,False
8051165,1,5933.358207,12814.66596,110257.5518,4,550,0.053813621925532365,True,False,False
7263815,0,3421.681004,5859.311335,63074.73249,3,615,0.054248046229010645,True,False,False
4946183,0,5214.343325,7062.745944,108918.4813,4,599,0.047873815928794076,True,False,False
5615232,1,6073.722267,10690.37122,111556.467,5,717,0.05444527269763751,True,False,False
3517988,3,1276.784363,5287.155749,26803.52213,5,688,0.04763494725832884,True,False,False
8787428,1,3527.931083,5572.170081,80548.41407,7,682,0.04379888944720969,False,True,False
4153925,1,5131.838746,10273.68633,86735.09997,4,575,0.05916680499330726,True,False,False
1915006,1,5016.329766,8835.768003,74206.08178,4,623,0.06759998164128914,True,False,False
4828279,2,5730.693936,15067.01774,87522.82463,3,662,0.06547656522999948,True,False,False
8291909,1,3634.057471,7085.980095,68691.57707,6,722,0.052903974926892736,False,True,False
1007395,0,2362.112637,2458.826925,40278.92437,3,613,0.05864388570314744,True,False,False
8279657,1,3757.844702,7293.609301,51924.44707,5,707,0.07237139563439168,True,False,False
3140515,1,1836.301053,2924.502726,38467.13608,7,638,0.04773687984416229,False,True,False
7181619,1,4309.120155,8782.805602,97197.68317,7,631,0.04433356860433898,False,True,False
7744902,0,3180.28053,7643.214353,76082.56395,4,714,0.041800385855687246,True,False,False
3017787,0,5393.030476,4570.437733,76008.68136,5,676,0.07095282248690757,True,False,False
6336215,0,4098.03462,3713.138334,64985.96878,6,684,0.06306029896812443,False,True,False
1340455,1,2693.629683,3217.523941,41430.90385,7,710,0.06501498718812045,False,True,False
7271535,2,3701.602132,9183.80644,70651.98724,6,649,0.052392045526276694,False,True,False
2059425,0,1952.536762,3283.978382,37166.10401,5,626,0.05253541671934851,True,False,False
2889751,0,6007.918562,5882.471809,78786.4314,4,574,0.0762557518501847,True,False,False
4292735,1,5365.831541,4560.020205,79004.78696,8,675,0.06791780279993302,False,True,False
8726415,0,5550.892413,8307.184167,92256.30488,3,656,0.06016816325150004,True,False,False
3342765,0,5215.837295,5501.403489,89374.62457,4,674,0.05835926383013617,True,False,False
6995524,0,1893.13213,3606.908457,52688.49012,6,652,0.03593065820805115,False,True,False
8322972,0,3448.308474,5438.010026,46537.38826,3,728,0.07409759341746094,True,False,False
3114612,0,2676.644971,6294.419209,68708.11551,3,693,0.03895675134053753,True,False,False
7913512,0,3488.110185,3589.720159,47227.27496,5,665,0.07385796000201829,True,False,False
1374120,1,3308.228795,3701.667647,58664.59952,6,577,0.0563922505577176,False,True,False
6164038,0,4616.03664,4229.853619,89487.00372,6,661,0.05158331878496379,False,True,False
2179530,1,2647.123196,4956.903749,38187.2308,6,798,0.0693195903589846,False,True,False
4406323,2,2343.26674,6058.875292,47429.22772,5,561,0.04940554279807278,True,False,False
5877777,0,2785.085843,452.4676251,45246.76251,5,596,0.06155326234411727,True,False,False
5987418,4,1344.111534,6298.992514,29516.43828,6,714,0.045537727867076515,False,True,False
1048623,0,4774.75626,4469.535616,77772.30174,6,645,0.06139404586432908,False,True,False
3746535,0,2756.028482,4344.249123,44909.20242,4,645,0.0613689028859845,True,False,False
5705894,1,3135.264699,4866.554331,54376.51649,6,595,0.057658432378186346,False,True,False
2619656,1,2387.185614,4548.608752,58647.94867,5,535,0.04070365064995205,True,False,False
7474693,1,4634.289113,8714.971773,75919.37615,4,640,0.06104224439151954,True,False,False
4025637,1,2805.05126,3724.196272,40083.21537,7,669,0.06998069476480724,False,True,False
3189669,0,4313.744156,5422.55927,74835.03586,4,691,0.05764337661399765,True,False,False
1365837,0,5919.680527,777.6944344,77769.44344,3,583,0.07611833472316283,True,False,False
5895997,3,4119.955033,14756.16813,74362.76621,6,679,0.055403466586561236,False,True,False
6320863,1,6946.290875,11662.78157,120237.5832,7,652,0.05777137805111838,False,True,False
6336606,1,2668.238346,5806.102905,53352.59766,5,732,0.05001140456185241,True,False,False
6160216,2,4649.973652,13928.00213,95718.02482,6,620,0.048579916486412925,False,True,False
2459303,0,4403.83877,5415.746667,65507.23313,5,686,0.06722675587992737,True,False,False
2993190,2,4168.88095,8185.695038,89155.25246,8,743,0.04675979075792973,False,True,False
7479857,0,6156.019979,5950.934804,83889.90505,5,671,0.07338213072634774,True,False,False
4998784,1,4792.742043,10348.1601,81443.51458,6,635,0.05884743638233103,False,True,False
8150336,1,4309.295106,11436.22011,88782.25761,4,597,0.048537795974165694,True,False,False
4041640,1,4202.102572,8015.94477,63341.87985,5,708,0.06634003572282675,True,False,False
5863537,1,2704.192583,5611.883226,41885.86815,3,657,0.06456097730422712,True,False,False
7241111,0,3172.109846,5298.305956,53018.39331,3,590,0.0598303654253079,True,False,False
2736887,1,4347.140086,4378.768765,64494.05848,7,651,0.06740372971485543,False,True,False
3554315,0,2682.662856,3788.568949,40308.34257,4,617,0.06655353916726425,True,False,False
3181518,0,2517.012371,2958.774379,39506.04322,5,763,0.06371208467988913,True,False,False
8297629,0,6124.75567,4525.732185,75096.5573,5,566,0.0815584081375725,True,False,False
5938407,2,4990.456689,11245.73448,85487.12651,7,583,0.058376704104286775,False,True,False
5942986,0,4498.698222,5208.628321,79949.46077,4,561,0.05626927534810939,True,False,False
7922356,0,4494.97308,5323.889431,65060.55585,3,639,0.06908906665911924,True,False,False
1799531,1,4265.418354,9243.579968,99481.4135,7,785,0.042876535464587064,False,True,False
3700938,0,4287.42859,7503.36695,77957.79285,4,749,0.054996792921645686,True,False,False
4155731,1,3792.917492,8012.516091,81878.68294,5,633,0.04632362607468195,True,False,False
7305523,0,3317.388081,4776.350863,62300.85198,4,644,0.0532478766432433,True,False,False
8466547,0,3517.104587,2655.271136,63722.22874,5,597,0.05519431219756172,True,False,False
2311900,2,3987.256321,13123.67582,70612.95264,3,665,0.056466358818443536,True,False,False
7657536,0,4810.757908,4763.085131,83857.08762,4,688,0.05736853072932894,True,False,False
5739383,1,3334.348698,5766.253372,60425.73314,6,614,0.05518093905910365,False,True,False
6037022,0,3476.820644,3905.78162,54495.57186,6,644,0.06380005797410492,False,True,False
1145722,0,3088.695077,2752.474577,40311.3029,5,644,0.076621067908971,True,False,False
1592091,0,7655.822041,3916.086772,90715.57269,3,592,0.08439369133634911,True,False,False
4453741,2,4232.860197,8434.541992,70592.8147,9,661,0.05996162945178612,False,True,False
5342322,3,5539.634242,12990.39432,76297.36814,5,618,0.07260583657138976,True,False,False
4513208,2,5652.425317,10215.64002,80400.63175,4,611,0.07030324506125538,True,False,False
3419833,1,4918.553752,7829.980665,78893.84275,5,674,0.06234394954731749,True,False,False
3168024,0,3710.331575,6414.329835,69014.81007,4,596,0.05376138210388036,True,False,False
8491349,1,3985.920496,7491.4199,65026.25551,5,653,0.06129709399285692,True,False,False
1928095,0,5001.257681,2896.38829,62897.36376,3,654,0.0795145834741739,True,False,False
5600676,0,4146.38117,4957.164463,62094.62006,4,612,0.06677520799698085,True,False,False
7793061,1,4962.296059,8410.487457,81682.94685,5,782,0.06075069828360386,True,False,False
8892198,0,2415.498387,2094.253914,59899.10853,4,713,0.040326115801710416,True,False,False
8439922,0,4483.31637,5440.181078,71614.34656,4,647,0.06260360647490909,True,False,False
4686171,1,4787.52902,5459.050622,63472.55803,6,713,0.07542675399559598,False,True,False
1439177,0,3357.134305,686.9165059,68691.65059,6,654,0.04887252346049645,False,True,False
4328152,2,4163.484354,10033.9083,52690.64091,2,580,0.07901753104714702,False,False,False
2598506,0,3171.644006,1048.464497,41597.05963,2,634,0.07624683172828386,False,False,False
7352623,0,2743.864028,2036.025344,35474.64072,4,737,0.07734719710503103,True,False,False
6621313,0,5891.725102,6456.510398,81519.22592,2,611,0.07227405603411795,False,False,False
4897372,0,4099.513224,4164.330251,80764.00233,6,629,0.050759163807279836,False,True,False
5976325,0,3494.585538,5019.361403,74639.60108,3,682,0.04681945625961269,True,False,False
1763762,1,3533.190919,6329.689683,67270.90258,7,707,0.052521830144887,False,True,False
1988418,0,4230.361861,2268.81345,68514.97134,5,555,0.06174361279386912,True,False,False
5200502,0,5285.99192,7881.169518,89211.5372,3,672,0.05925233535825678,True,False,False
5745517,0,3059.852137,2708.51386,51930.99284,6,589,0.05892150274167567,False,True,False
7122255,0,2274.747659,435.7796619,43577.96619,4,628,0.05219949111626956,True,False,False
8254381,0,5034.736693,3551.329238,83239.00002,5,702,0.06048530967203226,True,False,False
1700689,1,5866.703805,8163.463303,92665.1418,6,569,0.06331079509555124,False,True,False
3140036,0,5285.225156,3634.367179,75646.32034,4,700,0.06986757759326592,True,False,False
3854768,1,4239.619843,6823.860555,72275.19683,5,657,0.05865940224240549,True,False,False
8685942,0,2673.250981,4636.067034,61274.66638,6,661,0.04362734452802418,False,True,False
5820432,0,3852.041256,5740.949067,81130.4885,4,608,0.04747957675615375,True,False,False
2217051,1,3381.446885,5795.647839,67510.90698,7,621,0.050087416037852196,False,True,False
7508303,2,5961.543614,9784.970093,81393.61856,7,715,0.07324337852856852,False,True,False
7094780,1,2568.79935,5140.183399,47517.70885,4,662,0.0540598318430919,True,False,False
5501375,2,7016.561008,12077.15767,88660.84524,6,620,0.07913934261518213,False,True,False
1993380,0,5877.539094,6480.19155,89125.31801,5,711,0.06594690740223255,True,False,False
4448037,1,2117.037916,5145.084973,46403.2276,6,643,0.04562264362834969,False,True,False
3645784,2,3877.723522,8171.045006,51623.2647,3,594,0.07511581347159549,True,False,False
8997104,0,4976.038201,1821.732644,83574.42835,5,607,0.059540200265097,True,False,False
7405387,0,5602.809919,7139.589672,86047.25564,5,750,0.06511317388715734,True,False,False
8864483,0,3651.66093,3512.391664,56107.60769,4,650,0.0650831692945417,True,False,False
8993560,0,5153.060233,5918.264149,90200.38729,4,718,0.05712902558203639,True,False,False
4307704,0,1871.625999,1082.28724,38345.42841,6,742,0.04880962546533719,False,True,False
8063657,1,6226.256586,9699.721714,92615.35559,7,765,0.06722704400729279,False,True,False
8256554,1,3572.733626,3615.035125,47877.74028,6,623,0.07462201860626327,False,True,False
4979535,1,3660.536151,8793.596901,90164.41756,6,687,0.04059845613225519,False,True,False
8061312,1,1719.715333,2798.636762,28383.11892,5,609,0.06058937137413086,True,False,False
8492647,0,3892.736773,651.9556635,65195.56635,4,694,0.059708611964531234,True,False,False
7412528,0,3138.626946,677.1779234,67717.79234,7,536,0.04634863065590599,False,True,False
5979474,1,5353.180366,7294.176471,79664.01636,6,671,0.06719696809923682,False,True,False
8709815,1,4816.149362,5897.263128,74859.56531,7,623,0.06433579118521333,False,True,False
1932456,2,3770.718121,8124.054075,64019.84476,6,621,0.05889920750566968,False,True,False
8091122,0,3203.826797,5053.242271,71775.41982,3,644,0.044636824208547005,True,False,False
3543898,1,3837.675904,11026.9336,74047.39397,3,561,0.05182729193082499,True,False,False
3298445,1,3884.530317,6520.701018,63688.4501,4,710,0.06099269664908991,True,False,False
5819635,1,3759.723222,4934.160581,47992.05147,6,726,0.07834053987773822,False,True,False
8677850,0,5529.900594,5953.91868,70449.73038,4,679,0.07849427619058548,True,False,False
7937790,1,5489.749965,11320.818,95418.68325,5,658,0.057533281512769145,True,False,False
2372772,0,2328.383052,2101.850036,51564.89461,5,508,0.045154422783372776,True,False,False
4114150,1,5448.021657,10146.16884,93609.72843,5,645,0.05819931056710577,True,False,False
8330127,1,3879.501744,6520.963747,81854.81529,7,697,0.04739491171356842,False,True,False
5988912,0,3974.300273,3237.428556,85024.03242,6,602,0.04674325787523028,False,True,False
4188149,2,4575.240817,13723.10064,77905.68615,3,623,0.05872794455838318,True,False,False
8198159,0,5605.375747,8981.628709,81378.91613,1,704,0.06887995089594959,False,False,False
6642536,0,1155.317977,1040.981967,17176.82117,5,711,0.0672602902228387,True,False,False
2935766,1,3151.546695,6869.206223,70656.20326,5,671,0.04460396326990526,True,False,False
3187487,0,2925.365942,4054.338327,59615.31612,4,621,0.04907071089099845,True,False,False
5621177,1,3894.03042,5441.69933,57394.18854,6,636,0.06784712039767084,False,True,False
2745809,1,6838.465882,8702.471302,92526.67605,6,604,0.07390804656491279,False,True,False
6755615,0,3496.339506,3540.013544,59185.69003,5,613,0.05907406848222565,True,False,False
7741746,0,5240.207154,5121.236516,85986.28757,6,610,0.06094235839329654,False,True,False
2044796,1,4465.602071,6574.669188,70041.12899,5,717,0.06375685451383242,True,False,False
7195274,1,2426.134177,4611.682184,45810.2573,5,707,0.05296050098806147,True,False,False
5547591,1,2989.147487,4409.164873,54602.76451,7,721,0.05474351919402478,False,True,False
3155820,1,919.3409348,1913.724694,15498.60305,3,567,0.05931766442653682,True,False,False
2080338,0,3726.272623,6294.503189,60748.37473,3,621,0.06133946199485425,True,False,False
8761571,0,3520.312078,4455.993232,60790.40343,6,697,0.05790900996493025,False,True,False
6417033,0,3306.920679,4769.024048,61726.21834,5,642,0.053574004174123196,True,False,False
4690431,1,4049.822339,8265.368271,67217.24105,6,645,0.06024975550525069,False,True,False
3236037,0,3405.332542,2134.631331,54393.40609,4,593,0.06260561319446506,True,False,False
2088185,0,5170.2069,8388.401932,108779.8893,4,607,0.04752906932770707,True,False,False
3185774,1,5747.018463,8730.594156,85772.99593,4,741,0.06700265509776744,True,False,False
5030012,0,4389.483346,5294.920456,59394.12452,4,653,0.07390433618601304,True,False,False
3432703,1,3911.389527,5794.104794,66328.81647,6,640,0.05896968670877898,False,True,False
6589874,0,1597.733958,999.8879566,35545.59454,6,713,0.04494886015205191,False,True,False
2474527,2,3882.399333,7230.814778,56872.04827,5,504,0.0682655091754092,True,False,False
4002042,0,4292.125413,4871.67488,71969.3391,3,769,0.05963824965845768,True,False,False
7587286,1,3804.550124,6846.939083,73466.63199,5,654,0.05178609691155927,True,False,False
3411093,0,4229.222711,728.4555924,72845.55924,1,640,0.05805738544838715,False,False,False
1386949,0,1854.521829,369.7259763,36972.59763,3,574,0.050159359846959184,True,False,False
2877278,0,2048.868983,1757.924084,31449.86743,6,743,0.06514714211626806,False,True,False
2677921,1,4413.299358,8010.841784,73390.66901,6,566,0.06013433884079537,False,True,False
1401953,1,1363.379442,2792.260064,28871.86255,6,749,0.04722173498986818,False,True,False
8264935,1,5261.502822,7174.262209,92358.98575,6,714,0.05696795800943494,False,True,False
1504299,0,2852.449599,5032.469818,53317.56155,4,649,0.053499250829860956,True,False,False
4169487,0,3995.546513,5943.101425,78189.13958,5,752,0.05110104209436806,True,False,False
3477309,0,2374.63415,3115.60987,35902.85308,5,594,0.06614054166416124,True,False,False
1466150,0,2276.667535,4149.909836,42748.64626,3,669,0.05325706739701563,True,False,False
2827060,0,1805.771318,2063.11905,45085.50739,6,707,0.04005214585653131,False,True,False
4700614,1,1345.827718,1768.826187,23448.32631,6,631,0.05739547037206,False,True,False
4092631,0,3756.43903,5831.582025,62142.42978,3,581,0.06044885987398223,True,False,False
8734975,1,3608.476668,7840.201304,74683.93713,6,707,0.048316636838773463,False,True,False
8992685,2,4039.683784,12223.21712,81935.87794,5,654,0.04930299016211408,True,False,False
3883827,1,2473.596936,5489.823756,50564.5525,5,702,0.04891958523710854,True,False,False
1119700,0,3346.61311,3550.180208,58888.10003,7,784,0.05683004050555373,False,True,False
2452491,0,6590.337591,8217.395573,100237.0594,3,554,0.06574751524484566,True,False,False
3676430,1,4711.907948,6370.728628,63505.50502,6,658,0.0741968424078521,False,True,False
2976723,1,5036.969342,9607.868113,86861.7637,6,626,0.05798833833718254,False,True,False
1760607,0,3157.845091,2359.788951,49538.62055,4,687,0.06374511554702546,True,False,False
5465819,1,2289.244953,4653.226891,50708.50314,8,653,0.045145188898194716,False,True,False
6920238,1,3508.626124,9546.430725,73509.55821,5,670,0.04773020283942746,True,False,False
8493063,1,6342.770772,8702.693473,95596.27377,5,593,0.06634956072932716,True,False,False
1780351,0,5291.427631,4593.554519,68653.54074,4,637,0.0770743587871066,True,False,False
5543279,0,5782.854445,901.5227548,90152.27548,2,656,0.06414540746986368,False,False,False
7964809,1,2551.914085,6348.344259,71510.13825,6,611,0.03568604602718692,False,True,False
1168027,1,2834.914892,7546.77414,47030.45516,2,691,0.060278278880259085,False,False,False
5160026,0,3284.624113,3187.084553,49636.63041,7,644,0.06617339021341517,False,True,False
5958832,1,2442.531042,3680.850955,37675.34153,7,738,0.0648310258861242,False,True,False
4433539,0,3050.991185,4506.17482,52237.68755,3,636,0.05840593885553802,True,False,False
3683366,0,4493.872604,9264.145595,88682.20347,2,714,0.05067389428951455,False,False,False
1687689,2,4351.542401,8636.017205,60644.19298,4,650,0.0717553023161691,True,False,False
5004871,0,4584.277507,5917.943182,76821.74755,2,650,0.05967421535179591,False,False,False
5261930,2,1359.391813,3370.110604,36836.41,10,722,0.036903482532635506,False,True,False
7874378,0,5579.071288,1236.455039,123645.5039,5,525,0.045121505530133554,True,False,False
5109688,0,1972.652319,2691.998523,34331.86459,5,632,0.057458350793291424,True,False,False
1581004,1,3023.097843,5720.626665,62405.44445,5,655,0.04844285413946763,True,False,False
1561594,1,6722.188863,9982.673125,100272.1644,5,709,0.06703943116440798,True,False,False
3117438,1,2982.549944,3093.66087,41182.77927,5,596,0.07242225990737511,True,False,False
7047567,2,2789.584509,11398.67272,68438.05762,6,723,0.04076072007316562,False,True,False
6180356,2,2887.668191,8143.456508,58097.21504,7,730,0.04970407254481712,False,True,False
1690401,1,1806.562618,3767.466415,32743.50295,6,534,0.0551731627724333,False,True,False
5451380,1,1230.822453,3343.572349,30415.5987,7,651,0.04046681655488833,False,True,False
1229882,0,4572.97335,5203.39893,73744.68979,4,633,0.062010883265253204,True,False,False
4688682,1,3694.426234,7056.600985,62996.50234,5,675,0.058644942128068,True,False,False
6293581,0,4940.313596,3462.637327,74726.11393,3,671,0.06611227770559377,True,False,False
1317994,1,4507.804585,10033.05041,73876.45504,3,629,0.06101814959257688,True,False,False
4917761,2,2303.757672,8045.397177,49153.47175,4,719,0.04686866644368819,True,False,False
8668550,0,2742.676014,5253.857425,65342.85397,6,826,0.0419736183433189,False,True,False
8920080,1,3980.26687,9615.697507,99857.90994,8,700,0.03985930481012028,False,True,False
4715619,0,6957.06438,10681.59155,96011.65399,2,584,0.07246062421468757,False,False,False
6431387,2,4939.674669,12391.02893,91561.82697,5,534,0.05394906187944974,True,False,False
1436398,1,2705.785085,8383.020293,72311.1776,7,611,0.03741862841686041,False,True,False
8511965,3,5659.289716,19091.05991,92880.61563,4,654,0.060930794629359415,True,False,False
3680654,0,2116.797491,1792.399329,35332.45423,4,691,0.05991085355182245,True,False,False
8660836,0,4744.620708,6977.710242,86274.57861,4,563,0.054994423437845184,True,False,False
8270374,1,2627.397522,5167.854241,57575.96904,6,633,0.04563357883172851,False,True,False
4006640,0,2732.104596,6603.588877,71314.22374,4,642,0.038310794855747246,True,False,False
5870426,0,4823.022544,7074.532258,87515.39262,6,647,0.05511056283483769,False,True,False
7692292,0,4232.818033,5699.713752,77013.16561,5,629,0.054962265211058625,True,False,False
2233141,1,4514.037116,7155.823465,63430.97664,4,790,0.07116455326896888,True,False,False
1898662,1,3432.14462,7834.019675,69875.646,6,586,0.04911789466676273,False,True,False
1473500,2,2886.299266,8551.678397,72421.27727,8,693,0.039854299382753755,False,True,False
6107158,0,4701.883781,2217.305558,102031.8172,8,728,0.046082525138050764,False,True,False
3158300,0,3966.419605,1313.565097,69852.44127,6,703,0.05678283439899595,False,True,False
6245920,2,4337.953601,10253.63089,85758.64944,10,709,0.05058327794719992,False,True,False
4034388,1,3278.629125,6592.620915,61743.10586,6,651,0.0531011370311393,False,True,False
5762234,1,5670.736864,9381.389164,80743.26968,5,685,0.07023169716156089,True,False,False
1221155,1,3434.029508,8804.351203,87338.92734,5,635,0.03931843008137407,True,False,False
2274563,0,4748.763709,2041.280932,112657.0957,8,699,0.04215237113555378,False,True,False
8558438,0,6220.576007,6170.666316,80511.2396,4,673,0.07726344840677375,True,False,False
4559182,0,2385.729817,3884.198742,40419.82487,3,575,0.059023754424297685,True,False,False
4577708,0,6913.416682,7515.151381,95763.78517,3,588,0.07219239161993538,True,False,False
7292203,1,4886.730788,7649.382693,75538.45113,5,706,0.06469196435587546,True,False,False
6541252,0,4485.305674,3883.851762,60402.31896,4,597,0.07425717673141469,True,False,False
8093755,2,4729.811641,16019.88834,86437.04162,2,676,0.05471973071213494,False,False,False
4652118,1,3720.710678,6083.321455,74134.01152,5,675,0.05018898345999016,True,False,False
7778813,0,2271.318459,4062.42798,42390.09209,4,552,0.053581352316425225,True,False,False
7269476,0,3040.960977,4404.918315,47012.43037,2,636,0.06468418996990476,False,False,False
2214564,0,3967.343241,5885.849042,69494.08984,4,692,0.057088930154121434,True,False,False
7967878,0,5335.865756,4095.903286,92021.08524,6,638,0.05798525133759877,False,True,False
2770586,0,4396.085925,3772.517354,59342.9716,5,749,0.07407930217299735,True,False,False
6273437,1,4574.000234,7374.962286,76827.44541,5,580,0.059536018796280836,True,False,False
5032597,1,4060.010156,7123.780019,73102.82827,5,719,0.0555383458079713,True,False,False
8370242,0,4137.946973,3683.70113,67611.49698,6,597,0.06120182450958062,False,True,False
8813907,1,4642.663438,5625.820268,74823.641,5,641,0.06204808234338662,True,False,False
4937997,0,3092.817371,1304.866931,53975.15624,7,654,0.057300758097814826,False,True,False
8286145,1,6940.629805,14539.37102,119854.2865,6,684,0.057908899278291556,False,True,False
3025434,1,3016.343299,4151.34432,44109.06386,5,664,0.0683837523410999,True,False,False
5423738,1,5697.61176,9131.977778,81124.04055,4,698,0.07023333307083407,True,False,False
1768647,2,3814.78236,11621.18598,73102.93786,4,659,0.05218370795583782,True,False,False
1011637,2,2766.877502,7594.676517,48243.41618,7,744,0.05735243730826526,False,True,False
8881973,0,3584.904141,2006.355756,51704.73326,5,609,0.06933415791883345,True,False,False
6572196,1,4133.83654,6673.725771,77711.7939,6,639,0.053194455211257194,False,True,False
8115503,0,2557.80565,3482.07034,48618.4682,5,694,0.05260975396176714,True,False,False
7507756,2,2430.88817,8071.653655,52587.55152,5,678,0.04622554387373387,True,False,False
8692068,0,5424.730666,10945.19462,107355.171,3,643,0.05053068813983819,True,False,False
2909938,1,3511.14408,8426.993052,71145.65952,7,668,0.04935148684668487,False,True,False
8598417,1,4943.225431,5678.179907,77397.90395,6,637,0.06386769122576477,False,True,False
4624019,1,5691.138545,7227.573148,92788.59591,3,551,0.06133446130082732,True,False,False
6892868,2,3853.255375,10686.19585,71544.66974,4,661,0.053858035672022665,True,False,False
2129552,1,4147.791069,5614.281863,62339.2059,5,669,0.06653583421729149,True,False,False
4683183,1,2712.977173,4669.194617,63126.35374,9,614,0.042976934548984144,False,True,False
2009971,0,3738.213709,4096.280438,62424.79167,3,610,0.059883479127356136,True,False,False
7204221,2,2193.782337,6560.645819,47120.02761,5,597,0.04655732282581318,True,False,False
2713821,1,5519.208558,11340.57455,90661.62738,5,661,0.06087700736792135,True,False,False
3553202,0,5451.687143,5599.168299,86467.49562,5,661,0.0630489770047072,True,False,False
7034127,0,5052.934991,5387.410174,74754.24496,4,658,0.0675939539447393,True,False,False
8219066,0,3622.736074,3534.343696,80270.21727,5,737,0.045131758667282855,True,False,False
6446274,0,3155.501828,3261.700599,41310.24538,4,496,0.07638545351095176,True,False,False
2573970,1,2805.756705,3434.452812,37876.2185,5,685,0.07407700177355349,True,False,False
4644814,1,3705.503155,6750.495809,76203.25542,4,526,0.04862657290133918,True,False,False
6318299,0,2962.209515,5769.658115,59960.12244,3,623,0.04940299309702344,True,False,False
7702061,0,3077.366735,6775.529421,65059.52135,4,730,0.04730078966374074,True,False,False
7329618,1,1639.238165,3381.888346,40093.68777,4,668,0.040885193060902617,True,False,False
2554076,1,5683.756217,6952.306341,71509.49391,5,617,0.07948254009675175,True,False,False
8517987,0,2289.989407,4161.991293,83721.23153,7,785,0.02735255281307494,False,True,False
1594506,1,6169.252576,8917.850904,105976.5065,7,706,0.05821339823086166,False,True,False
4219467,0,2143.352289,5125.502134,53710.50193,3,695,0.03990564623271246,True,False,False
5170217,1,5247.328101,8748.086003,109595.5896,8,690,0.04787900790671963,False,True,False
1158752,0,4616.266231,7225.055817,86583.15825,2,685,0.05331598343491934,False,False,False
7677977,0,4444.295181,7597.951892,81711.24109,4,659,0.054390254287104485,True,False,False
3522564,3,2365.307921,9678.497647,50004.71588,5,575,0.0473016970374595,True,False,False
7261388,1,2630.256556,4563.088122,53890.9976,6,683,0.04880697469218866,False,True,False
5701729,0,5233.511933,6730.918159,73734.25315,3,681,0.07097802865587172,True,False,False
8288439,0,3651.9982,3498.682858,58103.73943,5,600,0.06285306652938774,True,False,False
8454968,0,4795.484547,3217.196854,74208.72034,4,601,0.0646215771546614,True,False,False
3834423,0,5324.281287,5553.799178,78857.55948,3,676,0.06751770308527433,True,False,False
3299089,2,4266.678994,16376.58,103186.2561,6,689,0.04134929549013844,False,True,False
5539331,3,4766.234684,13479.41203,77456.3311,6,575,0.06153447518507626,False,True,False
3277899,2,3502.539123,7348.498275,67077.09031,7,690,0.05221662279643984,False,True,False
3823576,0,3236.854475,6173.031248,74136.58862,5,669,0.04366068813323826,True,False,False
2401894,2,4162.703338,12185.19344,93520.18342,9,610,0.04451128286719949,False,True,False
2408773,1,4271.254591,9392.073484,84613.57034,6,569,0.05047954570214865,False,True,False
6556958,0,3395.853068,5302.102643,60563.90263,3,584,0.05607057868688077,True,False,False
5120307,1,3512.698306,9801.535176,86625.67866,5,650,0.040550312105341255,True,False,False
8751708,1,4265.673163,9806.000037,69168.66344,2,571,0.06167060271014541,False,False,False
7271156,0,3183.101977,1867.665849,75707.167,6,667,0.04204492260290231,False,True,False
8347425,1,6298.556879,9390.022819,102507.5814,6,679,0.061444790648431,False,True,False
2499116,1,3254.300055,4735.379481,47433.3084,5,713,0.06860790791898463,True,False,False
6240198,1,3070.870575,5748.276577,52928.11426,6,670,0.058019648308550935,False,True,False
3056867,0,4470.998855,704.1957595,70419.57595,3,663,0.06349085172246056,True,False,False
1237260,1,4127.259967,7129.793741,77283.04313,6,669,0.05340447011199363,False,True,False
7637797,1,3358.223486,5470.835315,67882.70165,5,587,0.0494709757327403,True,False,False
7709935,0,4358.513706,5057.104041,71225.64423,5,697,0.06119304013489299,True,False,False
6199170,0,5595.641491,6345.356809,79062.33122,5,720,0.07077506322738558,True,False,False
7062954,1,5189.975464,11019.53402,86971.74619,4,665,0.05967426999409542,True,False,False
5930461,0,3218.236955,873.2462096,51265.27274,3,689,0.06277615982503013,True,False,False
5667531,2,3250.396734,6357.87254,64095.01293,8,645,0.050712162856568134,False,True,False
2661344,2,4959.162199,11858.14399,90932.64895,9,665,0.054536651645624365,False,True,False
6028718,0,3767.153254,670.0294215,67002.94215,2,699,0.05622369903647581,False,False,False
3436194,0,4691.984842,3803.55797,90215.51407,5,609,0.052008625017193784,True,False,False
1715337,0,1980.211157,3042.284581,37479.64349,4,659,0.052834311445047306,True,False,False
4415863,0,4498.88654,3983.73249,65151.75354,3,657,0.06905242446372381,True,False,False
8615605,1,3752.272556,8158.694069,68141.25009,6,700,0.055066095075215836,False,True,False
3322685,1,3367.090509,8728.840902,82503.7772,5,672,0.04081134977417737,True,False,False
8074503,1,5932.91226,7796.7857,86384.99969,4,687,0.06867988981062413,True,False,False
6804098,0,4060.512033,1930.859091,63564.88719,2,590,0.06387979610288363,False,False,False
4998864,0,3465.85556,3899.8231,49584.92296,4,586,0.06989736704433108,True,False,False
2677240,0,4979.959778,4086.031523,80363.61009,5,636,0.061967845551274936,True,False,False
5009650,0,2587.675297,2842.843402,50216.01953,5,651,0.051530872443087086,True,False,False
6112215,0,3270.431523,4671.202489,79338.7958,6,777,0.04122108849804348,False,True,False
6952860,1,5050.970901,7952.768461,80471.03074,5,609,0.06276756808695004,True,False,False
8914771,0,4656.179363,5590.52331,68605.21452,3,548,0.06786917577005196,True,False,False
6227053,0,4116.054732,2068.369948,45670.01343,5,673,0.09012598032862018,True,False,False
1774635,1,2774.103908,7925.188568,69398.24752,6,613,0.03997368820013108,False,True,False
5364583,3,1776.616214,5988.914012,38889.30699,8,585,0.04568392577571103,False,True,False
7720314,0,4582.97717,1500.083335,66409.87028,2,590,0.06901048218701625,False,False,False
2110934,0,3017.17704,4444.943422,53053.98503,3,675,0.05686994178276904,True,False,False
6740589,2,1703.958764,5570.025503,47356.40761,8,655,0.03598158834244395,False,True,False
2909838,1,3300.675305,7578.894561,70648.88627,5,677,0.04671942445611606,True,False,False
1364404,2,4503.54938,10965.58768,86928.41035,5,579,0.051807566270536315,True,False,False
3645773,1,3275.811839,4164.504223,44751.95303,4,718,0.07319930454887681,True,False,False
2175414,1,5018.338786,8666.491564,97430.21757,5,621,0.051507005846461444,True,False,False
5084693,0,5408.817549,5664.431315,83818.50787,4,600,0.06453011019223719,True,False,False
2151633,0,3957.085097,2229.970449,64601.81479,3,596,0.0612534664833059,True,False,False
3217381,1,1968.24956,5640.975071,55836.52295,6,634,0.03525021716990707,False,True,False
7466892,0,3886.940833,4849.429314,69680.71633,4,716,0.0557821595086923,True,False,False
2904414,3,3718.599922,11939.30913,70444.94934,5,620,0.052787317711768256,True,False,False
2737686,2,2935.631171,6330.356273,61986.23436,5,575,0.047359404895458146,True,False,False
6990503,1,2319.709107,9060.300386,70536.05508,7,732,0.03288685629454399,False,True,False
2264525,3,4414.436142,15585.47051,90862.78651,6,562,0.04858354351166815,False,True,False
4695038,0,2780.615097,2714.830269,57004.55984,7,659,0.048778818831416486,False,True,False
2373091,1,2161.21338,3841.606668,34801.39284,4,735,0.06210134720573443,True,False,False
3294552,1,3607.485487,6992.959064,60840.94718,4,561,0.05929371014437254,True,False,False
3947257,0,3032.094547,3389.404511,60983.18432,6,618,0.049720174189159166,False,True,False
1712367,0,3105.551322,3986.123954,50690.48215,5,601,0.06126497895226667,True,False,False
1329370,4,3829.532814,17048.20473,87644.77195,6,625,0.043693796318902973,False,True,False
2495842,2,4460.931391,10829.92196,73546.08053,4,678,0.060654916738633706,True,False,False
5739618,1,5440.345228,9441.965188,83949.63483,5,732,0.06480487067057324,True,False,False
4038884,0,3388.281092,600.7839291,60078.39291,6,651,0.05639766524839954,False,True,False
2403624,1,3099.733937,4846.615502,57536.49098,6,559,0.05387422632495062,False,True,False
2475442,0,2407.892616,4011.37439,52471.72603,3,704,0.04588933504156734,True,False,False
7956289,0,3280.455627,4047.772801,54741.70455,6,735,0.0599260774571551,False,True,False
2977717,0,3627.287343,1649.470527,57908.48535,2,655,0.06263827004067893,False,False,False
3637841,0,2620.242601,4502.366728,75797.026,7,642,0.03456920065702842,False,True,False
7722373,1,4610.808925,9153.740104,80877.50131,5,712,0.05700978455463117,True,False,False
2254888,0,4912.961055,6214.858343,86060.65444,5,565,0.05708719143456237,True,False,False
3136897,1,5057.670629,10220.47239,100113.9828,6,539,0.05051912317886528,False,True,False
2287755,3,5476.228305,15455.06575,92205.2957,5,603,0.05939168963589148,True,False,False
3674550,1,3914.271191,7395.104251,64513.53221,5,701,0.06067364561993807,True,False,False
2311547,0,4991.184002,3347.827992,95164.50649,6,649,0.0524479576061741,False,True,False
2130178,1,4105.873886,10585.55422,81363.86609,5,644,0.05046311198460408,True,False,False
3458611,0,6228.985468,2795.772587,96601.35066,5,688,0.06448134964410238,True,False,False
3593885,0,5737.300346,3304.170702,79182.32205,5,725,0.07245683376621814,True,False,False
3239793,0,3891.818612,2203.173904,63885.97442,7,693,0.060918200705750464,False,True,False
6873668,1,3695.933861,11105.1899,89480.69739,6,665,0.04130425855859548,False,True,False
2234792,3,2242.870806,6091.120422,35006.80151,5,639,0.0640695724617773,True,False,False
8181827,1,3503.938466,4743.569718,54434.06068,5,626,0.06437033030841674,True,False,False
5993075,0,3467.756112,5651.179925,62114.28138,3,591,0.05582864415326832,True,False,False
5156561,0,3387.3389,3935.289853,66428.1591,2,702,0.05099251501009908,False,False,False
6857385,1,3881.444996,8416.964555,75868.27458,6,690,0.05116031724047151,False,True,False
3749924,0,4684.35666,2948.571024,76991.50724,7,731,0.06084251143957732,False,True,False
3777240,1,4021.243386,7745.112627,72143.42856,6,682,0.05573956583801151,False,True,False
5426754,0,5298.888121,6573.217616,73960.26894,0,684,0.07164506290936698,False,False,False
6706534,0,4412.948068,4075.281582,66381.43512,5,666,0.06647864813441533,True,False,False
6864676,0,2838.70453,4971.699812,56834.29648,4,685,0.049947033847756714,True,False,False
5492989,2,4319.986327,8898.843783,72378.50891,7,786,0.05968603653291259,False,True,False
4864690,0,5336.400315,1459.848953,89742.87373,5,689,0.05946322079071224,True,False,False
8681980,1,4018.074746,5967.563042,61029.69369,5,683,0.065838029048774,True,False,False
8970442,0,3146.28354,4065.92443,62543.94454,4,628,0.050305166441617595,True,False,False
1605312,1,2649.29928,4072.951756,45698.46848,8,675,0.05797348069026579,False,True,False
4631294,1,3649.589502,6659.941321,69478.84186,5,630,0.052528070478692346,True,False,False
5596230,0,3341.822487,588.279086,58827.9086,6,686,0.05680675323208753,False,True,False
7711678,0,2884.246766,3264.411968,54694.91068,4,683,0.052733366416387026,True,False,False
5769986,0,3113.772211,1581.542716,55896.84219,5,617,0.05570569085845527,True,False,False
3267712,1,3930.764746,5430.303743,61412.95383,6,684,0.0640054662877954,False,True,False
8266409,1,1749.752995,4780.085844,38576.27839,6,763,0.04535826336875417,False,True,False
5166893,1,3795.419833,7627.235343,55330.71395,5,622,0.0685951718683724,True,False,False
3968186,1,3266.535641,4121.812263,48424.30709,6,542,0.06745652828710408,False,True,False
5015497,0,4740.622856,5948.782157,77859.31598,4,500,0.06088703447147854,True,False,False
7074178,0,3690.348317,1439.173554,52881.98987,4,595,0.0697845963450316,True,False,False
6515332,1,4883.30279,8494.040077,68493.18681,6,627,0.07129618313053931,False,True,False
7860223,1,4626.574345,8845.65552,67678.37869,5,723,0.06836118764298371,True,False,False
6466617,0,3371.901706,8967.487581,70809.63565,3,634,0.047619249485574784,True,False,False
1759709,0,4653.851498,6117.469667,80248.04932,7,682,0.05799332865328769,False,True,False
6985554,1,6160.555766,11017.64312,91417.51615,7,597,0.06738922720118119,False,True,False
5839869,0,3181.321874,4810.196136,76566.15651,4,647,0.04154997480622526,True,False,False
2444215,0,6119.323106,931.2855238,93128.55238,6,656,0.06570834561060102,False,True,False
1931774,0,6916.514667,8374.639532,97448.02928,4,710,0.07097644475832955,True,False,False
3755430,0,4522.117563,995.2418003,99524.18003,5,623,0.045437375737603446,True,False,False
6500336,0,4257.518755,5070.660917,69551.08647,3,613,0.06121426667916149,True,False,False
2507800,0,4486.863225,2817.725445,87726.29555,7,772,0.05114616087308386,False,True,False
4057533,0,5662.205693,6563.916557,82500.69354,3,692,0.06863221931891653,True,False,False
1474772,0,3327.507213,3768.885184,61791.67457,6,719,0.05385041328230182,False,True,False
3065326,0,3945.639511,2599.3489,58251.55973,3,571,0.06773448692684472,True,False,False
1777065,0,3820.658097,4219.972201,55232.63804,3,631,0.06917392021422267,True,False,False
5512849,1,4405.809267,7146.12733,64419.34362,6,643,0.06839264449804401,False,True,False
6116351,0,3303.622235,2556.360525,57439.34937,4,725,0.057514966155334774,True,False,False
7927859,2,3510.420878,9654.987271,64075.56272,4,653,0.0547856425910761,True,False,False
5020199,1,3840.881075,8652.796907,75330.91642,4,674,0.0509867828181666,True,False,False
8427591,0,2249.282241,4367.734923,44596.38184,4,680,0.05043642888048246,True,False,False
2315240,2,4492.586918,13571.13391,87731.07579,5,584,0.05120861539135584,True,False,False
5169914,0,5836.634099,6121.332424,85484.18437,6,645,0.06827735612165846,False,True,False
7018596,2,4434.809729,8086.037857,76200.39173,7,713,0.05819930355100813,False,True,False
6028563,1,5339.675653,5370.321012,83016.66359,6,615,0.06432052821794208,False,True,False
4570835,1,5264.905524,6641.330915,77805.76771,5,566,0.06766729098572119,True,False,False
5811429,2,4800.014927,9767.911043,79451.65921,5,669,0.06041428177494697,True,False,False
3642445,2,5616.069979,15651.92741,92563.01135,2,586,0.06067293940734567,False,False,False
3384479,0,3398.843731,4263.030328,94002.92455,5,684,0.03615678711349199,True,False,False
1089094,0,3281.568882,6447.096241,63042.43756,3,644,0.05205333120053932,True,False,False
5518731,2,4303.666467,10463.58092,75436.31342,4,660,0.0570503285737051,True,False,False
3564498,1,3020.363693,5067.675751,55197.07155,5,593,0.054719636534775545,True,False,False
2768509,0,2648.874424,3478.211903,64766.35277,6,596,0.04089892838966483,False,True,False
5221897,2,6986.67503,11651.19074,110181.7667,5,664,0.06341044656710883,True,False,False
7132865,1,896.3534987,1342.875359,14890.4558,7,664,0.06019651182873798,False,True,False
3080588,0,3690.482761,652.343164,65234.3164,3,666,0.056572720688462676,True,False,False
4071589,1,2857.61073,10250.49332,69332.65027,3,576,0.04121594542934238,True,False,False
8894652,0,3900.924379,5162.661742,73597.94004,6,584,0.053003173415993345,False,True,False
6571536,1,2327.565306,4916.723908,40108.50712,4,713,0.05803171130344479,True,False,False
6513940,3,4942.11184,15421.36758,89656.85092,4,689,0.055122523145607706,True,False,False
8302173,1,1790.120023,3496.41704,33205.97845,4,575,0.05390957010032029,True,False,False
7430700,0,1570.336405,862.0677915,21225.09101,3,696,0.07398490796859956,True,False,False
3797788,1,5083.385993,6581.885469,98003.40224,7,610,0.05186948490371104,False,True,False
5099503,0,2737.924048,2766.79461,63776.3564,5,667,0.04293007946123432,True,False,False
7893233,0,4866.976363,5396.369288,76566.36068,3,655,0.06356546556184052,True,False,False
7542470,0,3426.027007,3963.490966,79762.09093,4,543,0.042953074161592816,True,False,False
3251778,0,4221.350965,4320.763855,60365.58605,4,671,0.06992976033569047,True,False,False
6316642,1,5008.329247,7264.391301,88634.61764,6,646,0.05650534046800904,False,True,False
5179248,0,5612.209836,5857.875644,75856.91168,3,624,0.07398415927707327,True,False,False
3877721,1,4144.061344,10542.22792,81420.33564,4,628,0.05089712921748402,True,False,False
1592093,1,1915.406898,3261.407675,33021.18148,6,652,0.05800540174978621,False,True,False
2939003,0,4597.262662,5104.52712,75203.51286,5,716,0.06113095634984943,True,False,False
4395162,0,4367.347866,3366.3171,64747.36115,6,614,0.06745213686596709,False,True,False
5943977,0,2941.072824,3466.98025,49304.8862,6,698,0.059650737496276786,False,True,False
6324641,2,3952.175424,14439.26684,85713.54498,4,677,0.04610911175033283,True,False,False
8203248,0,3096.10311,2129.218585,59041.41,6,800,0.05243951846678458,False,True,False
2315454,1,5005.591589,11746.84563,94545.30593,3,669,0.05294384041346345,True,False,False
3989490,0,3477.563283,6168.541862,68438.7965,1,570,0.05081274745969561,False,False,False
8670885,0,3151.845415,3653.781857,60421.32403,2,661,0.052164454612664,False,False,False
8817009,2,3738.229218,8236.019123,65439.6563,8,680,0.05712482964248087,False,True,False
8871431,0,2601.433045,3733.439672,49725.58752,4,587,0.05231578297498616,True,False,False
4632411,2,3722.376732,7478.103475,63499.04698,9,710,0.05862098581058106,False,True,False
6307542,0,6087.617752,2645.096109,75559.43105,5,575,0.08056727886121372,True,False,False
1975107,1,3053.07276,5902.999552,51885.41526,5,698,0.058842600462980274,True,False,False
7193045,1,3030.353433,5626.902756,77474.81046,6,528,0.03911404771444472,False,True,False
8714327,1,4676.662147,3464.410391,66272.23366,7,616,0.07056744414248856,False,True,False
4046903,1,2114.342151,2477.967423,31856.78133,5,590,0.06637023775559185,True,False,False
6757594,0,2554.192452,2032.891786,62794.4263,4,689,0.040675464408216115,True,False,False
5759180,1,5408.150144,6862.918543,64937.7403,4,658,0.08328208094423022,True,False,False
6493232,2,5822.266561,13502.01381,90031.00147,5,610,0.06466957454583117,True,False,False
8148333,1,1635.181724,3188.653677,36219.77775,6,581,0.04514610043403704,False,True,False
1244319,1,4435.465523,7697.33645,71480.20564,6,612,0.062051661481481994,False,True,False
1671764,1,3529.251618,6916.56777,71820.58178,6,569,0.04913983611008282,False,True,False
3874397,1,1632.255687,2263.631216,23042.31012,4,725,0.07083732831037864,True,False,False
3440213,0,1291.864903,1395.42551,16667.18349,4,642,0.0775094906572004,True,False,False
5968406,1,2137.032923,4725.559237,38166.00059,5,673,0.05599310616685184,True,False,False
1515478,1,2495.202955,4065.126815,38369.87596,5,626,0.0650302585705831,True,False,False
2699879,0,2170.745892,5208.732989,57921.07259,4,612,0.03747765355392912,True,False,False
1506565,1,4323.694371,12276.62701,107844.1103,5,650,0.04009207697084594,True,False,False
1877276,1,2930.383759,5819.928334,38499.70567,0,650,0.0761144457601252,False,False,False
2785984,0,7056.071788,1143.964629,114396.4629,2,571,0.061680856288083716,False,False,False
7317998,0,4085.583633,1212.869622,70590.80529,4,565,0.05787699426597659,True,False,False
8466088,0,3048.454297,5540.306446,62590.93167,4,593,0.048704408380952934,True,False,False
7439373,1,3095.423878,6223.547222,58161.31317,7,626,0.053221354699340605,False,True,False
4484489,0,4933.134997,3713.712441,62846.80258,4,539,0.0784946058428419,True,False,False
4841078,0,4612.76314,7280.927052,80618.22733,3,581,0.05721737245745019,True,False,False
4886155,0,5672.167808,6638.327495,84307.27356,4,661,0.06727969685751038,True,False,False
5372449,1,4418.097161,14294.99914,113336.3258,5,630,0.03898218095402559,True,False,False
5033289,0,4362.175261,4098.944507,69060.19634,6,707,0.06316482564752582,False,True,False
7009400,1,5329.738643,16168.74246,91187.27384,3,680,0.05844827264330463,True,False,False
7140445,3,3997.475735,14337.05849,68888.12348,3,707,0.05802851831434443,True,False,False
2148073,1,5125.779783,10338.34016,90132.57816,5,662,0.056869335013372255,True,False,False
7132101,2,3258.244538,6927.117693,53139.7912,7,660,0.06131459052477421,False,True,False
8005619,0,1511.514994,1027.160135,37164.83431,5,541,0.04067056996385678,True,False,False
4975362,0,3324.613041,504.5439614,50454.39614,5,683,0.06589342644741839,True,False,False
7285213,0,3039.418834,4890.736733,62897.4933,5,617,0.0483233698917537,True,False,False
2273122,0,2869.026785,3728.586226,53297.90209,2,654,0.05383001342445522,False,False,False
3019973,2,1936.495806,4352.014011,36590.4961,9,736,0.052923464079515446,False,True,False
1563844,0,6327.179535,5774.946072,99772.52289,3,653,0.06341605235316908,True,False,False
3364341,1,2833.876123,7540.001063,65185.74847,7,601,0.043473860307122435,False,True,False
8660570,2,5606.289442,13883.83269,91723.1968,7,657,0.061121827820985845,False,True,False
6378554,0,2069.377195,3810.609489,39364.27288,4,626,0.05256993318048557,True,False,False
6706295,1,2934.361094,10418.71792,70177.45793,3,738,0.041813442386684066,True,False,False
7818331,0,5230.517514,2545.05267,70302.56998,6,739,0.07440008971916677,False,True,False
6674415,0,5739.020604,6650.26896,86428.22416,5,697,0.06640215808872406,True,False,False
8735124,1,3601.884932,7699.794629,81221.86349,5,610,0.04434624837736532,True,False,False
6763383,0,4971.759835,5277.082514,71670.54626,2,656,0.06936963780021843,False,False,False
3286265,0,2425.849866,2181.10446,47768.25706,2,529,0.05078372156122373,False,False,False
8520399,3,1937.12087,4735.689437,32975.72011,8,672,0.05874385346364464,False,True,False
8602328,1,3972.957308,7590.299881,78008.82331,6,803,0.05092958898010584,False,True,False
5542791,0,5536.165853,6801.494734,91389.24635,4,655,0.06057786965216614,True,False,False
1336028,0,4146.797624,2891.499736,70727.88509,4,589,0.05863030710904578,True,False,False
7980487,1,3356.598498,10031.05792,86748.57466,5,626,0.03869341382444335,True,False,False
3590082,0,3306.386938,872.1586313,69293.34064,5,711,0.04771579645983136,True,False,False
1008574,0,4405.502187,6153.162444,67416.08456,2,561,0.06534793908238802,False,False,False
5291335,2,6059.880611,12439.12657,92852.05008,9,626,0.06526383214779742,False,True,False
2306791,0,4069.066702,2222.133458,79856.59991,3,720,0.0509546700784396,True,False,False
3612193,1,2181.152358,3951.552805,40776.23472,5,638,0.0534907740495761,True,False,False
3252624,2,3963.547748,11045.67152,98023.48313,7,707,0.04043467566586562,False,True,False
6336980,0,3632.647634,3837.40295,88014.66492,5,645,0.04127320870109381,True,False,False
1518089,0,2703.883676,1945.430499,43524.74773,4,600,0.06212290287753495,True,False,False
7750600,1,2763.269168,5407.745312,45409.30018,6,626,0.060852494027579175,False,True,False
6277567,0,2467.918634,2086.381692,47280.38135,3,528,0.05219751963781485,True,False,False
2635555,0,2992.996071,2272.829534,52407.56016,2,603,0.05711000592018402,False,False,False
5004847,3,4523.501555,16818.32379,83118.71985,4,659,0.05442217545173129,True,False,False
3817878,0,4570.806098,4778.036719,104130.6147,6,566,0.043894930527093104,False,True,False
3250258,2,2013.861796,5942.764613,41018.19656,4,636,0.049096790324611,True,False,False
3458353,0,4692.207505,4082.288669,83065.76976,3,558,0.056487859181430414,True,False,False
6973483,0,6330.807046,8537.518023,94329.93937,4,767,0.06711344339115947,True,False,False
4420536,0,4034.52621,948.0678173,94806.78173,5,562,0.04255524906952245,True,False,False
8985202,0,2223.546904,3612.743784,45784.50158,4,683,0.04856549328411407,True,False,False
1164201,0,3053.4584,3094.031735,40897.46938,4,706,0.07466130414155224,True,False,False
3922427,1,4018.478601,6706.884385,63278.6485,6,626,0.06350449474280412,False,True,False
5224293,1,3764.381816,8697.245249,87283.61108,7,660,0.04312816311586544,False,True,False
1496272,3,5888.738267,18209.67356,86579.06435,4,653,0.06801573002908064,True,False,False
2748361,1,3490.84276,10060.56388,65722.61992,3,630,0.053114783985318645,True,False,False
3383118,0,2366.575217,1929.804303,44194.8807,3,606,0.05354862779389741,True,False,False
5429072,1,5620.081255,8593.449804,98881.15154,7,697,0.056836729421850744,False,True,False
8355857,2,4757.342824,13307.54877,85505.56553,8,780,0.05563781485464669,False,True,False
4663077,0,4521.219371,7062.619059,93838.80777,3,584,0.04818069920582922,True,False,False
5051380,0,4490.825927,663.6213734,66362.13734,8,665,0.06767150828780102,False,True,False
6013590,0,5872.191579,2781.717661,77755.81099,1,653,0.07552093540321006,False,False,False
4236767,1,2093.322651,4441.521484,44642.0945,4,705,0.04689122843463359,True,False,False
5034087,1,4439.052965,7789.352673,84441.92275,5,659,0.05256930231376097,True,False,False
7699713,0,1875.571651,1236.702901,44246.59773,5,649,0.0423890592095927,True,False,False
7736582,0,5741.833928,10002.3635,102241.6667,6,624,0.05615943199407957,False,True,False
2227581,0,6876.142539,673.4547362,67345.47362,2,731,0.1021025195813301,False,False,False
1744723,0,3843.327696,8574.747616,97901.15069,3,508,0.03925722699797207,True,False,False
2233796,1,4378.031167,9589.788481,80455.23196,3,617,0.054415742274866966,True,False,False
8352529,0,6283.730938,2867.416421,92429.01896,3,633,0.06798439503852546,True,False,False
3795141,0,2453.995366,417.361326,41736.1326,6,581,0.05879786202327717,False,True,False
3882553,1,3458.981714,7738.650561,63313.61101,4,539,0.05463251359101402,True,False,False
3850651,1,5027.80116,4669.851933,70067.41293,6,743,0.07175662622256317,False,True,False
5441093,0,2013.737186,3817.062471,36714.9348,4,756,0.05484790309364787,True,False,False
1333173,1,5582.363567,12095.47957,103419.2758,3,706,0.05397797967368865,True,False,False
4514302,0,4471.234279,4412.614986,77423.05164,3,618,0.057750685154987776,True,False,False
5730378,0,4692.70088,4942.873783,86683.24764,3,658,0.05413619133755843,True,False,False
4810667,1,4174.606896,8662.346985,88245.73938,5,697,0.04730661134837896,True,False,False
8591148,3,2782.795301,12831.3668,84754.66014,7,696,0.032833537370137576,False,True,False
8865207,0,3133.909993,3137.966349,53807.86808,4,679,0.05824259731570469,True,False,False
3997988,1,3849.791979,6643.381561,87484.04238,5,603,0.04400564805039362,True,False,False
1678813,0,5233.314721,2816.443632,103368.1427,4,688,0.050627926402705886,True,False,False
6903230,0,3292.882285,3615.368121,49216.07939,3,638,0.06690663551044797,True,False,False
6062945,0,3885.950143,2542.927089,59133.77189,5,611,0.06571456578532825,True,False,False
7671474,1,4953.053207,8553.475195,84365.16417,5,661,0.0587096967774442,True,False,False
5221951,0,3137.088836,3440.859174,46353.91513,5,655,0.06767689044608215,True,False,False
2870480,1,3556.259032,8048.823863,70227.89614,6,683,0.050638837662323855,False,True,False
3701385,0,2401.91907,3656.023847,52067.41545,3,599,0.04613094483836147,True,False,False
2537130,0,2313.170494,649.3837077,64938.37077,8,629,0.03562101214692978,False,True,False
1739695,1,4008.007111,6250.886927,59624.25849,5,653,0.06722108102480152,True,False,False
7892329,1,3938.693904,9092.32356,74825.69455,3,650,0.052638253846986845,True,False,False
2949527,1,4849.155058,8312.508304,70002.60285,4,656,0.06927106794001162,True,False,False
7290281,0,4754.778961,698.3423728,69834.23728,4,707,0.06808664555088845,True,False,False
7762324,0,3726.304078,5505.33968,77066.11849,3,635,0.0483520404428247,True,False,False
3400037,0,3745.443206,3050.693343,59637.62973,5,633,0.06280335457590963,True,False,False
6914871,1,3087.938007,6572.612589,68225.92163,7,609,0.04526048066813048,False,True,False
2843964,2,3792.94721,10852.61976,83154.7492,7,617,0.045613115865184996,False,True,False
2467056,0,3832.050996,4952.307538,62272.12896,2,646,0.06153717658282547,False,False,False
7781660,1,5799.504708,8852.609658,89055.65115,5,694,0.06512225370439055,True,False,False
3942032,2,4041.429767,10608.06239,71786.34555,5,685,0.05629802904767034,True,False,False
1263821,0,2887.499392,4330.16761,47360.11252,4,769,0.06096901460655567,True,False,False
5202417,0,3498.002278,2871.341273,49483.90769,3,720,0.07068969370636217,True,False,False
5161636,0,2264.648869,2138.377198,30248.31246,3,629,0.07486860207473538,True,False,False
7255743,1,3949.337199,7988.454324,86146.60422,6,636,0.04584437465363391,False,True,False
6585067,2,5251.670019,9300.644525,84318.32226,7,665,0.0622838533575917,False,True,False
2182486,1,4115.278284,7179.66974,71243.54448,4,724,0.05776352529954866,True,False,False
4565664,1,3666.24035,9844.172883,72003.52767,5,708,0.05091751013648635,True,False,False
2432468,0,3570.845462,3645.659263,67239.68452,4,644,0.05310621974940819,True,False,False
4703070,0,4369.135637,1675.694388,81686.83379,4,655,0.053486411876755395,True,False,False
5449533,1,5654.793166,6422.752118,83433.35351,5,617,0.0677761701778203,True,False,False
1105777,2,1701.390794,2685.594995,29496.38179,8,600,0.05768133888803993,False,True,False
2984222,1,2351.532966,4610.463403,50884.70095,7,728,0.0462129662176977,False,True,False
4657503,0,3296.807754,3882.950911,58194.52692,4,689,0.05665150880137097,True,False,False
4639374,0,5414.244039,5865.349241,73992.06356,3,672,0.07317330776441452,True,False,False
3745459,0,4883.18477,5174.944093,78270.13568,4,620,0.062388862975329896,True,False,False
7365670,3,2673.54163,7233.006733,46791.58228,7,689,0.05713723494113908,False,True,False
8665720,1,3685.400152,8284.948721,94067.85626,5,652,0.03917810289854691,True,False,False
4472271,1,7624.469419,14607.81365,111898.2047,3,756,0.06813754911833719,True,False,False
4095376,0,2712.109651,3063.444903,54459.4711,5,597,0.04980051396422761,True,False,False
3981056,1,2148.645212,3990.501453,40567.77343,5,657,0.052964336721794784,True,False,False
6969491,1,2812.332048,7296.001096,60692.16528,7,648,0.04633764564215924,False,True,False
8450683,2,3216.627637,9126.055584,59097.46732,5,708,0.054429196086909395,True,False,False
2124585,0,3453.797249,5458.093385,63108.58792,2,617,0.05472784866266107,False,False,False
1593761,1,3233.201622,4997.671853,46591.66009,4,711,0.06939442843964996,True,False,False
4022029,1,4619.173722,5187.412304,88772.78627,8,620,0.052033668380655644,False,True,False
3863876,1,6168.144822,9159.186271,97538.30305,7,586,0.0632381805826383,False,True,False
6250032,0,4636.492547,5881.152966,62086.83719,4,726,0.0746775444980595,True,False,False
5189684,1,2832.856149,5108.538853,54499.9398,6,720,0.05197906932366924,False,True,False
3231606,0,3652.740402,3743.930058,69528.30888,5,665,0.05253601677993236,True,False,False
7203675,2,4475.534748,9023.316373,58900.04561,2,688,0.07598525097305099,False,False,False
6362857,0,5279.429673,11271.41439,112623.4056,4,662,0.04687684273862874,True,False,False
3265231,1,5186.540201,5102.915884,66173.94223,5,593,0.0783773797694144,True,False,False
4963375,4,5425.211183,16677.23006,78000.93479,7,738,0.06955315596673506,False,True,False
8103209,0,1252.285443,1966.577008,20757.60204,3,701,0.06032900334956031,True,False,False
6723477,0,3433.700574,3871.293464,56256.7593,3,612,0.061036231320917914,True,False,False
7992305,1,429.8596126,1461.304466,11771.47195,6,650,0.03651706553146907,False,True,False
3978176,0,3544.060037,3633.96489,59657.99186,6,584,0.0594062912026419,False,True,False
4863783,0,4709.456101,2529.434735,74465.28103,4,671,0.0632436490651622,True,False,False
5296236,0,3869.064765,4520.03888,62656.31537,3,683,0.061750595165902755,True,False,False
3659357,0,3964.219887,3297.161548,58981.56294,2,610,0.06721117056583716,False,False,False
4165930,1,4270.490684,9900.267097,94234.25673,7,740,0.045317815751821665,False,True,False
2967504,0,2917.139643,628.5783169,55926.84659,9,606,0.05215991640625772,False,True,False
2281572,2,3938.997937,7698.554252,62729.79164,8,646,0.06279309772947303,False,True,False
7702090,1,2871.14385,3765.778484,52145.80705,7,605,0.05505991780407203,False,True,False
6182141,0,6237.487236,828.4770798,82847.70798,6,646,0.07528859141771033,False,True,False
5087026,2,2967.825627,5209.554549,42384.60718,4,648,0.07002130783933339,True,False,False
1100190,1,3070.300933,5367.397712,46653.87796,6,612,0.06581019772102135,False,True,False
7585589,0,5349.925865,5002.645941,72511.1314,3,614,0.07378075285417489,True,False,False
7036747,1,2228.199334,4766.236017,42731.76309,5,766,0.05214386612850614,True,False,False
4428261,1,4311.264586,7048.268347,64680.80918,6,685,0.06665446274801846,False,True,False
5212320,0,2646.982034,1714.550317,47594.87226,7,666,0.05561485740606966,False,True,False
8710213,2,3520.724867,10793.71764,66922.15859,2,605,0.0526092544110807,False,False,False
6757800,2,1773.229825,5569.151009,36684.60488,6,661,0.0483371657075348,False,True,False
7727085,1,2222.310683,5778.736833,52347.02146,4,521,0.042453431370457956,True,False,False
2190954,1,4253.071815,7010.543245,77476.22921,4,579,0.05489518344358257,True,False,False
3663809,0,4538.59128,2284.521736,71346.20709,4,655,0.06361363084480122,True,False,False
3963681,1,3725.306307,6873.691387,57115.32602,3,706,0.06522428508410359,True,False,False
7212875,2,7757.389118,13847.32655,105325.469,6,673,0.0736515981523899,False,True,False
6498902,0,2325.838653,496.7659206,42979.93154,2,692,0.054114526702663986,False,False,False
3411958,0,6309.75004,2276.454903,89165.65529,4,657,0.07076435449813426,True,False,False
6562873,0,3369.099325,3477.305329,51756.93553,3,638,0.06509464462105104,True,False,False
2525953,1,5237.561802,8922.680124,112678.3219,8,579,0.04648242637699417,False,True,False
5925421,1,5777.953948,9014.090743,79543.76095,5,712,0.07263868189023567,True,False,False
2690869,1,5463.258264,11487.91357,89811.18131,6,623,0.060830491084874476,False,True,False
5924428,0,3458.499353,5113.814773,64566.65006,6,662,0.053564794670098455,False,True,False
8788403,0,7229.291435,4179.542112,92856.74777,2,626,0.07785423901455686,False,False,False
6333910,0,4201.696053,2142.047881,60328.06757,4,619,0.06964744972354167,True,False,False
3191869,1,3023.086692,4439.573015,41192.84446,3,644,0.07338863658554935,True,False,False
5072126,0,3832.501969,710.4940792,71049.40792,4,613,0.05394136392122098,True,False,False
6640520,2,3259.499734,9440.890252,71333.5378,4,615,0.045693790530041536,True,False,False
2983789,0,3816.474544,5289.934544,64552.47359,5,668,0.05912204957845675,True,False,False
6261507,1,3454.21045,3631.290667,43224.89962,4,701,0.07991251524854323,True,False,False
4046597,1,4250.492037,5703.317041,75372.44806,6,657,0.05639318008639456,False,True,False
7639867,0,3287.54147,487.5132161,48751.32161,4,670,0.06743491994534259,True,False,False
4753341,1,1118.592485,2154.883645,20118.35008,6,789,0.055600607433112126,False,True,False
5559420,2,2606.710153,6270.04281,50956.54914,8,667,0.05115554716702309,False,True,False
2002639,1,4088.493283,6525.013803,75427.51984,6,585,0.05420426512329562,False,True,False
2828624,0,3179.611746,3825.026832,55370.94856,3,703,0.057423826549667475,True,False,False
4478536,0,2879.32239,3232.701236,55504.37792,7,687,0.05187559068133413,False,True,False
2713140,0,3566.709054,4400.583413,60204.6502,4,831,0.059243082422227915,True,False,False
7764639,1,3067.806629,5844.648422,55739.18294,5,648,0.05503860062502739,True,False,False
3007620,0,3888.99685,3991.612081,69405.35251,7,724,0.056033097007030824,False,True,False
6874750,0,1910.675152,2719.343153,49564.75909,5,645,0.038549065648247866,True,False,False
1942903,1,4902.892993,7998.013535,91770.08188,7,743,0.05342583217274558,False,True,False
7760182,0,4329.786622,4880.529439,74745.3161,5,672,0.05792719661800989,True,False,False
3207300,2,2515.574726,6567.362104,66383.00334,7,624,0.03789486162769327,False,True,False
6854049,0,3875.97094,3853.300047,74706.16599,3,624,0.05188287859022011,True,False,False
5820678,0,1800.207678,296.5909171,29659.09171,4,637,0.06069665570348647,True,False,False
5184936,1,2932.977363,4191.752164,53019.21948,6,643,0.05531913505641822,False,True,False
4733481,0,4073.509733,2605.016456,58722.57072,5,628,0.0693687228446323,True,False,False
3793909,3,5821.006507,16345.02539,80431.47019,6,634,0.07237225047918773,False,True,False
7623179,2,4073.169256,12335.27949,79791.52983,7,800,0.05104763957625701,False,True,False
5030300,2,4309.525189,12534.08553,82945.77789,5,669,0.05195593191874278,True,False,False
6745030,0,5694.186818,7034.287374,80115.38066,4,678,0.07107482696943601,True,False,False
2142830,1,5306.260784,4551.367212,57777.86489,5,570,0.09183899048714052,True,False,False
4676486,0,1955.726917,2325.489556,58016.70505,7,662,0.033709720593655124,False,True,False
4089908,0,5525.864226,5349.934625,96608.09865,3,637,0.057198768045519335,True,False,False
4995548,0,5566.733851,2676.595649,70924.28087,1,636,0.07848840739328035,False,False,False
2575799,1,3348.298243,8656.544815,74303.35638,4,738,0.04506254368747804,True,False,False
4042318,0,6313.585757,922.315129,92231.5129,1,555,0.06845367226975195,False,False,False
8473874,0,2472.004604,3843.860466,51984.56253,7,719,0.04755266724757797,False,True,False
1530432,1,4581.871926,6430.218814,71598.80736,5,656,0.06399369060663637,True,False,False
5927510,1,3483.278507,4857.176593,53584.38753,6,683,0.06500547393678496,False,True,False
4770392,1,4229.856722,8465.017399,74090.83242,5,570,0.05709014980452828,True,False,False
1768086,1,5309.776791,8252.825809,68931.36956,5,645,0.0770299041625483,True,False,False
3995041,0,7069.253975,5656.481881,96610.46264,8,753,0.07317275770992002,False,True,False
7236675,3,4863.253267,18435.86103,89210.95378,4,651,0.054514082194358084,True,False,False
6560795,0,5845.836638,7541.19482,90290.8511,3,704,0.06474450696588904,True,False,False
3530201,0,4305.334582,2194.545639,67655.13981,5,669,0.06363647453971615,True,False,False
5289890,3,5787.215035,13356.314,77205.51139,5,647,0.07495857395162059,True,False,False
5976524,1,3503.317874,7297.99605,61505.05913,5,759,0.05695983263092588,True,False,False
4328471,2,6502.056737,10027.09245,84062.90278,5,667,0.07734751622860864,True,False,False
2057735,1,4432.577588,8323.102205,70977.84186,6,676,0.062450160104093086,False,True,False
6896036,0,5480.064492,968.1110157,96811.10157,5,681,0.05660574462152564,True,False,False
2003077,1,3850.789877,5258.365168,52995.18303,6,638,0.07266301684098553,False,True,False
3148078,0,4341.16807,4573.047082,66879.17116,4,656,0.06491061409260443,True,False,False
5493210,1,3814.102362,6498.210418,64397.65293,7,642,0.059227350508347175,False,True,False
4480238,1,5044.314945,7012.14626,89299.70542,6,641,0.05648747575678173,False,True,False
6802140,0,4174.547227,4019.051054,86591.42939,3,574,0.04820970454475598,True,False,False
5973959,1,3197.668552,8038.248905,78495.47252,5,697,0.040736980737140736,True,False,False
7290658,0,2109.378982,1879.612424,38337.26698,3,459,0.05502163164370671,True,False,False
1710410,1,6840.974508,9586.743224,97405.88042,6,672,0.07023163774612695,False,True,False
3597227,0,3819.258435,5925.500502,68101.60402,2,597,0.05608176914420936,False,False,False
1685254,0,5847.917833,2796.23702,92828.22714,5,678,0.06299719399122417,True,False,False
3493868,0,4082.60404,2060.279186,72975.27459,4,636,0.05594503155949002,True,False,False
8919556,1,3379.990953,4498.1144,55641.25311,6,673,0.06074613284352035,False,True,False
1204565,0,4910.720458,3961.584311,80469.05482,5,675,0.06102619782206607,True,False,False
5561012,0,4750.88834,5724.69869,76897.18189,5,635,0.06178234654679619,True,False,False
4335205,1,4569.383674,6765.449163,69650.82381,5,621,0.06560415834369439,True,False,False
1810882,0,4249.195554,4855.239712,75531.26328,6,638,0.05625744055475303,False,True,False
8598145,2,3608.817947,9090.392897,62459.56613,3,574,0.05777846646402889,True,False,False
1469315,0,5298.337711,6616.41817,81888.09485,3,694,0.0647021733831435,True,False,False
3046487,1,2894.209176,7888.366725,74520.28447,6,730,0.0388378707433026,False,True,False
2140395,0,5596.026106,5887.361274,72595.16628,5,595,0.07708538175139779,True,False,False
4930162,0,6668.835335,6712.813915,99325.74184,2,632,0.06714105740828565,False,False,False
1127476,0,3686.223596,5804.073571,70799.26606,5,693,0.052065844762798096,True,False,False
4783509,0,4456.002236,2750.511657,74834.84202,6,582,0.05954448644134387,False,True,False
5938329,0,4306.326073,5133.916672,69532.73227,2,585,0.061932358076743826,False,False,False
8906838,0,4389.108852,5247.839214,66466.24793,5,641,0.06603515300912519,True,False,False
1920476,0,3204.217774,683.3023827,68330.23827,4,578,0.04689311577312023,True,False,False
1268835,1,4215.051101,5130.701093,55563.25403,5,617,0.0758604076486267,True,False,False
4920389,2,7761.620506,15324.36132,89153.23072,2,562,0.08705932968796848,False,False,False
8277392,3,4382.949748,13406.85087,68567.96929,3,677,0.06392124184782023,True,False,False
4838409,1,3622.45037,7329.325832,68499.74591,5,693,0.05288268331329932,True,False,False
6768930,1,2624.361194,5134.90512,39987.70647,3,707,0.06562920021354253,True,False,False
8990978,2,3354.24564,6911.704023,69654.71293,8,620,0.04815532932238015,False,True,False
5314585,3,3557.451002,12830.42438,77751.66385,5,572,0.045754017674311157,True,False,False
8110231,0,3879.758241,7556.064573,80471.27968,4,551,0.04821295568342079,True,False,False
7950830,0,3987.214098,4711.229632,56034.93698,4,608,0.07115585941362114,True,False,False
5559183,0,4809.956913,5554.114595,92276.48128,5,567,0.052125491200784545,True,False,False
6055396,1,4504.712358,7074.116554,72716.13959,4,685,0.06194927815749301,True,False,False
3339069,0,1571.063012,2478.536394,27779.07453,3,663,0.05655562824108237,True,False,False
2363986,2,3200.917004,7404.415912,61345.46074,8,633,0.05217854695991969,False,True,False
2744946,0,3463.062707,4339.669963,53206.129,4,636,0.06508766512594817,True,False,False
8664874,3,4500.696922,15643.64889,86944.872,6,612,0.051764949656835424,False,True,False
3521910,3,4692.021878,13036.7438,79334.17659,7,746,0.0591425042733906,False,True,False
1191193,0,2305.900355,2970.03859,43285.8533,4,664,0.05327145427903578,True,False,False
2324951,0,3960.165637,6198.250672,60721.1251,2,698,0.06521891072469604,False,False,False
1235265,3,4195.468627,10403.15563,84398.56097,8,658,0.04971019148645563,False,True,False
6173947,1,3887.177652,4934.302244,69454.44625,7,718,0.0559672974428185,False,True,False
4922623,1,6783.031982,9748.919327,94838.74201,3,561,0.07152174141328006,True,False,False
7019364,1,3322.788083,5909.102083,54737.84422,3,564,0.060703670930941166,True,False,False
5639634,1,3380.622889,7034.438654,75614.94765,5,688,0.04470839422713004,True,False,False
6892218,0,5076.510071,8508.561472,82657.33327,4,648,0.061416330169007397,True,False,False
6005478,0,6058.666417,10194.79275,112514.6218,4,604,0.05384781391141823,True,False,False
1239540,0,2717.260169,2962.321985,59930.84977,5,685,0.045339923919453545,True,False,False
4545556,2,4521.144514,9204.987149,65213.89018,5,606,0.06932793767586891,True,False,False
8833705,0,3953.846683,3989.417382,67927.3678,3,492,0.058206976231456445,True,False,False
8174638,0,3573.817788,1794.34738,55146.31752,5,653,0.06480610036570217,True,False,False
1175394,0,3792.780498,4146.105593,55705.14907,3,644,0.06808671301164512,True,False,False
3328079,0,4320.009603,5287.516933,77453.75219,6,771,0.05577534310284524,False,True,False
5708050,2,2826.967832,9195.018555,50128.23158,4,525,0.056394724946329335,True,False,False
5071201,1,3129.765398,5969.989362,65861.83267,5,586,0.04752016867920538,True,False,False
1533477,1,7475.402957,11493.66792,99379.53137,5,732,0.0752207507315397,True,False,False
4727458,0,4790.014851,6560.984814,75907.68274,4,602,0.06310316265886844,True,False,False
3882244,4,5229.536411,21262.72866,107196.3664,7,653,0.048784642489523786,False,True,False
2624090,3,5737.754755,17009.67596,81150.56651,5,591,0.07070504867384936,True,False,False
1915585,1,4619.958218,8689.778603,79371.83944,7,695,0.05820651569367233,False,True,False
1372648,1,5422.178449,10579.90497,80643.77247,4,713,0.06723617066670691,True,False,False
5569594,1,5680.042105,9376.317135,79805.72202,5,593,0.07117336904209115,True,False,False
4895929,4,3902.369034,11370.9647,61642.07031,7,570,0.0633069105949047,False,True,False
3437185,2,3465.955064,8764.780568,60935.53267,7,680,0.05687904761200802,False,True,False
2394656,3,2490.16782,8918.771872,45551.73802,5,643,0.05466680149298945,True,False,False
3399967,0,4579.58965,6274.994383,91184.19948,5,647,0.05022350008133229,True,False,False
7184933,0,4838.88594,9495.333647,80534.38104,4,532,0.06008472254348875,True,False,False
5386719,0,2314.475477,382.322336,38232.2336,3,603,0.06053728121707229,True,False,False
2529399,2,4831.422494,10401.67381,77411.14134,5,553,0.06241249528643108,True,False,False
1442429,0,5026.042851,7500.09361,97762.11075,3,580,0.051410948602089175,True,False,False
6028055,3,6473.282196,17668.64721,116430.8637,5,621,0.05559764816895368,True,False,False
5037167,0,3820.950621,3568.885319,53307.43509,6,728,0.0716776302320495,False,True,False
5341955,1,3879.934454,8079.401113,68125.49208,6,664,0.0569527549165264,False,True,False
4484069,0,4158.398418,5233.577266,85510.42822,4,631,0.04863030749069964,True,False,False
8505412,1,1543.767412,4875.080991,52469.36791,6,644,0.029422260520614682,False,True,False
4424627,0,2804.554815,2867.785158,53132.65562,2,719,0.05278401356517779,False,False,False
8777732,1,2136.975241,3236.247145,37601.77202,6,674,0.05683176952041954,False,True,False
3192705,0,1200.36149,146.0678728,14606.78728,5,726,0.08217833716546052,True,False,False
2905991,0,3616.424017,3329.064598,55151.35662,4,653,0.06557271187212366,True,False,False
8963154,0,4661.37225,2652.237011,86929.07095,5,627,0.05362270871019818,True,False,False
5010097,0,5121.152718,2452.896925,76830.03242,5,612,0.06665561053006777,True,False,False
7984779,2,4334.533734,14247.12819,73373.79108,2,591,0.05907468689022794,False,False,False
5683326,2,3601.686098,12270.55794,65847.80698,2,588,0.05469713059834996,False,False,False
3056014,0,2886.719592,1119.49684,41071.6761,3,535,0.07028492299587452,True,False,False
2665069,1,4952.688491,7459.507723,65062.23135,2,608,0.07612232762748614,False,False,False
7207513,3,2864.970869,14125.79723,70581.41346,5,703,0.04059101013361883,True,False,False
7042592,1,3005.452644,6156.158512,52239.04198,5,710,0.05753269068660665,True,False,False
6981458,1,2301.452249,3646.103557,52797.34308,6,584,0.04359030426043931,False,True,False
3657369,0,5111.054367,3442.946387,77656.18675,4,556,0.06581644786981508,True,False,False
3657819,0,3416.647326,2585.906483,55485.05176,4,773,0.06157779830103919,True,False,False
1475224,2,1545.832532,3886.801293,26101.74607,5,589,0.05922333808069262,True,False,False
6067587,0,4210.572826,3139.359091,69895.10468,5,609,0.06024131225322888,True,False,False
3181777,2,4430.640866,17203.39978,89459.87816,2,625,0.049526569420044915,False,False,False
4002289,0,3687.060517,3524.643874,50960.14659,3,620,0.07235184283640814,True,False,False
5505621,0,3342.473998,2955.829975,71845.15786,3,653,0.04652330230122484,True,False,False
7578587,0,5985.321195,3892.431062,86836.96591,4,571,0.06892595949521471,True,False,False
6470219,0,6459.377701,3558.234611,86775.69632,5,685,0.07443763605399324,True,False,False
6853309,1,3622.305844,7682.844971,78000.77709,7,628,0.04643935585180719,False,True,False
8848908,0,3900.897404,3543.919718,56468.10082,4,593,0.0690814344267511,True,False,False
7092313,0,3999.970608,1801.989647,92004.60442,5,663,0.043475765514301636,True,False,False
7069015,0,6935.374223,6869.651496,85766.38099,5,665,0.08086355216280648,True,False,False
8407892,1,2721.196021,4095.701917,45164.04917,6,567,0.06025137406872592,False,True,False
3307631,1,4244.313394,11466.92897,86037.27439,5,713,0.04933110008530571,True,False,False
8666431,2,2821.316065,8454.971169,47328.3386,3,646,0.05961155934174287,True,False,False
1916547,1,2660.891284,6078.203383,47549.56447,5,780,0.05596037132324968,True,False,False
8777500,0,3586.014031,4926.976081,68470.77987,4,570,0.05237291057307188,True,False,False
6889981,0,3517.154827,3036.347572,62988.14903,6,634,0.055838358185836656,False,True,False
3451130,2,2872.866931,7579.233547,46396.87583,3,590,0.061919404692813776,True,False,False
5983572,0,3374.838911,2390.499886,52842.82862,5,675,0.0638655991576251,True,False,False
8493019,0,2736.637236,2253.062688,33021.04615,3,645,0.08287554620676364,True,False,False
5833114,0,2575.035263,2443.165276,55106.51083,4,595,0.04672833072200518,True,False,False
2100827,1,4869.295085,7656.858662,74569.35353,6,581,0.06529887754814763,False,True,False
5722260,0,4099.763634,6680.570657,106434.0102,4,548,0.038519300609797,True,False,False
2181504,1,6603.6707,12377.86538,107186.2318,6,687,0.06160931855802025,False,True,False
6355908,3,4337.900072,19500.63539,99468.4188,6,605,0.043610827681117216,False,True,False
4270448,0,5641.901648,8403.845371,88475.87108,2,771,0.06376768693126045,False,False,False
2867874,1,4975.967345,8431.26095,62965.23063,4,558,0.0790272233614147,True,False,False
2549616,0,6396.029769,7321.409926,103269.1582,3,701,0.06193552731990798,True,False,False
4772900,1,2733.86834,5434.690811,50434.79113,5,690,0.05420600103117747,True,False,False
3578918,0,3308.726194,3293.907075,62979.336,4,631,0.05253669543292739,True,False,False
3815785,0,2974.442124,6307.010015,67103.29287,3,620,0.044326321358959565,True,False,False
6816701,2,5398.953681,16308.33005,88723.91288,3,616,0.06085116746713076,True,False,False
5536766,0,3720.388112,2710.786217,60497.07339,8,537,0.061496993218435096,False,True,False
3774823,0,5374.316417,6659.095868,90882.46992,4,616,0.05913479708166804,True,False,False
4674324,0,5044.257132,4456.037028,71657.06866,4,623,0.07039441085615851,True,False,False
3075893,0,2863.265594,1641.2537,43198.81749,3,554,0.06628111046472072,True,False,False
7278398,0,5080.960736,6307.922148,89684.57281,4,663,0.05665367606493704,True,False,False
7736889,1,2599.836251,5954.905202,54318.00703,3,658,0.0478632481777931,True,False,False
3599872,0,6156.663945,4137.599782,85337.07776,2,688,0.07214523987234316,False,False,False
2429834,3,5268.472872,17191.48776,84271.81285,4,606,0.06251761643454429,True,False,False
8836053,0,4006.013661,6226.523029,82980.00953,4,602,0.048276852264661343,True,False,False
8465225,3,4926.696104,15577.76393,92174.96654,8,733,0.05344939400506345,False,True,False
1946286,0,2553.102562,4415.425063,53559.06875,5,633,0.04766891250326304,True,False,False
7683186,3,3039.779856,10092.47968,51136.938,4,635,0.05944391617660017,True,False,False
1932149,0,4213.846624,4224.265452,59372.25856,3,767,0.07097332535769378,True,False,False
8956231,1,6529.275148,7877.780343,84370.25516,6,647,0.07738835369903603,False,True,False
6876224,3,4777.418364,14898.81352,80995.33742,4,657,0.058983868901326696,True,False,False
5331308,0,1067.193182,2670.421033,30170.66487,5,744,0.03537188148151009,True,False,False
7146403,1,3719.667989,7834.343013,71139.91226,7,621,0.05228665415562322,False,True,False
4458854,1,4202.717052,8950.313333,80855.84878,6,555,0.05197789789375828,False,True,False
4273778,2,3808.04903,9851.20095,69258.52861,5,539,0.054983106144853466,True,False,False
8910281,2,4030.40983,7980.236077,62191.11197,6,769,0.06480684622497514,False,True,False
5914582,0,6015.001539,899.5975896,89959.75896,2,761,0.06686324650641326,False,False,False
2514608,2,2975.568512,9610.750968,59438.46358,6,647,0.05006132952940638,False,True,False
6637801,1,4648.735009,9271.869864,87617.33503,6,684,0.053057251825889044,False,True,False
8001143,3,2667.257142,11147.12182,67378.85873,9,687,0.03958596497884018,False,True,False
6169930,0,3591.076498,2830.398792,69169.6348,4,563,0.05191695038413012,True,False,False
4503895,0,5392.274016,3493.378142,73665.22887,3,611,0.07319971849291289,True,False,False
3914623,1,5322.357599,10089.67841,84995.64043,5,693,0.0626191834319237,True,False,False
2342380,0,1194.902632,2713.018386,21493.07218,4,670,0.05559478058757443,True,False,False
7506764,0,7706.549049,10276.88468,116233.8482,3,644,0.0663021070741767,True,False,False
2417440,0,4470.067333,4489.675364,67243.98637,1,686,0.06647534708017043,False,False,False
7548474,1,5180.630529,7851.167233,75038.78794,5,596,0.06903936845491644,True,False,False
6401618,2,4176.561899,8847.074497,79196.87186,8,645,0.05273645032827942,False,True,False
3334566,1,3410.404225,3895.190931,48877.4902,5,678,0.06977453652069886,True,False,False
4364189,1,3270.399936,5744.474659,55359.0448,4,593,0.05907616267251778,True,False,False
8267509,0,4165.313147,3279.303037,56894.93533,3,677,0.07321061396485465,True,False,False
6517338,1,1885.850607,6664.88477,59373.15407,6,693,0.031762681914735615,False,True,False
1361045,0,7228.237032,4184.396284,99112.39371,8,685,0.07292969891484623,False,True,False
6219411,1,3021.646469,5678.72175,70885.42598,6,769,0.04262718925964476,False,True,False
7873804,2,4406.909684,12505.76312,98769.42063,8,653,0.04461815869618917,False,True,False
7720796,0,6544.081795,6514.213953,84073.32646,4,698,0.07783778839907698,True,False,False
5494062,0,4476.223224,7962.179407,92925.32776,3,551,0.04817010961275086,True,False,False
1656965,0,3340.608238,4887.981364,57086.87138,4,767,0.058517977202904824,True,False,False
5153872,0,2251.702422,1565.35743,47037.20159,5,563,0.04787067142358883,True,False,False
4516394,0,4005.952178,6085.037792,68538.88573,4,702,0.05844787430278523,True,False,False
8952882,0,3736.527292,7864.746186,107143.5736,7,674,0.03487402152507633,False,True,False
3702297,0,3900.686355,6620.971619,76733.35946,5,673,0.050834296614282494,True,False,False
4302824,0,4896.886686,6549.157162,76918.44158,4,653,0.0636633632378905,True,False,False
4372666,1,2928.708797,5527.385673,54576.24858,6,570,0.05366269894324056,False,True,False
4931116,0,3870.184913,2745.967137,58137.25849,6,683,0.06656978697517527,False,True,False
1658565,1,3945.209534,6119.64279,62998.37978,3,750,0.06262398410526233,True,False,False
4301999,0,480.4217936,776.4335258,13812.16545,5,638,0.03478251077567276,True,False,False
1556800,0,2271.910828,1615.265449,49126.2638,2,634,0.046246358918098716,False,False,False
3674432,1,4046.886347,8056.459594,67156.01152,5,696,0.06026096927740833,True,False,False
1494038,0,5754.654029,7767.055886,94389.14845,4,693,0.06096732647236845,True,False,False
3430825,1,6988.562313,12098.49278,96210.48694,5,700,0.07263825945874586,True,False,False
4123985,0,5807.443014,8582.054267,91327.77225,2,650,0.06358901428256399,False,False,False
2763301,0,5129.518792,8264.583305,80557.73564,3,590,0.0636750617584762,True,False,False
2333891,0,3910.974646,4296.571249,67097.117,5,703,0.0582882666329762,True,False,False
2668798,2,6429.993465,13936.98887,92841.0431,6,651,0.06925809157566434,False,True,False
7371105,0,3526.172736,6447.454504,73107.33336,4,684,0.04823281843199211,True,False,False
3602930,4,4731.851285,24001.07214,100800.2383,7,629,0.04694285812020744,False,True,False
7390068,1,1185.12507,1925.368863,23777.21127,6,766,0.04984289606305879,False,True,False
1655943,0,4884.849358,5967.422699,85083.6269,4,669,0.057412331090930496,True,False,False
2400728,1,2108.406741,5101.276031,36286.22301,3,635,0.05810488295844268,True,False,False
3391514,0,2724.051549,4405.585759,54021.85211,4,654,0.050424993638745495,True,False,False
8946749,1,4572.225417,10177.96522,90968.53399,5,639,0.05026161482939382,True,False,False
1289589,0,6569.260781,5939.262933,82548.58681,2,620,0.0795805359590262,False,False,False
8588634,0,3766.637723,3753.40006,71059.97521,6,780,0.05300645985125442,False,True,False
7729525,0,3586.828777,1561.581917,56985.92906,4,631,0.06294235851140478,True,False,False
4294684,0,4694.615787,4860.423871,74006.95216,4,693,0.06343479429946572,True,False,False
1614863,0,4553.580228,942.5882575,94258.82575,5,606,0.048309324795508604,True,False,False
4063973,0,1594.455731,364.7228034,36472.28034,6,634,0.04371691915438924,False,True,False
7976497,0,4504.157237,4550.585638,66449.60373,3,649,0.06778305639415737,True,False,False
5768753,0,2886.340104,3010.574155,64213.39694,5,573,0.04494918882265256,True,False,False
6151617,1,4600.862593,8041.136316,81832.51534,5,671,0.05622291547417562,True,False,False
3763682,0,3758.317396,772.5508544,77255.08544,7,686,0.04864815532330088,False,True,False
4282342,1,3818.098164,8175.668023,65880.26753,3,607,0.057955110189274,True,False,False
8223970,0,4370.852349,3133.809419,68655.6573,3,555,0.06366339673802816,True,False,False
4339852,1,6855.689104,12299.1628,98777.34058,2,600,0.06940548372475731,False,False,False
1018752,0,4518.928952,6606.722207,75938.5511,5,617,0.05950770572445121,True,False,False
4553898,0,4323.722879,6179.338608,79822.57612,5,740,0.054166666739745406,True,False,False
7036691,0,4435.558095,4769.207512,73468.11677,5,710,0.06037391851061055,True,False,False
4473386,0,1900.986419,3847.513701,41253.23552,4,670,0.04608090480753641,True,False,False
5363682,0,2396.252119,6137.515627,64158.32482,4,587,0.037349044348069065,True,False,False
3999935,2,6050.204453,10503.40296,87025.5691,8,624,0.06952214752020508,False,True,False
8174327,0,3642.264957,4236.622583,69040.28464,3,580,0.05275564803928653,True,False,False
6588663,1,6022.030541,8198.955547,85132.83138,2,637,0.07073687604867723,False,False,False
7135310,0,4841.85251,3801.425214,65411.67915,4,649,0.07402122331849663,True,False,False
8111365,2,5671.440582,13822.62852,94114.53831,2,686,0.06026104663361441,False,False,False
3603460,0,5718.923431,4362.889169,101439.9687,5,568,0.05637741714918333,True,False,False
1352601,1,1483.838797,3112.15924,26069.53484,3,587,0.056918499164137756,True,False,False
5898134,1,1751.854795,2824.099512,23537.37661,4,635,0.07442863425381542,True,False,False
4909786,0,2820.148412,3504.550667,57035.57975,5,666,0.04944542379268092,True,False,False
3091914,0,5546.688411,6153.757806,76861.38032,3,579,0.07216482956599601,True,False,False
8603710,1,4214.742263,8939.439208,82854.61846,5,702,0.05086912885893941,True,False,False
3076840,0,4814.849382,6507.40537,72443.21405,5,654,0.06646377366245529,True,False,False
1377274,1,3066.60215,5750.739169,61346.65744,6,638,0.0499880886419816,False,True,False
5252000,2,4964.165273,16927.55576,84797.28845,3,705,0.058541556737714294,True,False,False
5788824,0,4406.687683,2228.0526,61765.3979,4,641,0.07134557264788542,True,False,False
6900662,0,3179.180343,3869.260322,50118.55026,4,683,0.06343320639777819,True,False,False
4597323,0,3403.661304,3911.50791,61945.88433,2,537,0.05494572142788231,False,False,False
3681901,0,5478.661538,5522.965734,93614.6086,2,636,0.05852357468490233,False,False,False
7511378,0,5288.846497,3854.157951,77145.94221,4,627,0.06855637957733618,True,False,False
2386815,0,4409.843851,5460.554717,64576.46929,3,596,0.06828871103491696,True,False,False
7715856,2,5045.23898,8172.353485,77507.56898,7,686,0.06509350049802065,False,True,False
6901009,0,3791.920959,3164.174811,45068.37997,2,557,0.08413705932017329,False,False,False
4752134,0,3003.105884,4443.347002,48031.44409,4,678,0.06252374753448726,True,False,False
2214311,1,3590.741275,8071.647089,71796.25458,8,831,0.050012933070191924,False,True,False
7263525,0,3818.930678,3461.125547,62548.15822,5,659,0.061055845394643184,True,False,False
5832354,0,3534.968183,4338.700449,57646.06045,6,728,0.06132193866163842,False,True,False
8021998,3,2705.252837,8613.71696,54347.28277,4,590,0.04977714982455966,True,False,False
5117391,0,5585.857379,6199.848709,78970.86011,3,687,0.07073314601385061,True,False,False
8317412,4,3923.931777,20105.59469,88501.60428,8,779,0.04433740844499864,False,True,False
3108555,1,5418.596455,8192.573245,81415.43721,5,609,0.06655490212529928,True,False,False
3680529,1,2384.145114,5185.156991,50854.96257,5,620,0.04688126769768655,True,False,False
4894594,0,4119.77832,5600.84323,72583.89993,5,695,0.05675884492253956,True,False,False
6403706,0,4516.391458,5726.787375,55730.27928,3,676,0.08104017270950234,True,False,False
3928615,3,2894.448203,7792.775335,44487.19954,6,629,0.06506249512059081,False,True,False
4495137,1,3672.703187,5983.827291,62968.16042,6,610,0.058326353549205366,False,True,False
1486727,0,3862.881409,6556.361911,97623.45829,4,633,0.03956919245295464,True,False,False
1956589,1,2883.717988,6490.596506,59971.17785,5,624,0.0480850650492935,True,False,False
5625529,0,4989.634717,5647.201992,80738.14074,6,727,0.06180021822731906,False,True,False
1961633,0,3694.554271,5244.461259,69474.92783,4,531,0.05317823834290696,True,False,False
7337187,0,4119.095037,2717.628034,72762.57317,6,695,0.05661007929689741,False,True,False
3431966,0,1586.618771,2566.507621,41226.98004,5,630,0.038484962261620945,True,False,False
8900530,0,3087.683141,1985.029716,59417.74001,5,730,0.051965677935248686,True,False,False
7711819,0,3178.769058,5026.290807,81497.28492,7,779,0.039004600719157304,False,True,False
5939397,2,5037.642689,12092.02406,81392.97818,4,668,0.06189284139301659,True,False,False
4070533,0,3967.597772,2680.484677,82631.37594,6,580,0.04801563240192125,False,True,False
4015637,3,3045.538598,10678.34497,55181.88844,5,624,0.0551909092656634,True,False,False
2315364,1,2722.406684,5651.099832,62889.00885,8,679,0.04328906964479851,False,True,False
8877824,1,4386.3383,7348.972099,76124.9989,5,603,0.057620208385973454,True,False,False
5811347,1,3085.012766,6823.887707,52576.23837,5,720,0.05867693965265321,True,False,False
3604470,4,4999.358947,16958.82353,81170.99397,7,687,0.06159046110544998,False,True,False
3126294,1,3645.791616,8130.51615,65975.73574,3,670,0.05525958255876814,True,False,False
5269950,0,5834.267613,4723.21196,80399.75006,5,805,0.07256574316022195,True,False,False
2980196,0,4216.59118,5831.521643,87826.19213,6,640,0.04801063415978024,False,True,False
1254674,0,3259.645498,3213.274889,59091.01098,4,525,0.0551631363880923,True,False,False
8649445,1,5121.712973,8327.120725,95184.26195,6,603,0.05380840138982661,False,True,False
7497765,3,5521.177169,18662.90468,90571.72744,4,618,0.06095916822009992,True,False,False
6434569,1,5258.01505,9643.833276,85154.30269,6,629,0.061746909831926426,False,True,False
6038533,1,4257.550337,8007.565639,64904.1174,5,661,0.06559753845447099,True,False,False
5024084,0,6177.700794,9126.360528,102190.2759,2,668,0.06045292215518914,False,False,False
7908848,0,3066.22022,4785.322325,55679.24335,4,635,0.05506935862482406,True,False,False
7312222,1,3372.564637,5757.993149,56063.80641,6,639,0.06015582695787922,False,True,False
2613804,1,2611.177124,8348.174101,72928.43305,5,670,0.035804651420520264,True,False,False
1162580,0,2332.452776,3350.87299,50503.95195,5,637,0.04618356952163226,True,False,False
4853390,1,2410.350638,5285.055024,61260.64651,4,623,0.039345824363876764,True,False,False
1795927,1,6428.623893,8201.759687,101770.762,7,688,0.06316768948826383,False,True,False
6470207,1,3241.447256,8904.416119,74355.60049,6,543,0.04359385486283496,False,True,False
3674292,2,3286.719346,7364.816567,58536.98205,7,734,0.05614774166513423,False,True,False
3361151,0,3822.901951,4947.141259,68962.71812,4,565,0.05543432821699226,True,False,False
2334978,0,3893.278443,2127.013367,63636.94954,4,557,0.061179526535174646,True,False,False
1826536,2,3947.876529,12623.16107,80538.81773,7,697,0.049018307448154295,False,True,False
5584364,0,4785.102764,4986.506656,66640.47583,3,624,0.07180475085752401,True,False,False
5781133,0,4040.086678,3963.591121,58096.9863,6,749,0.06954038299229301,False,True,False
2200372,0,7508.169377,6869.840265,108554.2366,4,617,0.069165143730558,True,False,False
7378076,2,2643.951504,5464.146304,46824.59294,8,616,0.056465018444215864,False,True,False
1616843,1,2727.900991,6537.396592,59098.68241,7,598,0.046158406241192544,False,True,False
1544553,0,2570.765532,1492.609101,64755.3504,6,699,0.039699662130158124,False,True,False
2339209,0,4392.550901,2947.641352,66911.88504,4,742,0.06564679650519677,True,False,False
7200052,0,3150.269153,4460.528574,62414.91922,6,641,0.050473014983740294,False,True,False
2406537,4,3754.195329,19607.0135,88303.23141,6,692,0.042514812527855605,False,True,False
7966625,1,3479.722888,11351.81012,83228.34093,3,706,0.041809350626448916,True,False,False
5565965,0,3598.003891,1641.052144,56267.53514,5,583,0.06394457980161666,True,False,False
1907350,1,3074.085278,8558.914095,86768.0682,5,587,0.0354287624672506,True,False,False
5629989,1,2761.080464,5896.503789,60101.28439,6,688,0.04594045688080844,False,True,False
2539014,0,1237.522722,1821.57224,22962.01305,3,578,0.05389434799576511,True,False,False
3430867,0,2540.831782,3533.193578,47677.01097,6,652,0.0532925980531535,False,True,False
4201280,0,3461.356924,3168.421472,65649.52833,5,564,0.05272477978213069,True,False,False
5209214,1,3451.888269,6326.445803,64106.88158,6,517,0.05384583033714303,False,True,False
3206041,1,2721.954676,7061.639563,62981.52018,5,672,0.043218307024357375,True,False,False
1120866,0,3722.305935,4063.875878,65521.61224,5,669,0.056810353221552534,True,False,False
2542510,3,4423.176239,15960.80903,71290.43771,4,646,0.062044453380871244,True,False,False
2051037,2,2533.028313,7014.620341,64413.70169,8,660,0.03932437115926911,False,True,False
1268567,0,2621.393717,1866.323092,58666.32368,5,576,0.04468310868256539,True,False,False
1026773,2,3856.497956,14777.14089,92747.01646,4,669,0.04158083034038333,True,False,False
1846093,0,3666.260675,5253.541285,71090.00247,5,622,0.051572099417877534,True,False,False
4226325,0,2933.095187,2752.932095,45288.6718,2,572,0.06476443380704311,False,False,False
5495738,1,6938.311053,8843.619185,91677.98834,7,776,0.0756813186963522,False,True,False
3747842,0,6198.634889,2085.054941,89807.7372,5,583,0.06902116768843386,True,False,False
2524943,0,5490.784416,4982.280455,74090.63733,4,622,0.07410901854635188,True,False,False
5927005,0,3486.671097,4584.840503,53897.66853,3,698,0.0646905736759148,True,False,False
3410829,1,4321.062798,9691.478715,80291.2004,6,695,0.05381738940846623,False,True,False
8699277,1,3668.609491,7055.175713,58730.95957,5,703,0.062464661191640736,True,False,False
2189899,2,4724.796201,14109.89347,88653.23475,5,747,0.053295248778274275,True,False,False
3080330,1,4152.31042,8631.691612,80504.58323,5,627,0.05157855929937468,True,False,False
5121090,1,2251.789868,3616.336518,55133.3024,7,690,0.040842644463104025,False,True,False
5235766,0,5146.314174,1891.198777,63033.78393,3,616,0.08164374487996885,True,False,False
3599219,0,6476.625689,6388.951734,77258.75207,4,646,0.08383031715464259,True,False,False
8293844,1,3452.007444,4079.016031,61690.40186,6,560,0.05595696153566927,False,True,False
5805135,0,3765.302218,4104.705296,61213.55762,3,598,0.06151091954782549,True,False,False
6579597,0,3709.566532,6162.933836,69042.6923,5,677,0.05372859036089472,True,False,False
2408485,1,3724.579844,5868.378388,63108.73672,5,653,0.059018450337948704,True,False,False
1363866,0,3889.174254,3088.913006,65445.15951,3,677,0.05942646153082927,True,False,False
5974112,0,2506.930928,4727.998412,61656.33872,4,699,0.04065974367022876,True,False,False
7524057,2,4043.693341,9361.613043,79038.86957,8,665,0.05116081951828452,False,True,False
5343398,1,2633.902843,5039.946617,49576.67333,6,629,0.0531278657095002,False,True,False
2047949,0,4149.808716,2190.270127,70979.26959,5,713,0.05846508057874761,True,False,False
4208166,1,1073.677507,2721.019708,29891.69639,7,650,0.035918921863504184,False,True,False
4917015,1,3026.704351,8609.634544,69734.85729,6,724,0.04340303355627617,False,True,False
2424867,1,4260.778309,6653.878727,62340.74779,6,699,0.06834660250391585,False,True,False
3955016,3,2921.06412,10396.04201,49448.97243,5,551,0.059072291626182126,True,False,False
3667684,0,4695.228454,6794.118433,74982.52373,3,656,0.06261763702308504,True,False,False
3070644,1,3478.038495,7518.550587,66342.05018,5,680,0.052425851862632315,True,False,False
1583340,3,2653.648082,8776.687841,47112.84383,3,683,0.056325364089149704,True,False,False
7099230,0,6024.868822,990.2636594,99026.36594,2,623,0.06084105747807068,False,False,False
1453920,3,3324.146012,11604.85024,64308.36612,5,546,0.05169072412440262,True,False,False
3465582,0,3480.248736,5225.467493,54702.68846,4,710,0.06362116440666069,True,False,False
6031983,0,2997.795722,4943.259252,53606.80963,3,657,0.05592192004506722,True,False,False
6979004,0,4085.634878,820.6393796,82063.93796,4,557,0.04978599589007586,True,False,False
7402587,0,4545.966006,6233.40074,87671.10616,5,665,0.0518524997015961,True,False,False
7165812,3,6376.349348,18845.49642,94823.91138,3,704,0.06724410810736585,True,False,False
4901556,1,2833.868656,9089.344527,85814.07533,6,668,0.03302335479468016,False,True,False
6404536,0,2729.061195,1377.804575,57374.54841,5,593,0.047565711114587926,True,False,False
6937403,2,6543.479432,14921.97177,90739.89629,2,612,0.0721124852411929,False,False,False
5227797,0,3052.271642,583.8761291,58387.61291,3,694,0.05227601352199209,True,False,False
5160071,0,3763.409802,4134.737133,80636.13312,6,824,0.046671506387830124,False,True,False
7911292,1,4707.06335,7688.834155,72125.25052,3,629,0.06526235009325553,True,False,False
1228057,0,3627.632765,4044.241976,54392.77104,5,709,0.06669328838444852,True,False,False
2294318,0,3174.621278,2847.583882,61732.56397,7,670,0.05142539162220383,False,True,False
4314792,1,4388.182447,7247.738666,73229.46123,7,662,0.059923729784349254,False,True,False
7096573,0,4156.679723,758.6225733,60969.80217,3,612,0.06817604084412268,True,False,False
7933269,0,4473.904993,6113.26483,100004.1283,6,743,0.044737203044046735,False,True,False
3164526,2,3772.533499,8905.236012,65929.9009,5,660,0.05722037266098788,True,False,False
4841519,3,4580.326244,19090.83061,98022.9034,5,620,0.04672710239268428,True,False,False
7505000,0,5164.704429,843.8066465,84380.66465,3,600,0.06120720250809259,True,False,False
7121714,1,5417.279327,7391.886571,82768.89299,5,763,0.06545066789348636,True,False,False
7210676,1,3261.040555,5758.737694,48226.64945,5,721,0.06761905693616457,True,False,False
4963164,3,3518.762182,13286.8404,66812.45997,5,627,0.05266625691644924,True,False,False
2106773,0,6064.400513,1144.970524,114497.0524,8,677,0.05296556012476003,False,True,False
8825751,1,3245.491353,5202.832746,59268.52981,6,639,0.054759100038489716,False,True,False
2341219,0,4359.057097,4219.333718,56745.03143,3,631,0.07681830438982629,True,False,False
5769439,1,5881.234508,5464.947261,78777.87846,5,635,0.07465591385513429,True,False,False
1247439,0,4604.294571,673.2151901,67321.51901,2,575,0.06839261262533416,False,False,False
2586208,0,4329.363796,2994.513111,66880.90379,3,648,0.06473243557823039,True,False,False
5443098,0,4147.985276,2394.397373,63481.8097,4,733,0.06534132053894488,True,False,False
8010926,0,6148.494512,843.3674406,84336.74406,5,720,0.07290410105974394,True,False,False
8796051,0,4368.482444,2388.244317,63181.54626,3,597,0.06914174632610519,True,False,False
8924809,2,2616.30064,7064.205936,59894.44433,7,705,0.043681858463950125,False,True,False
3982845,2,5455.899885,12380.12163,75891.5819,4,668,0.07189071236107676,True,False,False
1993932,2,2307.732718,4559.616112,39049.97734,5,678,0.059096902871595886,True,False,False
8992133,1,5148.565234,9298.490404,95639.86316,5,596,0.053832837729877826,True,False,False
4771847,0,2322.566167,2660.359713,32443.67978,5,624,0.07158763071110548,True,False,False
1581479,1,4367.232816,8294.719869,73556.59931,5,683,0.05937241331120477,True,False,False
4014630,0,4868.117604,4854.936364,66648.88482,4,679,0.07304124618359968,True,False,False
3406418,1,4900.907146,7780.101504,91978.00674,6,606,0.05328346764301711,False,True,False
5596504,0,2455.995343,3533.15831,41355.6642,5,625,0.0593871574912343,True,False,False
6055644,0,4140.176184,5127.657972,79544.79099,4,598,0.05204836334940504,True,False,False
7922212,0,3377.685758,2331.390836,53512.6261,3,569,0.06311941693326839,True,False,False
4272328,0,5403.527838,950.8714949,95087.14949,8,582,0.05682710930953158,False,True,False
6661350,0,4237.871403,4098.605596,73291.1634,2,690,0.0578224059546038,False,False,False
5241603,0,6285.715376,3617.73958,102593.6066,4,598,0.06126810026776074,True,False,False
1704411,0,4434.053939,2723.380616,70749.28175,2,627,0.06267277673105141,False,False,False
7252012,1,4737.87688,9506.438906,82540.94232,5,668,0.05740032457627992,True,False,False
5782321,1,3551.715687,9840.839819,73915.32743,4,690,0.048051139195230914,True,False,False
6276803,1,1783.29698,3500.579534,41413.20125,6,662,0.0430610753618087,False,True,False
5490874,2,5759.364422,10893.48304,81368.81819,3,551,0.0707809766703458,True,False,False
5457935,0,1213.399768,2390.152659,26386.55921,3,561,0.04598552461285459,True,False,False
3392817,1,4303.567189,9689.864564,82028.55478,5,656,0.052464257118050375,True,False,False
1595432,1,4686.365599,8431.710209,78907.37021,6,635,0.059390720873448814,False,True,False
3493642,1,4190.576615,5317.433246,58523.17772,6,541,0.07160541819942719,False,True,False
1630474,2,4918.906884,10567.93363,69760.91919,4,707,0.07051092418382453,True,False,False
2199041,2,2921.510404,4603.476091,46441.23625,8,713,0.06290767946557409,False,True,False
1112843,0,3076.339537,6931.290683,85854.77944,5,646,0.035831896104862905,True,False,False
2761385,1,3129.578933,7463.773017,56593.67421,4,628,0.055299094407392425,True,False,False
3829194,0,1842.146583,1761.747368,34079.15972,1,636,0.054054929702943975,False,False,False
5517394,0,2449.386856,1360.932133,55273.10019,6,635,0.04431426584686384,False,True,False
6048680,2,3080.127733,7832.558514,55664.54023,7,636,0.05533374964157141,False,True,False
5019929,0,3749.879529,2697.968628,63289.99029,5,578,0.05924917213318788,True,False,False
1249179,1,2072.501839,2876.891483,34894.04365,5,602,0.05939414359046347,True,False,False
5748621,1,6297.774637,8063.746673,81788.27095,5,703,0.07700095091691139,True,False,False
5120838,0,2744.111896,494.3763363,49437.63363,5,586,0.05550653812715672,True,False,False
8486662,1,4955.93314,5559.627352,74547.09614,6,750,0.06648056593234325,False,True,False
7859373,0,4768.878342,8268.499863,108226.8851,3,591,0.04406371242777272,True,False,False
5567448,0,4509.720845,6913.974978,83146.48342,3,583,0.05423826311715348,True,False,False
2158294,1,2492.888156,4850.735659,62148.53463,7,690,0.040111776904175736,False,True,False
3292947,1,4261.748114,6482.603074,67145.62884,6,609,0.06347022416239835,False,True,False
1556164,1,7050.471716,12388.95544,114361.1659,5,742,0.06165092547381942,True,False,False
5172909,0,4478.344597,5489.653904,79413.84906,3,547,0.05639248884179447,True,False,False
8706565,0,3895.781845,4388.787499,73861.99562,4,644,0.052744064282296735,True,False,False
5779794,1,6379.777351,10695.72423,91685.98505,5,668,0.06958290678254538,True,False,False
1531319,0,4470.058128,4140.691678,83512.37448,5,697,0.053525697908044914,True,False,False
1091427,0,2455.420022,4050.444541,51532.49128,7,620,0.04764799762267577,False,True,False
7772698,1,3814.162931,6141.232793,67450.1106,5,672,0.05654791218385341,True,False,False
5977314,1,1972.702772,4508.558796,47020.67268,7,622,0.041953946202030384,False,True,False
5973127,0,3463.680585,4810.319858,51148.80896,3,669,0.0677177172924732,True,False,False
6534250,0,2638.992664,5598.084048,66564.04361,4,641,0.0396459187404826,True,False,False
5777754,3,2479.165415,11749.26667,67723.80011,7,694,0.03660700390369751,False,True,False
5690786,1,2784.125847,6149.993206,52265.42844,5,653,0.05326897588137325,True,False,False
8016282,3,6069.259841,15621.68202,76636.6377,5,688,0.07919527817437115,True,False,False
7867355,0,6001.644216,1775.810753,77526.99009,2,588,0.07741361052496394,False,False,False
4751873,3,4094.292464,13076.96778,59281.23456,5,618,0.06906557352236087,True,False,False
7073171,1,2998.071151,5027.76449,43588.11689,5,666,0.0687818461753235,True,False,False
5634203,0,7442.89562,8539.721527,132397.8103,5,701,0.056216153447969826,True,False,False
2552078,0,5427.680397,7541.800226,96338.40587,4,648,0.0563397364528137,True,False,False
1343564,0,5569.977568,5148.833558,94631.3467,6,620,0.058859751680993465,False,True,False
1318015,1,3646.526394,9055.105274,75363.09995,5,752,0.04838609871965597,True,False,False
3583335,2,2799.034718,6048.632159,48410.94056,7,726,0.05781822632697884,False,True,False
4989790,1,3542.243716,7175.148875,62146.36739,5,643,0.05699840336234977,True,False,False
1799243,1,4246.180049,8891.224483,67150.19976,3,615,0.06323406429431595,True,False,False
3207446,0,4288.819046,1768.515472,74554.87266,3,593,0.057525670596457565,True,False,False
4649629,2,3871.471552,7785.426754,61764.49838,7,620,0.06268117856606156,False,True,False
4171877,2,2598.349177,8474.581336,52339.08976,3,581,0.04964452360395807,True,False,False
3325845,1,3202.659639,6195.493535,66039.63834,5,626,0.048496020261518585,True,False,False
3159001,1,6441.971637,9959.012799,99963.86494,5,670,0.0644430028877593,True,False,False
4572942,0,5463.745484,5861.404612,73732.0226,3,621,0.07410274791512365,True,False,False
3107585,0,3508.661245,5837.551942,65491.8055,5,575,0.05357404973359606,True,False,False
8779087,0,4273.884287,4404.220342,77105.27376,4,619,0.05542920838726298,True,False,False
2868834,1,3917.43638,6769.518364,79949.53863,5,657,0.048998861621073,True,False,False
1460943,0,5189.324227,3875.275659,76839.56893,2,599,0.06753453070158967,False,False,False
1799861,0,2528.033133,2129.20925,43442.20361,5,728,0.05819302252011152,True,False,False
8324528,2,3325.493923,7960.217772,55825.57817,5,604,0.059569359279597764,True,False,False
5239709,1,1922.107037,5504.450441,51784.45924,5,604,0.03711744923494928,True,False,False
4463455,0,3334.820894,3726.159616,81981.66816,6,656,0.04067764134161771,False,True,False
2983510,0,6543.813022,5001.476376,78779.19048,3,642,0.08306524834957912,True,False,False
7562207,0,4379.697162,2239.43076,62417.94514,6,549,0.07016727564767762,False,True,False
5219766,1,6605.685327,13085.73352,84427.7947,3,684,0.07824064753168307,True,False,False
1241934,1,3648.185811,5808.533241,60044.06252,7,660,0.06075847732296312,False,True,False
8469937,0,2097.586025,3322.586398,38791.1347,5,626,0.05407385066774033,True,False,False
5672023,0,4396.170829,5423.402521,58625.66513,3,635,0.07498713778771927,True,False,False
6627836,1,2563.213887,6227.430305,51195.91541,7,647,0.050066765414244985,False,True,False
7732362,0,5772.590606,2566.941423,101578.8005,5,734,0.05682869434946714,True,False,False
2457093,1,4603.603366,10877.05806,94576.41008,6,600,0.04867602145298091,False,True,False
1096072,3,3446.291496,8595.315399,52580.51806,5,699,0.06554312553686542,True,False,False
5930494,1,2817.744888,3513.984114,40718.92724,5,597,0.06919988022749296,True,False,False
5772874,0,4680.037534,5271.051075,67902.08815,4,694,0.06892332270638721,True,False,False
1158825,2,4021.276773,5662.099417,57049.10329,7,684,0.07048799264308296,False,True,False
5174100,1,2370.08143,4519.240637,35991.41852,5,671,0.06585129254305368,True,False,False
7362864,2,2937.878102,5093.558864,57894.37634,8,724,0.05074548320110637,False,True,False
7701009,0,4811.130871,7904.40721,83253.78467,3,665,0.057788734651166705,True,False,False
8132879,3,3973.77031,14537.89844,68882.51036,5,682,0.0576891040879887,True,False,False
2528138,2,3021.756517,15487.70684,94904.30991,6,581,0.03184003466086633,False,True,False
5659472,0,5241.05124,6831.49655,71128.03377,4,634,0.07368474794266762,True,False,False
2993046,0,3066.012991,4088.40891,62090.43416,3,619,0.049379796300010284,True,False,False
5857746,1,1964.556935,4657.518416,44751.78802,6,617,0.043898959615245335,False,True,False
2235390,0,3062.964065,3453.670926,91550.24254,4,657,0.03345664609967291,True,False,False
2206905,0,5387.110265,3978.607758,90629.31619,3,649,0.05944114433905893,True,False,False
8616767,1,2673.978456,5316.834081,54759.41418,7,653,0.04883139266629751,False,True,False
5136527,0,3514.858643,5565.636504,59009.57305,4,581,0.05956421070902834,True,False,False
1043679,0,6702.56419,883.9831489,88398.31489,4,699,0.07582230722769381,True,False,False
7425321,1,2417.495389,6451.060665,61034.7163,6,603,0.039608529957236814,False,True,False
5760336,0,4332.806315,6792.335215,64865.39745,3,616,0.06679688224125728,True,False,False
7105733,0,2600.617594,434.2681655,43426.81655,3,672,0.05988506182592838,True,False,False
5251116,0,938.0136666,837.9175574,13161.34466,5,672,0.07127035199152668,True,False,False
2124897,3,3384.461276,8466.4857,51868.06229,5,564,0.06525135365722952,True,False,False
4156690,1,3570.72306,5986.405959,56850.01399,5,664,0.06280953705003653,True,False,False
4699594,1,3310.526986,4300.51029,56502.05664,7,674,0.05859126521876638,False,True,False
1439990,0,2031.704386,1988.130703,29863.23692,5,787,0.06803362915556309,True,False,False
7541568,0,1400.97588,1386.492713,18250.66154,3,631,0.07676301907903334,True,False,False
5474107,1,4582.493503,8543.03153,85460.68277,5,606,0.05362107292464356,True,False,False
1505464,1,5833.579663,8667.518031,86720.84841,5,669,0.06726848007090433,True,False,False
6077131,1,4039.261018,8923.309898,75535.88899,6,662,0.05347472667641136,False,True,False
4536502,1,4079.850353,4133.20063,51981.98545,6,683,0.07848585077467447,False,True,False
7745906,0,3444.9146,1457.052716,55856.2117,4,649,0.06167469105320653,True,False,False
7905517,1,1866.959885,4665.242815,56318.25122,6,610,0.033150175024202394,False,True,False
2888674,0,4738.252826,6198.4437,79998.16303,4,665,0.05922952036065021,True,False,False
4495129,0,2307.63521,830.6012076,45749.36028,7,623,0.05044081919127547,False,True,False
2710087,0,5197.629336,5718.087858,75823.18402,5,588,0.06854934151313156,True,False,False
4142799,1,3669.057993,7194.45165,64487.8944,7,655,0.056895298367812736,False,True,False
8215007,1,2786.896539,8267.909213,78945.05344,5,611,0.035301724649766726,True,False,False
1441543,0,5709.23864,6655.918366,78920.12244,6,695,0.07234198913389318,False,True,False
1338136,1,4041.183055,8598.916057,85672.0189,6,704,0.047170395969272534,False,True,False
1945630,0,3482.90016,3767.441303,56582.20927,4,691,0.06155468662208354,True,False,False
7152659,1,6676.954767,8537.371564,86174.46842,5,709,0.07748182134942376,True,False,False
2102630,0,4813.513711,6883.945279,88112.29878,6,684,0.054629305756945995,False,True,False
1923323,1,1387.969284,2621.879298,22605.12966,6,660,0.06140063361176049,False,True,False
8712609,1,6647.710613,7530.910491,98989.86242,4,644,0.067155468756939,True,False,False
7004728,0,3512.232514,2992.206449,44206.71641,4,639,0.07945020121886949,True,False,False
7679626,1,5113.875259,7676.715672,90110.09227,5,633,0.056751415187514385,True,False,False
3654145,3,3494.326472,10168.24096,56635.46893,6,602,0.06169855283301174,False,True,False
1334746,2,3818.790657,10672.82587,77316.63523,8,655,0.04939157848294791,False,True,False
4104978,1,2898.910063,4606.377405,46309.25034,4,617,0.0625989417171809,True,False,False
2015765,0,4110.020139,3762.008274,73581.94296,8,777,0.055856368745715985,False,True,False
2670647,0,3457.193148,4388.657881,70572.15059,5,583,0.04898806567600733,True,False,False
8462888,2,2498.191999,6168.107169,44851.94059,3,576,0.05569863792152143,True,False,False
8628420,0,5111.442746,3893.298071,65716.76316,4,615,0.0777798920734306,True,False,False
2413817,3,3778.097535,12780.77159,62607.96343,5,666,0.06034531915774855,True,False,False
8379120,2,2753.280073,6710.976641,49922.61799,5,605,0.055150955295483695,True,False,False
8013950,1,3646.612648,6016.923961,78104.66455,9,598,0.04668879469632137,False,True,False
7079718,0,5310.172071,4400.741915,73708.56627,4,662,0.07204280777282307,True,False,False
6220003,0,3779.42523,904.4940614,62517.06306,2,766,0.06045429911467117,False,False,False
3175998,1,4120.605738,8255.551696,88115.23073,5,662,0.04676383076866966,True,False,False
8390391,3,1931.097069,7772.273011,36881.65421,5,555,0.05235928567641109,True,False,False
7060520,1,3129.304066,6304.14509,63941.2829,5,641,0.04894027651734839,True,False,False
4351916,1,2905.259997,5615.088147,47452.68166,6,544,0.06122435856873763,False,True,False
6190288,1,3352.081858,5397.972388,58892.19432,5,738,0.056918949899980566,True,False,False
3402217,1,2009.800876,2930.589277,31270.28311,5,602,0.06427191173581927,True,False,False
2473201,0,3635.971938,4938.572578,54056.92022,4,563,0.06726191435254504,True,False,False
3566362,0,3350.277784,5408.704455,66998.94897,4,543,0.05000493045794118,True,False,False
8696674,0,4469.333639,4501.429489,72356.60588,6,597,0.061768149357533136,False,True,False
6805672,0,1833.809191,436.8332207,36810.2881,4,640,0.049817844022796445,True,False,False
3467959,0,3582.616291,3906.72546,70301.90768,6,564,0.05096044203106608,False,True,False
5688804,1,4207.163534,5045.09356,55279.12395,6,678,0.07610763762836369,False,True,False
6489101,0,3072.072123,6219.588634,59015.2295,3,592,0.05205558207648756,True,False,False
4898185,0,2607.264528,1277.611615,39003.60309,1,627,0.06684676084883215,False,False,False
1993510,1,3525.301335,8464.17881,67248.50188,5,700,0.05242200549375272,True,False,False
4555117,1,3847.370018,5766.426926,65458.6085,4,669,0.05877561570836019,True,False,False
5179514,0,5420.379794,3434.577564,78135.3344,4,563,0.0693716848545285,True,False,False
5773869,0,4105.612488,6572.384556,81302.87422,3,576,0.05049775333760642,True,False,False
5339334,1,4992.069842,7042.977606,119734.0804,8,727,0.041692973506981555,False,True,False
8759358,2,4784.129283,9097.04171,75518.82694,7,718,0.06335015355576179,False,True,False
2973653,0,2932.332711,3508.866025,64610.06292,7,689,0.04538507747052973,False,True,False
2750322,0,3058.794287,5876.432419,67273.43407,5,633,0.04546808601768767,True,False,False
2668301,0,4437.674652,3868.291194,64836.4638,6,601,0.06844411912544804,False,True,False
3253127,1,1830.698352,5340.366775,51808.95919,5,611,0.035335555483487796,True,False,False
2988485,0,5845.33447,2779.787573,105161.2637,5,646,0.055584482958243496,True,False,False
4567220,1,5086.040826,9348.18824,87555.17504,7,664,0.058089551230711585,False,True,False
2120335,1,2846.161242,7156.963722,73549.16213,5,590,0.03869739857769336,True,False,False
5825288,1,4543.089872,7879.512022,72670.0585,6,567,0.06251666732867704,False,True,False
6417899,1,4665.916576,10475.16741,90946.15902,5,725,0.05130416310351178,True,False,False
5341445,2,4073.912271,11651.40806,79728.43354,5,548,0.05109735749362373,True,False,False
6808482,0,4270.700156,668.4091898,66840.91898,5,705,0.06389349849121419,True,False,False
5247171,0,3931.279915,4855.824046,68704.04986,5,674,0.05722049752541327,True,False,False
6620420,0,2886.126559,5083.890754,63053.82913,3,601,0.04577242332181896,True,False,False
7809785,2,4123.835812,9108.77319,66902.78477,5,668,0.06163922512608439,True,False,False
8664540,0,5458.843604,6475.293708,95978.17894,5,703,0.0568758822504077,True,False,False
7307855,1,5049.731936,8970.784691,75376.07328,5,706,0.06699383128173482,True,False,False
1428676,0,5476.833238,8588.174021,90775.10434,4,641,0.0603340891516512,True,False,False
3958975,0,4207.31139,7169.086594,75743.43592,4,647,0.055546877942581716,True,False,False
4273780,1,7668.232088,16514.57942,127141.0665,3,618,0.060312787198461955,True,False,False
1067606,1,2718.783576,7146.163092,65721.47837,6,569,0.04136826564816058,False,True,False
2741329,0,5643.354884,6429.433015,87247.72972,6,798,0.06468196825419929,False,True,False
1237229,3,6670.650548,17780.99703,92157.14643,5,664,0.07238343206586632,True,False,False
5924095,1,3767.426403,7701.308066,64536.31243,4,639,0.058376846478273445,True,False,False
6814127,0,4179.752421,6675.495541,80968.04363,3,709,0.05162224790931385,True,False,False
1745504,0,3788.258635,6870.009677,75869.91573,3,592,0.04993097196102554,True,False,False
7713250,1,2717.14864,5098.136921,68292.86853,8,611,0.03978671124066781,False,True,False
7180778,1,3339.240206,5591.760841,71384.31337,7,584,0.046778347347715056,False,True,False
2553234,0,2699.789507,680.4998763,41406.15383,7,774,0.06520261500463058,False,True,False
8160937,0,5950.489796,1176.60032,117660.032,5,598,0.05057358641547879,True,False,False
5802770,1,4068.47203,5156.094634,60831.58204,7,677,0.06688091766748337,False,True,False
8520529,0,3034.730521,666.232901,66623.2901,4,703,0.04555059524146797,True,False,False
4424285,2,2845.002894,6870.954791,62328.25136,10,826,0.045645479087286236,False,True,False
4963086,2,5631.561247,12406.26682,91218.27891,4,643,0.061737201296643056,True,False,False
7904198,3,4710.804621,17351.37763,85874.1759,6,666,0.0548570576850217,False,True,False
8386172,1,3773.4134,7364.827796,68161.45033,3,634,0.055359934123044935,True,False,False
1671394,0,6985.833862,6472.158241,111432.0045,5,562,0.06269144931337926,True,False,False
7669414,1,2093.516255,3326.732631,40818.09587,6,767,0.05128892493338152,False,True,False
5328237,2,3325.686655,13134.21962,86012.03221,4,626,0.038665365409344975,True,False,False
7890012,1,5207.648647,8965.955823,87991.7105,5,697,0.05918340054316821,True,False,False
7887854,1,4175.079243,5158.531566,74351.629,8,741,0.05615316435097878,False,True,False
8604486,0,4653.707203,8587.562872,97088.59165,4,680,0.047932585321418655,True,False,False
1698232,1,3818.786787,5686.474839,78983.68832,4,670,0.048349056219409534,True,False,False
7085404,1,4875.550706,12202.17725,101468.062,5,699,0.048050101774881636,True,False,False
1276156,1,3106.504103,4310.415509,59047.70868,7,693,0.05261007027106204,False,True,False
2135208,1,3175.06035,6624.527608,54620.12426,5,718,0.05812986317801541,True,False,False
2368541,0,6586.26349,3519.358994,90328.4613,3,655,0.07291459851314881,True,False,False
5669095,1,6407.579388,10073.48315,102846.4153,7,665,0.06230240858963609,False,True,False
7941323,1,6502.3855,14372.90018,118402.2247,5,685,0.0549177645646045,True,False,False
6029406,1,3154.051769,4167.046188,50847.19981,6,654,0.0620299993074486,False,True,False
6453442,1,3896.932956,10622.03547,82393.55891,5,672,0.04729657278497572,True,False,False
1610113,2,3155.340972,8178.76923,58665.26999,8,680,0.05378550158446138,False,True,False
4887683,1,5554.503688,8934.429848,100673.2837,7,614,0.055173562278469715,False,True,False
2133603,1,3796.886788,5416.71436,61994.50327,5,641,0.061245539325699636,True,False,False
2901282,1,3648.550728,6079.375882,72185.95007,5,602,0.05054377928754744,True,False,False
8637170,1,1961.829805,3901.417913,44680.88733,8,641,0.043907583806706826,False,True,False
2156660,0,3320.649792,5415.115409,61931.16045,4,696,0.05361840094504478,True,False,False
3761693,1,4717.180605,8146.305649,83945.07223,6,675,0.05619365711039545,False,True,False
6552907,0,3285.841537,4459.926443,66382.17214,4,596,0.04949885535637732,True,False,False
2520462,2,3746.661062,10541.46215,73473.0002,8,668,0.05099371268086587,False,True,False
4659669,0,4369.409396,3976.090168,62575.20882,2,673,0.06982652520695176,False,False,False
3890523,0,5323.619258,4542.948078,71674.60789,3,566,0.07427482918595427,True,False,False
7342357,0,4065.321751,1783.195152,70042.40812,6,623,0.05804086210221523,False,True,False
8030352,0,4903.960705,2018.670418,68686.64063,5,706,0.07139613555154882,True,False,False
7163701,1,4259.988064,6370.040864,59998.8787,3,679,0.07100112795941302,True,False,False
8716365,0,2194.220989,2877.191768,34187.70353,3,640,0.06418158467633114,True,False,False
3396038,1,2805.944986,5576.142897,54790.32048,4,747,0.05121242149011062,True,False,False
3386790,0,3686.466194,564.6309724,56463.09724,4,615,0.06528983308036468,True,False,False
7463831,0,3928.799813,2929.216684,59258.86563,6,599,0.06629893723465122,False,True,False
8686940,0,6416.494774,2791.547162,111014.6034,6,713,0.05779865510918899,False,True,False
3117318,0,3158.126957,5544.150575,60847.20322,3,635,0.05190258203949706,True,False,False
2972452,0,4098.162285,6606.446672,67026.61825,2,653,0.0611423102044985,False,False,False
5528108,1,5980.287277,8157.247892,93582.14424,4,567,0.06390414886907277,True,False,False
3307867,0,2780.605491,2985.390985,44768.49337,6,697,0.06211076767804125,False,True,False
4710368,0,3647.460059,4426.076193,63680.59744,3,658,0.05727741581627976,True,False,False
2851592,0,3692.348062,6160.133457,74903.237,3,656,0.049294906467126386,True,False,False
6983699,0,3365.483255,6117.626564,77161.33593,4,627,0.04361618697287892,True,False,False
3632088,3,3592.64706,13832.80847,66806.85845,6,632,0.05377662029548704,False,True,False
7077965,0,2116.105555,1919.757599,40075.88012,6,598,0.0528024724263997,False,True,False
6005579,0,4627.837752,4287.330045,84531.71348,6,617,0.05474676380592871,False,True,False
3940986,3,3031.258775,9673.701299,61020.2975,8,613,0.04967623723892857,False,True,False
1282239,1,2606.534167,5889.347909,49871.14227,5,649,0.05226537930269067,True,False,False
1417858,0,4208.812928,4477.525874,66526.1558,5,677,0.06326553635014036,True,False,False
1190626,1,3971.903737,6724.472411,70100.72925,5,688,0.056659948897749876,True,False,False
2803107,1,3974.959831,7367.812492,69392.7163,8,615,0.05728209015216198,False,True,False
8081952,1,2318.533799,3953.867057,35303.43939,7,555,0.06567444529658899,False,True,False
1371123,0,2636.276195,1201.862489,57444.86187,3,569,0.0458922888693857,True,False,False
4530262,0,2724.627489,3226.609587,45611.22663,6,643,0.05973589596925953,False,True,False
6076443,0,2690.655757,3013.308852,40752.44533,3,602,0.06602440013628502,True,False,False
6681345,1,1425.795394,1967.951286,23404.70589,5,681,0.06091917585724466,True,False,False
8437174,0,4441.364812,7023.058322,89144.88123,5,489,0.04982187143803545,True,False,False
7601513,0,5709.434291,1555.976145,83540.16951,4,580,0.06834358039358016,True,False,False
4600673,0,4633.315679,5162.774107,67679.42076,6,671,0.06845974192702296,False,True,False
4288047,1,5194.376827,5853.507905,79110.23963,6,662,0.06565998094929548,False,True,False
4522401,1,5466.18106,9524.567752,82179.09703,5,659,0.06651546752825156,True,False,False
6570110,1,4538.277951,7615.504003,70736.66738,5,677,0.06415736164979617,True,False,False
5774117,0,1841.733652,2281.255688,36543.08959,3,639,0.050398958398525484,True,False,False
4475818,0,3284.222065,1807.951826,58733.76408,4,663,0.05591710520249701,True,False,False
3706147,3,3923.079458,11938.70407,73420.09953,7,708,0.05343331707684488,False,True,False
2033978,1,4061.070149,7396.947305,61831.98892,3,522,0.06567911238071816,True,False,False
3466847,0,3934.588934,5461.360199,62655.393,4,699,0.06279729079346769,True,False,False
5914745,0,3662.497101,3626.985473,48690.66727,3,562,0.07521969417035677,True,False,False
3691003,0,6877.688231,4691.568017,91666.15583,7,625,0.0750297442793942,False,True,False
5161449,0,2416.864951,2737.185994,35937.89586,2,675,0.06725115350145044,False,False,False
5497317,1,2832.459714,5352.14495,60029.40925,5,681,0.047184534203957705,True,False,False
4740616,1,2321.095209,7619.799706,65211.63133,7,726,0.03559327012161712,False,True,False
3799153,1,3456.143747,7042.430192,83812.83065,6,716,0.04123645174845315,False,True,False
5248571,1,3611.925564,6535.044769,51603.8687,5,747,0.06999330970702979,True,False,False
5281248,2,2371.010454,5194.795588,40131.12281,7,760,0.05908158775485804,False,True,False
8408315,1,3267.94952,5369.670168,53330.28316,7,688,0.061277558009500736,False,True,False
1130394,1,3422.320648,8924.312159,84264.25157,7,690,0.04061414638160062,False,True,False
7590477,0,4429.163156,2412.579464,59197.50458,6,668,0.07482009904681694,False,True,False
6367681,3,3203.874911,10616.44777,58048.28896,5,549,0.05519327043744099,True,False,False
6214473,0,4279.524788,4799.246335,58716.77917,3,581,0.07288418827622829,True,False,False
1805436,1,5031.316371,9096.782842,76126.50085,5,617,0.06609152285764097,True,False,False
7976577,0,3825.620676,5734.181218,67162.39892,5,673,0.05696075091893099,True,False,False
5596899,1,5394.55459,8647.071771,95327.43691,7,751,0.0565897370669168,False,True,False
2873120,0,2929.572785,2808.962077,48838.18951,4,575,0.059985286399696434,True,False,False
3162561,0,3488.54383,4995.33408,59436.23744,4,638,0.05869388743730007,True,False,False
7334762,2,6770.432791,13568.45132,94397.20899,5,713,0.07172280688634797,True,False,False
6474432,0,4088.998734,4745.023229,61984.85902,2,603,0.06596770241391765,False,False,False
1427083,1,5123.458796,9312.143189,79504.49426,5,673,0.06444237956215382,True,False,False
5218315,0,3722.703275,5300.532067,61368.58689,3,568,0.06066138172079393,True,False,False
6242167,1,2671.691153,3492.742678,40899.95096,6,689,0.0653226004014749,False,True,False
8943207,1,3722.056489,6122.425382,57143.59553,5,722,0.06513514689578723,True,False,False
8077968,2,5082.984103,12110.71156,78335.11054,5,638,0.06488768660643547,True,False,False
4516284,1,4971.133872,5398.59963,66691.2441,7,675,0.07453952822571502,False,True,False
6855647,1,5050.121922,9127.972294,97129.87374,6,705,0.051993498267261316,False,True,False
4467576,2,5149.749879,11248.29766,76558.43967,3,577,0.06726560652486714,True,False,False
3898892,0,1679.30792,1372.601161,30183.09443,5,660,0.055637367596440966,True,False,False
4891408,1,2047.814827,4388.332864,41987.88794,4,638,0.04877156073976127,True,False,False
6055178,0,3559.169518,3190.547368,73495.40398,4,662,0.048427103264423746,True,False,False
2670139,0,5291.255896,989.6716776,98967.16776,8,741,0.05346476024080574,False,True,False
4194676,1,7089.402378,9696.463943,98794.88759,2,556,0.07175879795947648,False,False,False
3129753,0,2859.136503,5402.73031,53683.00523,3,581,0.05325962081948071,True,False,False
4210256,0,5212.028681,2963.551549,74305.5556,6,692,0.07014318968365266,False,True,False
2081349,0,3911.921829,3617.612501,87548.79748,5,598,0.04468275911949168,True,False,False
1205410,0,4027.827362,654.6153125,65461.53125,5,617,0.06152968445876371,True,False,False
1859908,0,3494.431114,509.4812464,48767.38849,3,699,0.0716550798022853,True,False,False
3090794,1,3177.635691,3520.766801,52839.05906,8,625,0.06013800676109163,False,True,False
7814104,0,2130.744776,2260.426609,40854.25593,3,669,0.052154781123681083,True,False,False
5044067,1,3826.72993,4284.5969,58572.44071,7,616,0.06533328445277964,False,True,False
5133414,2,3720.669967,9457.835415,58931.57475,5,622,0.06313542413865328,True,False,False
2483066,1,1645.741726,3344.06227,37660.8669,7,663,0.04369898681222338,False,True,False
7539527,1,1527.037977,3035.981118,23914.81852,2,601,0.06385321200421971,False,False,False
7478819,1,2806.519326,4795.388109,45226.34842,5,644,0.062054961854026244,True,False,False
2609642,0,2315.041654,2704.433405,37296.34994,2,674,0.062071534016714565,False,False,False
2881170,0,3862.186199,5345.925381,69078.23592,3,555,0.05591031889512676,True,False,False
6267142,1,2038.021188,3755.543013,39823.17458,6,676,0.05117676351758092,False,True,False
1441359,0,4518.312199,6942.353608,84697.88202,6,553,0.05334622414682194,False,True,False
5018937,0,7083.784269,7606.396734,94736.88341,4,734,0.07477324579428024,True,False,False
4573203,3,5090.707964,14973.21465,77414.53794,7,748,0.06575906928418981,False,True,False
8923907,0,3260.725933,3749.09663,53740.64033,4,651,0.0606752341054586,True,False,False
5355365,3,4455.234024,10298.28888,63590.36483,4,613,0.07006146349231443,True,False,False
6667713,2,4990.433855,12556.30624,85839.59935,7,731,0.058136732845783023,False,True,False
4402831,1,5424.343413,7815.65847,73913.14556,3,619,0.07338807423094604,True,False,False
2360357,1,2730.172218,4015.958697,50767.13518,6,569,0.053778339240926225,False,True,False
1801641,0,3789.249497,5747.456404,70224.7368,5,688,0.0539588992379107,True,False,False
4418581,1,3024.212752,5310.597766,43268.89978,5,688,0.06989345158708817,True,False,False
7580420,2,4820.244423,9645.019927,75271.61396,5,642,0.0640380107375075,True,False,False
8456139,2,6466.644513,18278.58644,106855.4418,2,533,0.06051769010607376,False,False,False
3055921,3,5112.714379,16948.23898,94191.51796,3,650,0.05427998709152558,True,False,False
2773290,1,3863.387108,9501.898864,84122.71481,7,586,0.045925611372931385,False,True,False
4134624,0,5190.549673,1607.248931,70017.71075,2,603,0.07413195343579554,False,False,False
1844166,0,5635.403042,5895.365495,91726.84938,3,730,0.06143678846587241,True,False,False
7984444,0,3252.906352,3428.839287,69191.62324,5,483,0.04701300821801619,True,False,False
2900752,0,5094.151217,6016.098666,89662.77332,5,597,0.056814562257842954,True,False,False
8226449,0,4875.976629,912.1101742,91211.01742,6,588,0.05345819799978282,False,True,False
6271488,3,3451.518343,11274.84646,63972.0813,5,667,0.05395351023228316,True,False,False
7855141,1,3704.222902,11361.26736,91744.54508,4,671,0.040375402142655656,True,False,False
2184211,0,2898.122185,5091.662298,54459.31168,3,544,0.05321628378318865,True,False,False
8173081,1,2319.956966,5641.494013,45207.43242,6,760,0.05131804311393804,False,True,False
5504287,0,3408.374814,3132.067411,48558.71849,4,633,0.07019079003705396,True,False,False
3188112,0,4450.585341,3906.044046,81326.82297,6,688,0.05472469203231683,False,True,False
6617897,2,3765.904981,9724.065584,60380.57015,3,636,0.062369483621048584,True,False,False
3084726,0,3445.836358,709.7053323,70970.53323,5,608,0.04855305717984106,True,False,False
7502686,0,3425.694208,1337.64122,58745.32384,4,714,0.05831433013000818,True,False,False
3060237,1,3614.936993,13312.75693,90549.76751,4,636,0.03992210131959509,True,False,False
2048484,1,6482.911619,8807.117778,100449.9973,6,683,0.06453869381039795,False,True,False
4834812,2,5487.912686,12562.78728,75984.83015,3,600,0.0722237935541401,True,False,False
5542299,0,6495.310023,2729.068133,99472.96242,3,708,0.06529724122998527,True,False,False
7138546,0,4383.753338,4859.456962,70042.3368,7,666,0.06258719423535852,False,True,False
1943836,2,3518.114876,9828.221984,67312.54335,5,643,0.05226536839808772,True,False,False
3951192,2,2639.227765,4858.43098,37141.44102,9,748,0.07105884135133107,False,True,False
2322656,0,6226.330573,5879.439635,88271.65073,4,638,0.0705360160539506,True,False,False
3488389,0,2079.931492,477.884845,47788.4845,4,680,0.043523696425233994,True,False,False
4046354,2,3284.01998,11505.5591,86832.83069,8,648,0.037820026756057376,False,True,False
1699451,1,2947.693816,4190.79054,54694.32051,5,629,0.053893965379112084,True,False,False
4440192,0,3322.786696,711.0525615,71105.25615,4,709,0.04673053548939363,True,False,False
8409920,1,668.9224576,1498.441955,13926.97421,4,747,0.048030709866590617,True,False,False
5046778,1,3010.573308,7715.164793,73766.14561,8,649,0.040812398195736496,False,True,False
4869013,1,3602.624831,8093.654442,71691.39708,6,712,0.050251843006767646,False,True,False
6077689,1,5054.706383,6747.907306,105693.4624,8,685,0.04782421039316808,False,True,False
4437459,0,1712.912777,1209.698471,29131.6273,4,605,0.05879907632211126,True,False,False
7945788,2,4091.874208,11012.18391,67933.7192,8,708,0.06023333119674095,False,True,False
8570026,2,4937.457553,10762.76624,105078.1693,10,630,0.04698842381716295,False,True,False
5245050,2,4235.059487,7425.92885,69351.66736,7,671,0.06106644076797867,False,True,False
1118407,0,7598.35776,5667.183081,119103.1304,3,645,0.06379645719202692,True,False,False
1110849,0,5623.643374,5717.1426,79243.73999,3,677,0.07096640535529575,True,False,False
4941795,0,6582.603099,5442.820278,88714.63275,4,603,0.07419974467515338,True,False,False
5290974,1,2773.367161,3459.491604,43925.26109,5,592,0.06313831932193986,True,False,False
8477364,1,3939.795748,9154.684336,85187.42471,5,656,0.04624856029410541,True,False,False
8903789,0,3953.211571,4628.302328,84824.59893,5,636,0.04660454185303391,True,False,False
3370054,1,2336.711246,4100.750004,45959.47246,5,707,0.05084286483126443,True,False,False
1829483,1,5150.252929,12602.40773,101469.2857,6,612,0.0507567673653191,False,True,False
4025893,1,4512.650937,7823.754802,82643.52032,3,630,0.05460380825413513,True,False,False
2828511,1,5187.738505,8158.961361,86006.49274,5,675,0.060317986930157434,True,False,False
2870934,1,3179.875261,4262.140422,45342.97265,5,643,0.07012939547535377,True,False,False
4146554,0,4552.6952,7191.923415,85518.40773,5,703,0.053236435532965455,True,False,False
8952767,0,3310.669146,573.0069809,57300.69809,3,533,0.05777711714436812,True,False,False
3688398,3,3185.985487,8763.840522,48006.13662,5,692,0.06636621297437786,True,False,False
7049062,0,4026.402585,5125.225579,71949.84729,3,633,0.05596123878861397,True,False,False
4306866,1,3975.391078,7888.708304,66092.11362,5,731,0.06014925019430783,True,False,False
2951271,0,7870.565358,5059.104252,96649.44895,6,736,0.08143414622127547,False,True,False
3527501,0,3890.653284,4584.488921,64951.44479,4,557,0.05990095057283482,True,False,False
1325048,0,2486.821904,482.2519991,48225.19991,4,636,0.051566855267391666,True,False,False
2970079,2,3441.180535,11186.47973,75199.84462,6,713,0.04576047400614961,False,True,False
4113439,3,3390.867686,11225.03226,59513.81633,5,597,0.05697614260187706,True,False,False
6086282,1,4829.5021,7628.072197,69829.24487,5,626,0.069161597107215,True,False,False
8284349,0,5736.85832,8248.277917,94269.6399,4,632,0.0608558420938659,True,False,False
5419443,2,3302.13175,7733.960905,53336.19654,3,593,0.061911646578014505,True,False,False
4858520,1,3351.19059,5423.102904,52213.89093,5,670,0.06418197399792976,True,False,False
4145445,1,4670.013226,6781.772048,74359.00271,5,723,0.06280360219747762,True,False,False
3657269,4,3321.970482,15530.67872,68434.5626,6,711,0.04854229143564366,False,True,False
5894791,2,3247.885307,9108.562044,67805.7105,4,625,0.047899878683521795,True,False,False
1452089,1,5285.728876,8882.489105,89718.7271,7,621,0.05891444347074336,False,True,False
3541751,4,2172.278175,7242.658568,32861.24584,7,654,0.066104559321236,False,True,False
8373438,1,1447.351911,2685.834014,24328.43543,5,666,0.0594921903286569,True,False,False
5439707,0,6052.891195,3463.572239,100988.9601,6,655,0.05993616717120746,False,True,False
7850466,0,6371.209571,4505.509289,105929.9224,4,671,0.06014551343615447,True,False,False
7292848,1,3819.119581,5139.20902,67421.31276,5,679,0.0566455831940701,True,False,False
5802708,0,4804.134009,3507.089305,75908.75081,3,638,0.06328827648639315,True,False,False
3099315,0,2350.311791,2502.357742,46431.99217,2,791,0.050618370678451124,False,False,False
2618200,1,5095.591315,7952.747803,90796.9356,6,610,0.05612074109470276,False,True,False
8445699,1,6980.348803,7690.263731,81449.035,4,712,0.08570204426608614,True,False,False
5042655,1,4066.543758,4690.397428,66473.93637,6,608,0.06117501053894636,False,True,False
4168771,0,6267.988685,5396.157444,88878.79936,3,627,0.07052287756061784,True,False,False
4398790,0,3604.07616,4464.577603,54585.14936,4,631,0.06602667945873694,True,False,False
8248488,1,5380.598475,7063.290604,86151.16926,6,704,0.062455315710940824,False,True,False
7246490,0,3488.101593,2594.615683,58669.61027,3,712,0.05945329408100055,True,False,False
7358008,1,2031.263781,3725.694993,35685.35809,7,667,0.05692149076596249,False,True,False
8799516,1,2804.424887,6449.833246,57488.17344,6,672,0.048782640309957985,False,True,False
2794679,0,2961.088794,4483.533689,51591.04351,5,576,0.05739540417371177,True,False,False
8158933,0,5435.723313,4746.849035,79184.80734,5,622,0.06864603824393166,True,False,False
4526793,1,4892.724179,7944.065716,79863.38239,6,683,0.061263673445574436,False,True,False
5125072,3,3922.80811,17048.39384,83927.46542,4,646,0.04674045725519064,True,False,False
1919447,1,3292.745175,6396.53233,55232.20294,6,667,0.059616401297210325,False,True,False
3514390,0,4393.70835,2891.27095,50820.03378,5,652,0.08645622647596753,True,False,False
7529461,1,3031.369895,5278.515667,51085.36579,5,658,0.05933930095482242,True,False,False
1794775,0,7369.566361,6008.982041,100454.8152,4,677,0.07336200207354521,True,False,False
8708188,1,2766.225526,5140.376445,62250.72224,7,549,0.04443684228008083,False,True,False
4267324,1,5876.816909,11012.78109,102082.148,6,636,0.05756948716439627,False,True,False
6346270,0,3131.073371,1533.744082,56998.06403,1,600,0.054932977536781086,False,False,False
7135036,1,5198.281965,10314.74113,95579.49239,5,757,0.05438700117582828,True,False,False
4740793,0,7390.87706,4691.254498,88573.72583,5,719,0.08344322191193976,True,False,False
7943931,0,2170.622029,2018.936562,39082.97434,6,652,0.05553881365621775,False,True,False
4936052,0,4038.450543,670.530112,67053.0112,5,633,0.06022772834100552,True,False,False
8885142,0,2803.196448,2363.920661,45248.48836,2,669,0.06195116233933787,False,False,False
6554616,1,5214.879609,10094.5206,94448.40836,6,706,0.05521405494863333,False,True,False
2610586,1,6570.843397,9376.098807,92023.76273,3,695,0.07140376791893434,True,False,False
3388620,1,3921.391778,6271.861613,59171.03276,5,680,0.06627215370577216,True,False,False
1612849,0,4222.673829,907.8333618,90783.33618,5,669,0.04651375468982022,True,False,False
1945024,2,3092.225726,10725.88818,73876.50339,6,654,0.041856687635524546,False,True,False
2721623,0,3175.865888,3578.399513,48466.67143,4,685,0.06552680005242109,True,False,False
5627376,4,4524.685153,15769.59733,78829.16466,7,635,0.057398618550831164,False,True,False
5311299,2,2422.500999,6673.854912,55678.66621,5,553,0.04350860327478379,True,False,False
2713505,0,2389.46765,4577.710079,61818.83876,4,561,0.03865274239907123,True,False,False
7498382,1,3003.236462,3250.225966,46499.87385,6,709,0.06458590558090298,False,True,False
4529904,0,2979.485594,5964.402963,60680.19975,4,673,0.04910144670379073,True,False,False
6285860,1,4169.060241,7651.430298,70963.84183,8,659,0.05874907746662509,False,True,False
8570730,1,4733.545436,8362.280299,81271.28205,6,638,0.05824376479120647,False,True,False
1860190,0,4566.008115,3419.438842,84656.42946,6,758,0.053935751178325206,False,True,False
4697103,2,4550.634135,11307.69502,92583.00574,7,743,0.04915193775172416,False,True,False
4687990,1,3183.886743,5338.374247,50117.81543,5,662,0.06352804318550083,True,False,False
4624381,0,4262.764327,6651.147311,72306.77395,3,709,0.05895387242622238,True,False,False
6153765,0,1110.342822,1803.816589,16981.19772,1,548,0.06538660230616525,False,False,False
6268265,1,1902.408934,4082.017209,41215.64482,5,667,0.04615744682167028,True,False,False
5531030,0,4944.27399,4209.044189,112617.1475,4,560,0.043903385050664684,True,False,False
8779635,0,4467.725546,1056.9908,56669.95577,4,644,0.07883763954453497,True,False,False
6315009,1,2640.792465,5064.957871,49878.78861,6,566,0.05294419809687515,False,True,False
7323666,0,6075.687827,6912.559009,80002.32187,4,667,0.07594389368939448,True,False,False
8974444,1,3579.565976,6740.989655,60306.50988,6,701,0.059356211843841496,False,True,False
2676401,0,3450.949925,5202.150665,75959.53975,5,590,0.04543142225924295,True,False,False
8794097,0,5257.858945,7092.64284,83368.70369,3,683,0.06306753868395192,True,False,False
3676950,3,5330.398702,11705.34599,63410.51778,4,680,0.08406174383394224,True,False,False
8535742,0,2124.258728,409.5244951,40952.44951,5,684,0.05187134721895662,True,False,False
1758455,4,2118.993931,12488.7953,64868.83433,6,618,0.03266582408773184,False,True,False
2744876,0,5812.311187,7694.954836,88458.46193,4,739,0.06570667248995882,True,False,False
4869677,1,4227.519704,10929.75401,90206.35876,7,761,0.046864985596498765,False,True,False
1088189,0,1684.189781,2615.279553,33403.3988,4,557,0.05041971300836608,True,False,False
6174988,0,7072.066632,4247.958837,110356.9062,5,660,0.06408358910663264,True,False,False
5248959,2,4273.50063,8767.774306,83253.81008,7,686,0.051330991649433465,False,True,False
6614563,0,4180.606202,5003.899639,71683.14544,6,607,0.05832062999382802,False,True,False
6522091,2,3043.618275,6525.44048,46397.91049,6,722,0.06559817549663106,False,True,False
3746395,0,3774.124199,3464.641023,62234.18127,5,690,0.060643911785810176,True,False,False
1198894,0,3154.429126,2962.774855,48014.60233,5,617,0.06569728734437692,True,False,False
8722450,0,3907.671336,5195.340373,64692.36524,5,550,0.06040390270943199,True,False,False
4565324,0,3628.204518,3977.565255,57921.76398,3,608,0.06263974486779779,True,False,False
8104154,0,5477.469469,5897.413162,79172.28626,5,647,0.06918417703654678,True,False,False
5363478,2,6602.844651,15503.90413,81859.35494,2,640,0.0806608439052525,False,False,False
4265055,1,2517.673231,4410.39318,59243.88408,6,626,0.042496761819334115,False,True,False
6723793,1,5580.052396,10345.33502,88506.9423,6,790,0.06304649387938464,False,True,False
8844024,1,1512.985854,2682.939365,39804.72514,8,715,0.03801020729771581,False,True,False
2451165,3,6999.640199,17463.59153,102060.8335,7,655,0.06858302013573112,False,True,False
5516661,1,3886.500181,6163.896754,62970.00848,3,498,0.06171986116588181,True,False,False
8122936,2,3369.597023,9098.442985,69490.85694,8,707,0.04848978946841003,False,True,False
7813143,2,4804.081915,9555.569754,81945.89232,7,711,0.058625048541054194,False,True,False
6037955,2,5010.466015,9603.350654,80456.79724,7,659,0.062275235739920685,False,True,False
5600344,1,3697.822368,5844.041227,53509.40699,6,763,0.069106024080795,False,True,False
5096588,1,2267.137681,4199.813052,34491.6855,4,641,0.06572997660552135,True,False,False
3602557,0,2306.059496,4283.30369,45747.76502,2,629,0.05040813458300831,False,False,False
2588869,0,758.4447123,529.9141904,10791.55706,4,585,0.07028130492042267,True,False,False
7017874,0,2590.485455,5472.697804,51112.15148,3,629,0.05068237943405,True,False,False
1529150,3,3611.269027,16542.11576,90999.81509,5,587,0.039684355659716536,True,False,False
1563762,0,3392.347123,3182.582987,68812.28073,4,664,0.04929857122903126,True,False,False
5025461,1,4216.418907,5864.605354,63086.22497,6,685,0.06683580938636088,False,True,False
5636315,0,4886.954393,7272.02877,88636.46945,3,646,0.05513480425522521,True,False,False
2177763,1,6271.076797,7545.980099,91886.59964,5,592,0.06824800157552113,True,False,False
1087468,2,3235.561947,8608.379234,65069.61308,8,643,0.04972462250577747,False,True,False
8805244,1,3337.231139,5534.039503,59924.9806,4,667,0.0556901496769112,True,False,False
6871276,1,3842.695948,8106.829556,70432.50405,5,680,0.05455855928779803,True,False,False
8442336,1,1959.761457,2779.50377,30711.53301,5,726,0.06381190598209087,True,False,False
2906359,1,5253.969111,8804.099595,76769.75496,5,751,0.06843800808974211,True,False,False
4730881,0,4608.751008,6346.09424,78172.59273,2,640,0.058956097617462254,False,False,False
6131528,0,5397.405195,7581.620358,99457.15473,4,616,0.05426864673187701,True,False,False
5965422,1,3452.556284,5867.835732,57196.1728,5,733,0.060363414455590986,True,False,False
1885861,2,5712.000875,9762.159725,77717.83113,4,677,0.07349665825652589,True,False,False
2321583,0,3294.397691,687.8785859,55368.34849,5,561,0.05949965604617947,True,False,False
6123409,2,7710.824428,10968.64549,115450.7176,9,651,0.06678888263575418,False,True,False
3308160,1,6982.214944,9115.62331,104349.1585,7,639,0.06691203881629769,False,True,False
8886169,0,4989.117031,3493.736568,82784.82818,3,694,0.06026607943368688,True,False,False
1663903,0,2848.903125,4347.144866,47895.70572,4,790,0.059481389451797394,True,False,False
1228896,0,5750.212983,6817.34879,121309.5288,4,606,0.04740116493635247,True,False,False
3252341,3,4201.989815,10714.60115,60911.00277,4,614,0.06898572710856062,True,False,False
5490345,0,6543.109686,2782.646798,92516.47442,2,672,0.07072372490434553,False,False,False
6800745,1,3555.600569,4698.11146,61134.36448,7,690,0.058160424161491184,False,True,False
7224713,0,3162.561835,576.9236882,57692.36882,4,677,0.054817680391442795,True,False,False
5940313,1,5591.858547,10987.42496,81922.36242,3,532,0.06825802359472533,True,False,False
6769199,3,4931.739323,11682.57466,70663.67139,5,610,0.06979172219599557,True,False,False
8123232,0,4774.556542,3641.996014,70356.07626,5,717,0.06786274613091961,True,False,False
5515323,1,4387.967563,8434.275562,68861.18172,5,688,0.06372193234850575,True,False,False
1635668,0,4748.319158,5285.202341,91637.10508,5,650,0.05181655568292643,True,False,False
1921319,1,6224.136778,9045.3838,103108.9874,3,679,0.06036463876668815,True,False,False
1602783,0,5013.078974,5172.78763,83116.63663,4,691,0.06031378526920069,True,False,False
5820894,2,3491.742156,8663.951934,51963.96604,4,526,0.06719545142709434,True,False,False
5293414,2,3551.737711,8497.537948,49149.50627,1,620,0.07226395503321503,False,False,False
1616875,1,5062.156678,10808.32672,90015.93401,6,719,0.05623622899294294,False,True,False
1952508,1,3381.522655,7252.425046,71085.64529,5,638,0.04756969766828152,True,False,False
6031320,0,6312.097613,11565.01505,104305.1788,3,726,0.06051566840322602,True,False,False
4716785,2,5572.782668,9024.853254,81830.02256,7,715,0.06810193244067463,False,True,False
3435762,2,3653.948847,9150.599565,53500.355,5,652,0.06829765609966514,True,False,False
8407162,1,1339.651655,2037.268748,20584.27821,6,626,0.06508130337789482,False,True,False
6799106,0,7458.954913,5805.176788,105163.0202,5,673,0.07092754562216348,True,False,False
7059831,2,2854.198163,5053.30323,41883.44564,5,571,0.06814621193138302,True,False,False
7107055,2,3785.089141,6553.441401,51447.53617,8,645,0.07357182525695283,False,True,False
1825960,1,5327.604447,9376.962819,93732.78503,6,677,0.05683821776227873,False,True,False
3142036,0,3642.359375,10006.35389,97082.72073,3,686,0.03751810154898612,True,False,False
7964164,3,1838.417197,9226.523255,40724.00693,5,649,0.04514332786948084,True,False,False
4115752,1,1675.454394,2324.41242,22923.14462,5,576,0.07309007650452105,True,False,False
1743855,1,1398.610404,2649.708007,21976.97259,4,808,0.06363981200196783,True,False,False
3184868,1,4247.7829,6762.297979,80664.7366,6,559,0.052659725662576574,False,True,False
6709560,1,2611.709739,4274.874976,45589.82989,5,668,0.057287113053538084,True,False,False
7501861,0,2478.351287,3453.868794,55211.75336,2,689,0.04488811052313952,False,False,False
6479986,1,6368.618694,7274.753493,83104.05885,4,697,0.07663426771362804,True,False,False
6744637,0,6287.503576,7028.876911,91578.92445,4,571,0.06865666542560055,True,False,False
3513165,2,3701.061521,8943.80922,63297.89622,6,643,0.058470529701911154,False,True,False
2214882,1,3106.81912,7748.786713,64177.13146,6,711,0.04841006522605958,False,True,False
5455116,0,6566.576114,6070.767165,105571.2134,5,717,0.06220044179202359,True,False,False
1613908,1,4770.116395,8324.058354,95313.86297,5,718,0.05004640716850803,True,False,False
1242469,0,4752.252635,3294.716155,89303.63692,6,607,0.053214547569402616,False,True,False
4723729,0,2428.162774,2499.322947,31283.85663,3,606,0.07761711743914229,True,False,False
6007303,1,5535.169662,6071.030446,65621.98908,5,666,0.08434931247286721,True,False,False
8535268,1,3236.909111,5350.88583,54218.16717,4,633,0.05970155908905469,True,False,False
8818027,0,4268.814934,7101.661266,85533.08488,2,661,0.04990834762932966,False,False,False
5890943,0,4584.074704,5412.701001,70406.8263,3,668,0.06510838429881052,True,False,False
1813058,0,6224.151311,4869.897268,87438.51203,6,679,0.07118317965960473,False,True,False
5000344,3,3634.526849,7846.217103,47004.58535,4,616,0.07732281482619227,True,False,False
2995439,1,2247.232063,5617.241149,62516.22902,5,585,0.035946379015936364,True,False,False
1664726,1,4708.506037,10587.28125,85655.07189,5,724,0.05497054562100841,True,False,False
8611449,0,3140.473446,2827.074224,45972.32492,5,629,0.0683122607234892,True,False,False
6153874,3,5114.308478,16634.80702,83968.81536,6,673,0.06090723628853635,False,True,False
4894489,0,5454.726298,6161.967137,87234.01504,6,750,0.06252980899135283,False,True,False
8663034,1,3301.259825,6746.767844,72526.7466,7,682,0.045517825902313395,False,True,False
3656414,2,3750.915259,12571.62925,87388.74918,8,675,0.04292217584295672,False,True,False
2905900,0,3950.887982,6642.956198,74980.93105,3,681,0.05269190348363913,True,False,False
3642915,0,2912.641519,4365.588021,51121.15553,3,598,0.05697526765197515,True,False,False
1761304,1,6272.041582,8462.743803,93958.74733,6,695,0.06675314178009913,False,True,False
8998628,0,3946.302296,3466.679611,89538.44859,6,677,0.04407382926713718,False,True,False
6931442,2,3583.076324,9182.373687,62197.58339,6,665,0.057607966880849584,False,True,False
6783325,3,4375.719158,13451.80413,75019.8398,6,564,0.05832749269613876,False,True,False
4848255,0,4272.438396,5027.19656,66765.06537,5,622,0.06399212480842958,True,False,False
5457722,0,4155.59255,1072.185988,86028.78786,5,518,0.04830467397451484,True,False,False
6099013,0,5604.037762,8054.452901,92942.16142,3,684,0.060295969841670585,True,False,False
8256894,0,1808.144725,346.7568015,34675.68015,4,691,0.05214446312742333,True,False,False
2798975,3,2747.528628,11052.72273,53438.00051,6,671,0.05141525883787226,False,True,False
4884959,2,4265.324672,10992.81977,70174.59124,5,665,0.060781610503613956,True,False,False
8421633,0,4451.038452,791.5903789,79159.03789,5,654,0.056229062033133805,True,False,False
8176935,0,5815.863975,6039.33484,74115.12223,4,731,0.07847067912742213,True,False,False
8640993,0,3914.84031,6036.039785,64974.36717,3,674,0.06025207294065901,True,False,False
4045948,0,5396.366774,5298.824524,92349.55399,2,447,0.05843414007808139,False,False,False
2973985,0,4748.204665,5533.610818,84604.40359,6,669,0.056122429371527706,False,True,False
4753003,0,3940.452189,3987.433852,95425.05648,4,642,0.041293684639588074,True,False,False
7997832,1,4349.851362,8250.744791,76849.23714,6,644,0.05660240132345965,False,True,False
3785939,2,4656.515152,10937.02779,83562.08389,5,659,0.05572521573456418,True,False,False
8292190,2,5632.717446,11592.79873,69137.93,4,697,0.08147072737063432,True,False,False
7199183,0,1870.556714,4531.59018,48036.9865,4,603,0.0389399263003311,True,False,False
8698718,3,3440.300655,10269.3829,58771.56427,4,647,0.05853682299819446,True,False,False
4430858,0,5936.98611,6238.540503,90006.56682,3,663,0.06596169945991948,True,False,False
5385503,1,2737.156028,4354.625035,54485.62362,6,719,0.05023629805707636,False,True,False
1783083,0,3568.892681,954.0091654,74921.31903,2,655,0.04763520887253658,False,False,False
8290079,2,3381.298378,9411.294472,77956.39153,7,619,0.043374228996974205,False,True,False
6541575,1,5420.508328,8862.231374,91731.34151,5,662,0.059091126748746926,True,False,False
8911455,2,3847.654689,11828.42908,75306.90261,4,680,0.05109298823411003,True,False,False
4721692,0,4778.307118,8234.614792,93835.4973,4,694,0.050922169706452865,True,False,False
6066184,1,2491.345964,4081.990184,37541.31155,6,568,0.06636278438705746,False,True,False
1449329,1,2338.158106,3296.035083,35163.45709,7,688,0.06649397697204634,False,True,False
5417845,1,3364.715329,8031.857748,77275.26211,6,631,0.04354194650560209,False,True,False
2337962,1,4804.142724,6732.909122,87078.96748,6,632,0.055169955076734216,False,True,False
4968176,0,3746.123884,4667.288797,62792.62076,2,643,0.059658664324874724,False,False,False
3754836,0,5234.093636,3298.703522,86098.30776,2,512,0.06079206168128292,False,False,False
7309843,1,5097.233809,8722.822354,84958.36481,6,711,0.05999684457674534,False,True,False
6762170,2,2794.488199,6846.898212,53792.46441,7,713,0.05194943622029902,False,True,False
5583978,0,3010.970752,3667.011641,45315.26706,4,676,0.06644495216178034,True,False,False
7189155,0,3938.353537,6425.128375,91317.79461,5,616,0.0431279966168688,True,False,False
2334002,0,3750.887225,3732.975073,67930.61483,2,662,0.05521644746461953,False,False,False
7135661,0,2523.86443,1290.899781,40763.38998,5,574,0.06191497888763176,True,False,False
4367835,2,2057.418933,5918.316115,51668.89582,7,695,0.039819293606882425,False,True,False
1056926,1,4886.311978,8123.062253,71056.23784,4,573,0.06876682648190145,True,False,False
7713751,3,3831.273112,11811.77982,59306.83883,5,737,0.06460086539061957,True,False,False
6242543,2,3855.194366,10422.07717,60123.13461,3,535,0.06412164620170659,True,False,False
6677801,0,6278.405286,9447.484579,111392.7458,4,612,0.056362784137420914,True,False,False
1114243,0,6206.139623,7559.154788,88358.17167,5,551,0.07023843415613763,True,False,False
7952360,1,2746.291471,4511.564036,62677.09987,8,537,0.04381650517806576,False,True,False
4818497,1,3608.933401,7479.48061,70569.79331,5,653,0.051139917402714015,True,False,False
5127929,1,3441.424998,5889.550447,53216.80751,6,658,0.06466800920655227,False,True,False
2745064,1,7426.49108,7544.108276,94880.17901,6,694,0.07827231311628613,False,True,False
3721226,0,4078.894813,4124.12351,66930.19422,4,581,0.06094252169047418,True,False,False
4499061,1,7339.894912,13187.57978,115347.8064,5,729,0.06363272212170998,True,False,False
1166157,3,3335.037027,13958.85468,65828.46564,5,579,0.05066253625351855,True,False,False
5937674,1,5721.618886,11390.35233,99370.90165,5,735,0.05757841371060962,True,False,False
6085046,1,2179.662754,6106.680196,60362.07825,8,647,0.036109802995393056,False,True,False
5925930,1,4136.170572,6020.352519,66625.73116,6,713,0.0620806781402082,False,True,False
3821913,0,1856.370394,1751.874991,31831.35152,6,706,0.05831893103356361,False,True,False
6417684,0,3502.668462,2628.573599,72165.88133,4,674,0.04853634982967927,True,False,False
5870866,1,5501.419044,8046.621218,80624.09593,6,691,0.06823541995157974,False,True,False
7284817,1,4880.331404,8642.191931,85514.92252,6,659,0.05706993890871621,False,True,False
8199398,0,1949.804168,4009.112737,46075.5315,4,720,0.04231756215335248,True,False,False
1149356,2,4371.216805,12473.10696,82025.85119,6,702,0.05329072166376869,False,True,False
6905076,1,3434.919013,6990.105245,57486.52776,5,687,0.059751721783239606,True,False,False
4808956,0,4100.287229,969.4870844,96948.70844,5,674,0.04229336620340436,True,False,False
4688647,0,2554.502433,2390.575222,67336.27143,5,636,0.03793649958262918,True,False,False
2204025,0,5378.526671,3240.252191,82938.7406,7,590,0.06484938922499144,False,True,False
3436839,2,5452.034836,13953.42212,83347.90092,3,628,0.06541298312039122,True,False,False
3600685,1,4347.967285,7589.66956,79279.93886,5,730,0.0548432219742002,True,False,False
2462100,0,3551.327207,1583.865285,50940.56464,4,646,0.06971511274163215,True,False,False
2512418,4,3167.933042,11269.54487,53739.73516,7,663,0.05894954697056234,False,True,False
2380154,0,2083.316484,2930.745357,45038.88392,5,648,0.0462559526941315,True,False,False
7644195,0,5524.253727,2709.098018,79895.48223,3,685,0.06914350565025684,True,False,False
8246604,3,6303.852929,18245.76597,96827.44695,5,733,0.06510398784195146,True,False,False
1023248,0,5501.436279,5476.144124,71937.71373,4,594,0.07647499473847957,True,False,False
2317187,0,5833.109583,5246.536749,114283.259,5,703,0.051040805399153,True,False,False
7002362,0,2261.161537,1669.608888,31390.46175,3,598,0.07203339520802048,True,False,False
4309093,0,3186.990222,4371.999164,51275.7922,3,603,0.06215389534244972,True,False,False
7027688,0,5688.828673,3536.181764,81693.51601,3,632,0.06963623248023304,True,False,False
8483361,0,2522.879519,2980.585185,57600.14486,4,682,0.04379988149564525,True,False,False
4069472,0,2638.235434,4184.971616,54153.63793,4,617,0.04871760300591869,True,False,False
3162104,1,3716.383284,5261.947295,70536.36938,6,637,0.052687476214982924,False,True,False
4654388,1,5093.164256,8545.838435,83110.7813,5,612,0.061281631291799685,True,False,False
2140337,0,4365.819041,983.2606011,65675.23508,5,757,0.06647587992158581,True,False,False
4360526,0,3296.094526,693.1547907,69315.47907,4,587,0.04755207019014259,True,False,False
5362441,3,3053.389559,12582.79006,59146.5633,5,662,0.05162412469364894,True,False,False
4307091,0,5204.411354,5736.445577,75444.8671,3,586,0.06898297464162409,True,False,False
8769267,0,6300.582117,7474.957664,84499.7897,2,444,0.07456328754626475,False,False,False
2958832,0,5874.878723,5554.568362,106104.9775,3,561,0.055368549727085145,True,False,False
2491196,1,5714.371635,10638.46288,83663.09817,3,659,0.06830217575003773,True,False,False
8217914,0,2469.499498,5558.876055,70867.00145,5,730,0.03484695905671059,True,False,False
3197975,1,2512.959692,6634.904221,57481.5076,5,683,0.04371770673600078,True,False,False
6619756,0,2983.957953,4669.341834,57321.77928,4,614,0.05205626884720805,True,False,False
7876045,1,3813.340048,5682.354156,59567.02433,6,670,0.06401763544329796,False,True,False
5242635,4,3254.744473,13793.22076,67262.59139,7,647,0.048388627404026635,False,True,False
4564038,0,3575.745408,3565.416828,56828.23797,4,600,0.06292198272780619,True,False,False
3937900,0,4288.289789,3218.942708,75866.45738,2,610,0.05652418653899719,False,False,False
6798805,0,4130.445026,6738.828377,93981.80048,3,586,0.043949413662052454,True,False,False
7583003,0,4108.411025,6109.221156,68403.83758,4,705,0.06006111894226856,True,False,False
6233948,0,4820.718193,786.1079887,78610.79887,7,555,0.06132386723320421,False,True,False
2567580,1,6289.484316,9757.771782,87412.06916,6,737,0.07195212716550228,False,True,False
8066216,0,3973.675982,2938.72038,69775.19766,5,654,0.05694969151306307,True,False,False
4302749,0,3694.034734,4682.297804,61662.37692,3,654,0.05990743332506618,True,False,False
2670609,0,2621.582544,2211.373908,71965.54262,5,593,0.03642830233133591,True,False,False
5314888,1,3280.611429,4551.743144,56456.99766,5,565,0.05810814540221868,True,False,False
7662162,0,4258.977205,6058.88053,71348.37928,4,570,0.05969269726907244,True,False,False
6789185,4,4024.721635,13690.45883,67101.24842,7,594,0.059979832413973436,False,True,False
7974412,1,5842.526554,6373.955421,83393.50296,7,620,0.07005973303222901,False,True,False
6665216,1,4009.047569,7732.618698,90525.96665,6,667,0.04428616138947354,False,True,False
6475338,0,2113.274471,3707.408242,42796.70571,3,583,0.049379372452637314,True,False,False
5041525,0,2521.946675,1105.82593,56822.85212,5,671,0.04438261334848322,True,False,False
4738390,2,4085.139339,12189.2311,77403.8487,5,731,0.0527769536994612,True,False,False
1849348,0,6099.582573,9877.020046,103359.6332,5,613,0.05901319871363475,True,False,False
4566004,1,3710.25975,7436.501131,61868.64288,6,663,0.05996995533256475,False,True,False
8203165,0,3834.651319,4786.764461,66277.55024,5,670,0.05785746915983176,True,False,False
2238600,0,3606.449724,4868.514856,68774.96298,3,725,0.052438410254742975,True,False,False
4070795,1,5325.658225,9115.671444,84070.52297,6,678,0.06334750917275042,False,True,False
1601750,0,7204.197903,5672.023513,98174.08389,2,669,0.07338187042388912,False,False,False
1646981,2,1211.172097,2703.607024,20948.77426,8,647,0.057815893281767596,False,True,False
5613437,0,7263.728115,8057.605266,112866.0675,4,608,0.06435705855526506,True,False,False
8293808,0,3086.713587,3291.193513,45632.68791,5,699,0.06764259850499786,True,False,False
6552741,0,3176.295976,3973.282889,68989.35278,4,609,0.046040379392003915,True,False,False
6229068,1,5172.207562,6025.612867,75051.57048,6,649,0.06891538083641179,False,True,False
6189994,3,4266.952459,10116.06403,56541.9626,5,633,0.07546523436383158,True,False,False
2986955,1,2584.311043,6278.840501,44374.88142,4,737,0.05823815096067473,True,False,False
1446848,0,3815.707861,1103.221727,77310.86691,4,648,0.04935538836269919,True,False,False
7316880,1,3686.66392,5938.531242,75812.2168,6,664,0.04862888958551071,False,True,False
4517531,1,4017.178017,6171.457822,76182.20817,5,785,0.0527311837435284,True,False,False
7966012,1,6851.39851,7794.86581,88528.80938,6,663,0.07739173900544781,False,True,False
7107316,0,6654.6523,8469.802427,99662.12718,3,545,0.06677212787141315,True,False,False
8339956,1,6197.754296,9746.180328,86381.65202,5,656,0.07174850389021306,True,False,False
3642009,0,5586.776476,3958.224897,79450.78486,3,568,0.07031744854181671,True,False,False
2302393,0,1989.032455,2263.312796,43572.3233,7,660,0.04564898780598188,False,True,False
4930119,0,3586.133865,2104.305987,101655.8749,6,665,0.03527719247439186,False,True,False
5713436,1,4394.304823,8552.157298,69456.16112,3,668,0.06326731498171807,True,False,False
2913882,0,4616.502068,3263.89876,65213.16604,6,724,0.07079095140340774,False,True,False
7272097,0,5031.435329,733.8824472,73388.24472,3,607,0.06855914524453556,True,False,False
6927592,0,4605.589879,5803.634243,69345.89741,4,644,0.06641474190996413,True,False,False
5389410,0,1901.541852,2310.592281,28153.50166,3,620,0.06754193048396807,True,False,False
2396492,0,1468.268561,1369.352513,28621.64224,5,621,0.051299242324678015,True,False,False
1193424,0,1852.981596,2392.809817,32231.32801,5,560,0.0574900790753983,True,False,False
1777604,1,7086.340084,7276.118795,95181.33624,6,635,0.07445094137081427,False,True,False
6657183,0,3179.097269,4289.536147,56447.48104,6,634,0.056319559534414254,False,True,False
6519631,0,4471.99987,1168.774321,85149.70793,3,690,0.052519262587211075,True,False,False
7577291,1,3443.328633,8095.347202,79020.98086,7,622,0.04357486575749397,False,True,False
5667556,1,5350.448466,13279.55358,104546.3502,6,657,0.05117776427167899,False,True,False
1064492,0,6478.556099,6317.310819,99519.11782,4,629,0.06509860859817658,True,False,False
5900666,1,5100.064701,10651.15939,93650.11302,6,600,0.05445871378618439,False,True,False
7822736,0,3373.1768,1909.098255,59372.59024,5,706,0.05681370454556069,True,False,False
5962473,0,6259.050382,7184.769851,90007.26859,4,701,0.06953938809665638,True,False,False
7495239,1,6876.660373,7930.173802,99222.5428,7,635,0.06930542373683252,False,True,False
7416798,0,4259.415094,1327.96884,97522.82114,3,670,0.043676085701882514,True,False,False
8592009,0,4442.903516,4534.418231,107760.9221,4,548,0.04122926409145863,True,False,False
8260392,1,4066.138598,10043.67094,98514.27754,5,735,0.041274612163186356,True,False,False
5024771,0,1636.701535,1858.090349,23587.26082,5,633,0.06938921596238151,True,False,False
7638864,0,5819.347095,5777.070139,107232.6271,5,642,0.05426843725066212,True,False,False
1798608,1,2925.513567,5441.242839,67458.06326,5,596,0.04336788555171455,True,False,False
6417526,2,1867.646306,4903.034763,40670.67732,7,725,0.04592119996687579,False,True,False
5593721,1,5951.298566,9879.585104,110363.2024,7,735,0.053924663625020006,False,True,False
5583335,0,3256.7837,4539.274524,50848.43572,3,655,0.06404884740080653,True,False,False
5174188,3,4072.916309,13163.58323,65493.1778,5,720,0.062188405660169394,True,False,False
3092578,0,5104.896788,3061.409117,82857.08918,1,690,0.061610863216665084,False,False,False
3460130,2,2868.426985,6029.500768,47876.67093,6,481,0.059912832895041894,False,True,False
5489460,0,2451.032819,2132.945822,41640.64188,3,635,0.05886155228018305,True,False,False
3957112,0,3694.960488,4156.059065,72376.80688,5,629,0.05105172011976442,True,False,False
4071005,1,2274.141811,4063.238206,41205.5489,5,598,0.05519018364538762,True,False,False
7069791,0,4355.166644,4342.371629,80957.63527,5,588,0.05379562569330466,True,False,False
7123134,0,2100.053008,1923.979785,36500.90901,4,646,0.05753426599388681,True,False,False
6147057,0,2730.517023,1183.248016,62807.65428,5,672,0.043474271636179944,True,False,False
4916953,0,3095.524397,611.6625296,54966.43212,6,538,0.056316633217924794,False,True,False
2526172,1,6387.325931,11165.37888,103614.1046,4,592,0.061645332511998566,True,False,False
6205543,0,1887.04748,2792.225783,35537.82382,6,642,0.053099691459948264,False,True,False
5989570,0,4741.354361,6695.905346,82579.72604,2,653,0.057415476998596254,False,False,False
4210726,0,5012.875804,6139.019557,79071.85036,3,523,0.06339646512857955,True,False,False
7841482,0,4017.968269,3659.5374,78326.56105,5,669,0.05129764686636909,True,False,False
2286822,0,4263.33188,8035.706014,79458.56438,2,722,0.053654781121027846,False,False,False
1758810,0,5033.878477,5220.971641,86567.05447,4,731,0.05815004920543417,True,False,False
2284516,0,5558.306987,6923.075131,94159.07839,5,693,0.05903102581333581,True,False,False
1498771,3,4995.090259,15641.1739,80753.73284,5,557,0.06185584348028759,True,False,False
8932178,0,2511.359214,1739.82007,41112.59814,7,784,0.06108490651571358,False,True,False
7863274,0,2669.332761,3590.105671,63122.30213,5,626,0.042288266918759164,True,False,False
6976043,2,3826.677956,10533.29877,80412.90806,6,638,0.04758785682946236,False,True,False
7134136,0,2303.647368,3336.330157,52339.96822,3,603,0.044013159471498045,True,False,False
3373470,0,3103.672266,5175.166968,76971.70181,5,640,0.04032225081447761,True,False,False
8825315,1,3816.340343,6353.2574,66995.17369,6,650,0.05696440702816842,False,True,False
3721647,0,4130.021696,7968.397435,78599.74767,5,644,0.0525449739780316,True,False,False
5726099,1,3476.530004,6824.38684,54632.79806,4,618,0.06363448564691727,True,False,False
2511415,1,3202.454747,4411.182074,49361.73644,5,612,0.06487727089772534,True,False,False
4062623,0,1832.990005,1574.122107,28970.19953,5,714,0.06327156991452036,True,False,False
3834133,0,4251.700866,2156.612611,54997.22486,6,606,0.07730755282331167,False,True,False
8067343,1,2692.335694,6697.162007,54064.49894,7,712,0.049798587738469846,False,True,False
1338811,0,2222.467816,1466.940613,44429.66999,7,695,0.05002215448595997,False,True,False
5334260,1,2911.593688,4914.228539,44645.94074,4,732,0.06521519402975402,True,False,False
8307090,0,2437.800576,4351.698564,45910.63311,4,739,0.05309882288399573,True,False,False
8883563,0,4250.935353,5048.558396,75412.8451,2,565,0.05636884999316913,False,False,False
4511372,0,3826.565464,5527.147542,67178.62139,4,661,0.056961059706557335,True,False,False
6094005,0,5230.459266,885.5796956,88557.96956,6,712,0.05906254730079654,False,True,False
8080751,1,5384.04941,5741.322203,85050.98519,6,625,0.06330378652254622,False,True,False
8817517,0,2909.04393,3074.789302,50851.73363,3,637,0.057206386534751456,True,False,False
5327376,0,6424.62524,2172.167316,91241.09882,3,682,0.07041372060494877,True,False,False
3962879,1,3581.474396,9872.483159,77148.05909,5,684,0.04642338949605842,True,False,False
1047437,0,4288.236475,6184.100552,72622.24453,3,620,0.059048525734130185,True,False,False
8676073,1,5115.428098,6314.660647,76789.53473,6,707,0.06661621425349663,False,True,False
5974419,0,4216.207119,5922.069143,75791.77985,3,577,0.055628817892182,True,False,False
2573447,2,1968.237983,4838.955381,42962.87811,8,713,0.04581252629213113,False,True,False
4765309,0,2788.541755,5014.621221,83298.98909,5,642,0.03347629767735997,True,False,False
2833642,2,6159.160924,18391.21175,101294.4881,3,567,0.060804502194823765,True,False,False
2667527,1,5628.334743,13644.77429,100742.7413,4,560,0.055868389825123814,True,False,False
7803333,1,4240.630137,7084.807506,61016.9117,5,657,0.06949925879319782,True,False,False
4299013,0,3112.683301,5427.679784,66338.8034,4,628,0.04692100462276351,True,False,False
2118635,0,6125.745268,2375.164565,86482.23586,2,591,0.0708324109232853,False,False,False
4642780,1,4877.72081,6071.96542,67868.19774,5,605,0.07187049269653996,True,False,False
1547099,1,5788.301186,6843.221951,81425.05195,4,665,0.07108747304888886,True,False,False
3127598,0,3503.186092,651.3612768,57589.61937,5,700,0.060830165754228005,True,False,False
3920014,0,3968.725599,579.7571661,53524.78821,2,693,0.07414743209125908,False,False,False
2347449,0,1041.436767,1857.074731,26730.44499,3,686,0.03896069696518733,True,False,False
6712264,0,3992.953089,5587.809483,79183.96307,4,679,0.0504262849975084,True,False,False
2824085,1,5832.543866,9264.762006,89426.43484,6,669,0.06522169732513067,False,True,False
1371575,2,5839.266254,10086.15223,86469.95026,8,600,0.06752942769646969,False,True,False
8924614,1,4319.057708,9406.576561,80860.9927,5,678,0.05341336488440118,True,False,False
5900435,1,3156.104958,6834.163184,63490.985,7,642,0.049709497466451334,False,True,False
6808928,0,5409.485541,858.2884553,85828.84553,3,587,0.06302642785879262,True,False,False
6225304,0,2924.585568,3718.316852,50458.54818,7,664,0.05796016083473451,False,True,False
8632696,1,3510.560614,4955.189648,59073.89961,7,651,0.05942659342241449,False,True,False
5627646,1,6766.689327,9159.782524,100460.5078,6,742,0.06735671036494602,False,True,False
5287005,2,3872.18598,9605.906935,63047.72824,5,644,0.06141674074694623,True,False,False
6492511,1,3565.137585,4151.696142,53479.96936,6,588,0.06666304464389843,False,True,False
6830147,3,3155.402597,9880.034663,49030.86904,5,639,0.06435542870810189,True,False,False
8684801,1,3300.930545,8029.744344,58985.16873,6,610,0.05596204293505969,False,True,False
3997879,1,3374.628118,7825.791906,69624.75965,7,650,0.048468793787785805,False,True,False
7026356,1,5470.06369,10357.63606,98688.26823,5,636,0.05542769964563193,True,False,False
4206783,1,4239.21276,7665.407952,90130.64068,6,635,0.04703409104846941,False,True,False
1593182,2,3919.066767,12162.99032,68407.3692,3,626,0.05729012550595206,True,False,False
1363623,2,3612.683538,8309.497401,76414.20794,7,688,0.04727764162440392,False,True,False
1997294,0,2171.446284,2489.280034,41547.81353,5,620,0.05226379199069252,True,False,False
6000433,0,3372.558491,3271.660352,47942.3537,5,645,0.07034611842597123,True,False,False
2618670,0,5579.715349,1755.76098,83490.03355,3,606,0.06683091516137019,True,False,False
8571064,0,3598.453488,3877.910402,75566.59004,4,610,0.04761963568946561,True,False,False
5588945,1,3313.069921,4591.628634,52104.31349,7,639,0.06358532910400697,False,True,False
6331647,0,5904.933232,6648.365965,88180.80619,3,607,0.06696392885405078,True,False,False
7941350,0,4728.193769,4375.938894,72936.95016,4,649,0.0648257674419876,True,False,False
1698882,0,6028.380073,4054.464139,105365.7298,2,666,0.05721385961491248,False,False,False
4991349,2,5534.829037,11322.27236,71694.48899,4,673,0.07720020206534986,True,False,False
3235037,0,3878.084657,6273.516204,80732.9776,6,633,0.048035942340865674,False,True,False
6002919,4,4151.014379,17360.34761,71820.75195,5,660,0.0577968660351794,True,False,False
7332941,5,3933.413055,17365.53469,62481.77904,6,600,0.06295296189440895,False,True,False
7663657,5,5330.26593,20339.90056,75454.57352,2,544,0.0706420523149224,False,False,False
3011829,5,5416.379896,16966.96799,64457.96238,4,629,0.08402964809946573,True,False,False
7159302,4,5410.549713,15340.69016,65704.90714,2,567,0.08234620439340294,False,False,False
8064332,3,5702.34657,15067.14356,77954.83237,3,524,0.07314936607053087,True,False,False
6757959,4,2993.392193,15211.18394,68729.4631,6,644,0.04355326024655066,False,True,False
6872087,5,4081.106202,18039.93783,63401.39518,3,635,0.06436934377253872,True,False,False
7561758,5,6151.142686,25984.54022,89101.90415,2,558,0.0690349184417514,False,False,False
7247583,5,7626.716888,33605.91817,108135.013,3,542,0.07052957850016627,True,False,False
4497737,5,5565.58075,33718.13261,115684.9119,4,597,0.04810982399166265,True,False,False
6235599,4,941.5106456,8122.781642,34944.95357,4,628,0.02694267839600967,True,False,False
1071129,5,5062.958927,24607.28806,86530.65712,4,595,0.058510579897466046,True,False,False
7341788,4,5303.260305,21362.82638,79385.79165,1,593,0.06680364577557249,False,False,False
6278210,5,1724.449812,9110.818031,33134.64555,3,620,0.05204370782834585,True,False,False
5165627,5,4610.353595,19974.31607,70825.70058,4,568,0.06509435921205538,True,False,False
2393485,5,6625.878299,27800.79954,110918.2858,6,486,0.05973657320080942,False,True,False
4885953,5,4644.472768,19609.24346,62578.70296,5,545,0.07421810533479295,True,False,False
4268157,5,5573.507296,19740.52491,79255.71416,5,577,0.0703230972690285,True,False,False
1648517,5,5607.693243,24802.79377,92361.34217,3,647,0.06071472232049743,True,False,False
5131715,5,7564.529955,35228.1439,125965.3333,5,456,0.06005247441360916,True,False,False
6050625,5,2790.583944,14689.03537,52904.94063,2,517,0.05274713307999794,False,False,False
8047168,5,3120.16395,9945.747295,39704.93939,3,614,0.07858377315105128,True,False,False
5155618,4,4581.016397,18738.02684,76279.74665,2,701,0.06005547472541324,False,False,False
7027060,5,2339.86487,14823.10563,42003.01513,5,613,0.05570706918915418,True,False,False
8583455,4,3828.030126,15809.14801,67401.21177,6,646,0.05679467809959821,False,True,False
2347193,5,2876.306886,12883.91325,49671.55447,5,617,0.05790652047616499,True,False,False
7878481,5,3010.972512,15315.63228,50249.54978,4,597,0.05992038784790083,True,False,False
2347193,5,2876.306886,12883.91325,49671.55447,5,617,0.05790652047616499,True,False,False
1322943,5,2716.063301,10953.50734,38317.43978,3,605,0.07088321444737193,True,False,False
5736580,5,4655.037497,17805.15733,61878.03605,4,665,0.07522923793571176,True,False,False
3781641,3,5235.733354,17908.07126,87976.16249,2,592,0.059513090885217126,False,False,False
7538875,5,4005.213515,20636.70576,73788.2388,4,658,0.05427983619253966,True,False,False
6512176,5,6317.757213,22064.93122,84029.11042,3,550,0.07518533971646442,True,False,False
6538976,5,5069.924765,27061.74485,87752.8963,4,605,0.05777501346129359,True,False,False
3883491,5,6744.228462,23521.24224,95601.22208,5,485,0.07054542102355518,True,False,False
8483461,4,4392.975281,20014.11116,88983.86175,2,636,0.04936822469384456,False,False,False
1009423,5,6748.887577,29954.08446,103185.0966,3,649,0.0654056428629636,True,False,False
7283259,5,4580.749243,20803.97847,75791.21032,4,649,0.06043905650351145,True,False,False
6810610,5,2762.789321,19831.7068,64736.02898,2,501,0.04267776946673012,False,False,False
6186461,4,3746.455788,17706.46722,75444.0926,6,541,0.049658703006257646,False,True,False
2824567,5,2747.369074,13486.13923,51046.54633,3,594,0.05382086098908859,True,False,False
5890699,5,6226.277321,28635.373,86448.06008,4,609,0.07202333187393833,True,False,False
6105668,4,6094.902746,21092.0012,78867.10718,2,579,0.07728066825234858,False,False,False
7341788,4,5303.260305,21362.82638,79385.79165,1,593,0.06680364577557249,False,False,False
6045930,5,6272.920481,24892.17654,72947.45246,2,631,0.08599231733883637,False,False,False
1795767,5,5700.276794,26488.38806,92408.95124,3,563,0.06168533153455579,True,False,False
6990844,5,3135.006926,17054.77273,59367.84811,5,707,0.05280647734092177,True,False,False
8229723,5,2404.579441,12281.80576,39964.82678,3,566,0.0601673930488133,True,False,False
4602540,5,4527.102974,26439.3957,81110.29293,4,673,0.05581416131620918,True,False,False
2167053,5,7167.713567,30636.10721,111114.044,4,572,0.06450771935723985,True,False,False
7593188,5,2319.435959,13149.10725,49076.45628,5,658,0.047261683805503975,True,False,False
2236935,4,5128.722323,20073.76947,79658.24857,2,574,0.06438407089120363,False,False,False
4891996,5,5380.790491,33525.16324,105980.4303,4,663,0.050771547876985734,True,False,False
7648219,5,3275.017159,14488.74583,51889.8261,6,600,0.06311482240639076,False,True,False
1223271,5,5775.321503,31322.85303,94402.41559,4,611,0.061177687741411746,True,False,False
2109160,5,7853.785833,33878.83486,111642.3591,3,577,0.07034772371627536,True,False,False
3407530,5,2057.537353,9315.729725,33291.48972,3,572,0.06180370329790097,True,False,False
8802166,5,4501.04592,27843.73152,96096.38063,2,582,0.0468388704183395,False,False,False
4499480,4,3644.461408,10497.58079,47622.00088,5,628,0.07652894335925686,True,False,False
4182057,5,4835.138476,22164.44825,68190.20854,3,571,0.07090663864392985,True,False,False
3088254,5,3857.227759,16270.0729,61828.35392,4,541,0.062386065849187655,True,False,False
3063966,4,4881.630077,19837.04438,82526.13401,5,652,0.05915253556417019,True,False,False
5232755,5,5144.856965,34799.97444,111535.6084,3,630,0.04612748375881007,True,False,False
2571301,4,3423.483237,11659.05271,45703.47274,4,547,0.07490641370899029,True,False,False
4502735,5,5086.134661,24552.63619,78546.94374,4,607,0.06475280155820866,True,False,False
1746543,5,4372.7314,19373.8064,66951.81433,3,605,0.06531161916609407,True,False,False
6481166,5,4266.365903,18402.60015,67940.95771,4,543,0.06279519816618728,True,False,False
3235789,4,2739.595209,17008.39916,72058.98501,6,536,0.038018787089768365,False,True,False
7506533,5,7516.613946,34431.28513,110858.505,3,659,0.06780367411593725,True,False,False
8619236,4,5344.280514,16625.41606,82439.8231,5,645,0.06482644325324857,True,False,False
6431261,5,4146.591104,18115.69147,64792.80257,3,661,0.06399771177547321,True,False,False
1915957,5,6185.039553,25762.87987,87516.22794,4,519,0.07067305914099022,True,False,False
5555254,3,4943.073913,20445.85365,89820.08159,2,568,0.05503305970666509,False,False,False
3610547,5,3059.078249,17810.31967,60586.72178,3,567,0.050490902282318534,True,False,False
4492826,5,6228.753148,28364.21558,86838.90302,1,570,0.0717276811588171,False,False,False
6198725,3,5425.771406,16021.6603,78286.68262,4,584,0.06930644171418589,True,False,False
7000416,5,3661.171735,17431.48059,62137.99031,4,472,0.05892002166041729,True,False,False
4376993,4,6795.734395,21365.64864,107984.377,6,606,0.06293257028282898,False,True,False
6006692,5,5791.212235,27264.12371,102609.1676,5,559,0.05643952066325894,True,False,False
3783862,5,5540.846618,18461.78652,67774.54032,5,564,0.08175410105090625,True,False,False
6151428,5,4524.787152,21779.36314,81739.09927,4,468,0.05535645966753017,True,False,False
2911393,5,5129.105334,18364.6733,67340.38896,3,573,0.07616685043275699,True,False,False
3544936,5,2124.243097,11117.39863,36755.67148,4,607,0.05779361419518271,True,False,False
7938599,5,5357.518028,22526.93177,75305.86183,4,619,0.07114343953853666,True,False,False
1712088,5,6825.866474,26007.29362,94620.51636,3,544,0.07213939150395057,True,False,False
1348531,4,2091.335878,10728.40782,41360.13224,5,599,0.05056405201667701,True,False,False
7722364,5,3831.805886,18052.60911,62880.40132,4,470,0.06093799984672236,True,False,False
2427491,5,3027.515204,15024.92394,55321.09302,3,656,0.05472623620985715,True,False,False
5248789,5,5655.356182,20977.58159,80425.95805,3,600,0.07031754820358029,True,False,False
3730255,5,6167.877515,38083.68216,109209.1506,4,608,0.056477662184106395,True,False,False
6964535,4,3393.48251,12532.10918,55494.5622,5,650,0.06114982036924691,True,False,False
5872680,4,5264.589148,21173.06855,81188.66081,1,558,0.06484389686289248,False,False,False
5803826,4,7511.986944,24256.48061,115131.7325,6,629,0.06524688529289699,False,True,False
6610703,3,4119.426483,14755.40981,64783.35742,4,636,0.06358772757474045,True,False,False
2994148,5,4991.586796,26355.68725,81184.8131,3,582,0.061484243239577026,True,False,False
1793964,5,4507.196443,22431.23984,79123.75906,4,573,0.056963881602012455,True,False,False
5654244,5,4609.388676,21356.16001,72089.36221,3,640,0.06393992864817716,True,False,False
6677996,5,6551.244818,21609.46259,78814.80503,2,500,0.08312200754041502,False,False,False
5935610,5,3838.979905,17987.11053,69364.65894,6,523,0.05534489700757693,False,True,False
1402134,4,4119.442336,13853.22238,60387.12298,3,515,0.0682172313021825,True,False,False
5530537,5,4399.609707,18983.59494,74551.79742,5,589,0.05901413325039051,True,False,False
4726631,5,3611.806535,22685.48062,74110.21817,4,607,0.04873560791192042,True,False,False
1934140,3,6552.815028,22009.50846,99488.21807,3,546,0.06586523665937441,True,False,False
6610703,3,4119.426483,14755.40981,64783.35742,4,636,0.06358772757474045,True,False,False
7290681,5,4992.307979,20320.19944,67797.73406,4,494,0.07363532200916746,True,False,False
7459086,5,3071.772244,16876.52629,55397.55261,2,585,0.055449602000025966,False,False,False
7619767,5,5143.790267,25893.10985,81037.07696,4,634,0.06347452869677149,True,False,False
3487499,4,3910.85552,18092.90375,75685.73208,4,626,0.051672295590220574,True,False,False
6177085,2,5435.881905,16593.23992,90808.05049,1,547,0.05986123340021062,False,False,False
4024632,5,2669.831401,12957.55207,46830.19981,8,669,0.057010890660985206,False,True,False
1366766,5,4252.76052,21248.17432,77397.40207,4,723,0.05494707065430575,True,False,False
6880120,3,5254.532286,20160.70392,95270.29507,3,524,0.05515394155270774,True,False,False
8652437,5,5674.980431,21566.33425,76691.18332,5,628,0.07399782067934325,True,False,False
3670550,4,2088.180306,10454.1356,45401.6215,4,599,0.045993518227096804,True,False,False
4800569,4,6361.664916,23782.18042,94825.56781,3,511,0.06708807616893721,True,False,False
7265245,5,4084.822615,21492.1114,68657.0797,4,636,0.05949601458216406,True,False,False
4803997,5,4487.053001,22569.36359,73279.12118,2,595,0.06123235280044061,False,False,False
7875536,5,4445.297537,19977.25969,70331.54033,5,678,0.06320489379505105,True,False,False
7938599,5,5357.518028,22526.93177,75305.86183,4,619,0.07114343953853666,True,False,False
7828768,5,6080.41614,21764.08826,82920.58215,3,609,0.07332818924257878,True,False,False
3898868,5,4436.068311,21327.09267,70768.28652,2,606,0.06268441033606645,False,False,False
5233091,5,3682.22545,25584.75906,81133.01875,4,605,0.04538504183292206,True,False,False
2566409,4,4126.564756,21891.28845,80933.65665,1,512,0.05098700499651772,False,False,False
1710641,4,7105.884383,27241.41097,110305.6891,4,455,0.06441992648772636,True,False,False
3597549,4,3743.193167,19444.13833,87943.17233,6,667,0.042563772352377224,False,True,False
8544794,5,6867.810491,25830.03238,94237.5182,3,706,0.07287766721980588,True,False,False
5300995,5,2055.451343,12393.46295,43764.18912,3,629,0.04696651267464407,True,False,False
6678555,4,3130.987411,10439.08504,44104.95803,3,522,0.0709894658299032,True,False,False
2654263,4,664.2622431,2514.854582,11561.00105,6,552,0.057457156194964616,False,True,False
7722364,5,3831.805886,18052.60911,62880.40132,4,470,0.06093799984672236,True,False,False
8583455,4,3828.030126,15809.14801,67401.21177,6,646,0.05679467809959821,False,True,False
2913411,5,5229.124206,25805.21681,85612.75244,4,606,0.061078800260098265,True,False,False
8470946,5,5593.882059,32487.73064,89578.59763,2,560,0.062446635770134006,False,False,False
1688610,5,3117.799433,17261.75435,61901.13456,4,563,0.05036740368592042,True,False,False
8602931,3,5873.943948,16739.26788,84222.56985,3,527,0.06974310993432599,True,False,False
8333955,3,6011.557148,14398.70471,72540.30536,3,568,0.08287195812267532,True,False,False
6795443,5,4754.336177,18980.06936,68073.53417,4,501,0.06984118328757545,True,False,False
6677996,5,6551.244818,21609.46259,78814.80503,2,500,0.08312200754041502,False,False,False
4140179,5,3449.465266,12872.92069,50769.0652,5,662,0.0679442343957123,True,False,False
5034668,5,4862.845105,22760.99271,62494.49753,2,536,0.07781237224390242,False,False,False
4800569,4,6361.664916,23782.18042,94825.56781,3,511,0.06708807616893721,True,False,False
8938093,5,1566.135185,11697.45411,47805.08759,7,590,0.032760847515476754,False,True,False
1657469,5,1611.483787,7700.811384,27939.19084,2,547,0.05767825547377234,False,False,False
4892989,5,5540.956939,23528.90746,79012.5681,5,646,0.07012753884910114,True,False,False
7354423,5,6172.034523,24334.71678,88288.33936,6,640,0.06990769752541419,False,True,False
4869643,5,3954.072178,16442.13916,64695.75534,6,577,0.06111795367748464,False,True,False
1065858,4,5552.339151,18749.47943,75733.99227,1,546,0.07331369949712015,False,False,False
6717133,5,5781.08226,26382.09481,83838.47345,4,611,0.06895500385569103,True,False,False
3436178,5,3305.392882,18399.6243,65451.95432,4,487,0.050501057093569154,True,False,False
1746543,5,4372.7314,19373.8064,66951.81433,3,605,0.06531161916609407,True,False,False
7648219,5,3275.017159,14488.74583,51889.8261,6,600,0.06311482240639076,False,True,False
3291461,4,5453.353365,22129.53256,89062.37285,5,607,0.061230721689670316,True,False,False
3782056,4,3649.973546,17773.42806,76703.67356,2,579,0.04758538120269921,False,False,False
7581099,5,3384.162868,16663.46241,59178.16504,6,549,0.05718600544157731,False,True,False
6515933,5,6872.275299,34570.15406,107248.8165,3,514,0.06407786606204648,True,False,False
5099808,3,3311.524905,15610.45432,77575.55722,3,603,0.042687735978598235,True,False,False
7290681,5,4992.307979,20320.19944,67797.73406,4,494,0.07363532200916746,True,False,False
1306908,5,4722.716341,20688.09591,82014.08411,5,601,0.05758421120286776,True,False,False
4095721,5,2800.889496,13811.42184,49852.98298,5,571,0.056182987026546824,True,False,False
7242220,5,3005.023314,11971.4572,45713.05407,5,622,0.06573665608511814,True,False,False
4818800,4,4182.426767,18956.46543,83366.05862,6,583,0.0501694195003794,False,True,False
2691552,5,3772.763476,14149.06605,59584.26177,5,582,0.06331812065681316,True,False,False
5201032,5,7024.41041,26596.32318,92471.08498,3,539,0.07596331773893716,True,False,False
2934675,3,3269.284385,13631.98253,66576.33129,3,590,0.04910580564674428,True,False,False
3826881,5,2958.200911,12752.72402,41682.45011,7,608,0.07096993826402495,False,True,False
2446131,4,4833.923863,19364.16449,78988.28364,5,687,0.06119798583080087,True,False,False
1703171,5,4847.608936,22996.1936,83391.95042,5,615,0.05813041800299938,True,False,False
7651264,5,950.5581722,5623.785534,16778.47194,2,619,0.05665344112379282,False,False,False
7506533,5,7516.613946,34431.28513,110858.505,3,659,0.06780367411593725,True,False,False
6467769,5,4280.901448,21337.62586,71207.07966,3,536,0.060119042494657465,True,False,False
5143492,5,5086.387923,21765.19096,70331.08596,4,593,0.07232062257495676,True,False,False
2297639,5,5390.487624,24713.05013,87191.32226,4,561,0.061823671029163266,True,False,False
8652437,5,5674.980431,21566.33425,76691.18332,5,628,0.07399782067934325,True,False,False
8926016,5,4455.723618,21759.58907,68241.17866,4,576,0.06529376698195499,True,False,False
2037750,5,5528.310211,22566.68211,73708.23089,4,611,0.07500261699741902,True,False,False
3135480,5,3652.237653,18495.57882,67423.43461,4,567,0.054168668121488926,True,False,False
2571301,4,3423.483237,11659.05271,45703.47274,4,547,0.07490641370899029,True,False,False
6872087,5,4081.106202,18039.93783,63401.39518,3,635,0.06436934377253872,True,False,False
2265776,4,5620.46889,22226.19642,87511.43578,5,649,0.06422553623882504,True,False,False
3400659,5,7194.15692,23874.48686,91468.26292,3,614,0.07865194648216023,True,False,False
3640176,4,2841.925418,14601.04219,65499.68441,5,565,0.04338838337312837,True,False,False
7372970,5,3375.62285,20971.17146,66457.29999,5,517,0.050793860877705516,True,False,False
2934675,3,3269.284385,13631.98253,66576.33129,3,590,0.04910580564674428,True,False,False
1339769,5,3997.456304,23694.19012,82346.49797,5,653,0.04854433889169556,True,False,False
8819083,4,3463.28979,17419.9279,73872.41814,6,576,0.04688204173087328,False,True,False
3088254,5,3857.227759,16270.0729,61828.35392,4,541,0.062386065849187655,True,False,False
4449818,5,3055.471499,17082.42083,65207.42729,3,608,0.04685772198021647,True,False,False
7354423,5,6172.034523,24334.71678,88288.33936,6,640,0.06990769752541419,False,True,False
6297543,5,3547.245298,17032.43552,76662.61236,7,657,0.04627086383832694,False,True,False
7557552,2,3076.130524,8759.332341,54099.80079,1,485,0.056860292997023436,False,False,False
6533715,5,3697.064738,19495.00799,62391.16654,6,667,0.05925622076051024,False,True,False
8361937,5,2115.190318,10572.26924,31689.21873,6,578,0.06674794781221796,False,True,False
8894073,5,7023.595339,29495.48252,104899.3316,3,672,0.0669555776178082,True,False,False
5768042,5,5161.165527,20168.01471,73029.07485,2,636,0.07067274969046113,False,False,False
4499480,4,3644.461408,10497.58079,47622.00088,5,628,0.07652894335925686,True,False,False
2707392,4,5140.866997,20296.76181,80903.02208,1,610,0.06354357185713674,False,False,False
8353705,4,2448.725785,8633.235167,38825.62225,6,568,0.06306984004615664,False,True,False
4616950,4,3302.172238,13067.57021,50352.16821,3,545,0.0655815301583018,True,False,False
8352665,4,2157.722248,9427.961238,37828.68024,3,555,0.05703932133795213,True,False,False
8470946,5,5593.882059,32487.73064,89578.59763,2,560,0.062446635770134006,False,False,False
1552688,5,6731.076791,33152.47047,108097.7139,3,742,0.0622684472053391,True,False,False
5096484,5,7169.758135,26076.57327,105633.9476,4,492,0.06787361731618179,True,False,False
7557552,2,3076.130524,8759.332341,54099.80079,1,485,0.056860292997023436,False,False,False
8234115,3,4819.310067,16440.51044,79131.75623,3,558,0.06090235193305276,True,False,False
5654244,5,4609.388676,21356.16001,72089.36221,3,640,0.06393992864817716,True,False,False
2351966,5,6239.926645,28163.31061,91406.64924,3,661,0.06826556598323896,True,False,False
2103229,5,4786.569051,16639.73815,62831.787,3,468,0.07618069260070545,True,False,False
7506443,5,3082.366603,13886.47219,50908.7691,6,586,0.06054686957654217,False,True,False
2571301,4,3423.483237,11659.05271,45703.47274,4,547,0.07490641370899029,True,False,False
4283265,4,7023.706494,23030.02902,107029.6982,5,613,0.06562390263752048,True,False,False
6769476,5,6102.715859,27628.70017,98888.63099,3,569,0.06171301794659418,True,False,False
1036609,4,2814.688746,15177.89554,64925.24839,5,552,0.04335276053304291,True,False,False
3929157,4,4123.121383,15961.19987,63136.35824,3,624,0.065305023886978,True,False,False
7459086,5,3071.772244,16876.52629,55397.55261,2,585,0.055449602000025966,False,False,False
4499480,4,3644.461408,10497.58079,47622.00088,5,628,0.07652894335925686,True,False,False
5099808,3,3311.524905,15610.45432,77575.55722,3,603,0.042687735978598235,True,False,False
5389186,5,1451.28038,5328.65409,20537.41608,5,566,0.07066518856835664,True,False,False
5872680,4,5264.589148,21173.06855,81188.66081,1,558,0.06484389686289248,False,False,False
6108195,5,2647.716626,21883.18276,61588.19629,3,637,0.042990650570974856,True,False,False
5165627,5,4610.353595,19974.31607,70825.70058,4,568,0.06509435921205538,True,False,False
6467769,5,4280.901448,21337.62586,71207.07966,3,536,0.060119042494657465,True,False,False
4670325,5,2743.390874,10823.12639,38396.60786,3,487,0.07144878224667216,True,False,False
7285923,5,2095.793835,8447.78254,29768.70946,3,625,0.07040257616192946,True,False,False
1052192,4,6144.471936,20930.042,85548.94352,4,658,0.07182405396465848,True,False,False
4906003,5,4615.493085,14784.73985,57558.67918,6,607,0.08018761289789555,False,True,False
7888346,5,6581.243564,25819.40446,89069.95813,3,573,0.07388847712709709,True,False,False
1322943,5,2716.063301,10953.50734,38317.43978,3,605,0.07088321444737193,True,False,False
7897429,5,4165.508378,19663.68843,64880.18676,4,601,0.06420308858556067,True,False,False
6174214,5,5494.644993,31779.18646,105537.4701,3,609,0.05206345185073751,True,False,False
8977208,4,4300.956791,15595.16789,65513.85538,3,564,0.06564957543794608,True,False,False
6682975,5,6817.101585,24483.45478,79884.16092,3,610,0.08533733729552455,True,False,False
7255949,4,4841.496902,13250.41565,62274.61576,5,665,0.0777443079000059,True,False,False
4502735,5,5086.134661,24552.63619,78546.94374,4,607,0.06475280155820866,True,False,False
6269334,5,2954.342619,10798.86446,36537.6526,2,687,0.08085748286412904,False,False,False
6533715,5,3697.064738,19495.00799,62391.16654,6,667,0.05925622076051024,False,True,False
8678499,5,4775.099192,19690.09735,75842.65529,3,608,0.06296060144178003,True,False,False
4499480,4,3644.461408,10497.58079,47622.00088,5,628,0.07652894335925686,True,False,False
7442532,5,1958.928726,8228.75252,26648.43525,2,572,0.07351008446171338,False,False,False
4972580,5,6239.887461,22242.7118,72296.38158,4,664,0.08630981695944513,True,False,False
7438434,3,5385.525601,18877.18621,83753.90928,2,591,0.0643017818188701,False,False,False
6817323,5,3709.082919,15196.14608,52576.53714,4,575,0.07054635243708635,True,False,False
8365517,5,5328.908858,36518.0192,112435.463,1,679,0.047395267612319075,False,False,False
2184692,5,2156.0685,8100.824957,28971.68063,3,490,0.07441986288387441,True,False,False
5294135,5,3610.069746,15620.71465,47335.58708,4,561,0.07626544780988487,True,False,False
4547037,5,3103.034567,31664.37993,78268.55336,6,550,0.03964599361799166,False,True,False
5654244,5,4609.388676,21356.16001,72089.36221,3,640,0.06393992864817716,True,False,False
8361937,5,2115.190318,10572.26924,31689.21873,6,578,0.06674794781221796,False,True,False
4095721,5,2800.889496,13811.42184,49852.98298,5,571,0.056182987026546824,True,False,False
1892853,5,1992.516152,11385.13317,41590.87869,4,624,0.047907527197281245,True,False,False
1798890,4,4562.733611,9665.306455,48504.94677,4,572,0.09406738724269709,True,False,False
8619364,5,7072.879252,30111.33242,93213.6932,2,674,0.07587811413956506,False,False,False
1676923,4,4467.987174,22682.1544,81300.10323,1,619,0.05495672202727657,False,False,False
5155618,4,4581.016397,18738.02684,76279.74665,2,701,0.06005547472541324,False,False,False
6073195,5,5258.183963,19334.21622,76204.50896,4,651,0.06900095591141514,True,False,False
5201753,3,4330.963307,14666.73775,64117.21787,3,697,0.06754758629392164,True,False,False
4885953,5,4644.472768,19609.24346,62578.70296,5,545,0.07421810533479295,True,False,False
7827718,5,2176.375804,9540.89409,29076.3424,2,527,0.07485039810234177,False,False,False
2756206,5,4664.365881,14413.32491,56995.77402,4,731,0.08183704776714251,True,False,False
2149643,5,1938.21905,11922.97179,37907.3125,7,584,0.05113047911270418,False,True,False
5235867,5,2738.09968,11916.34974,41703.24711,4,537,0.06565675024723512,True,False,False
7593188,5,2319.435959,13149.10725,49076.45628,5,658,0.047261683805503975,True,False,False
1309122,5,5749.201704,24064.85245,84303.4399,5,707,0.06819652567937504,True,False,False
2315661,5,5472.502637,24023.7827,84232.37561,4,520,0.06496911190464286,True,False,False
3918195,3,5803.641251,16568.01102,82164.32733,4,479,0.0706345617324973,True,False,False
1826181,5,3420.400721,14235.46986,48437.82466,1,554,0.07061425125939998,False,False,False
3181404,5,7511.183763,26239.77798,92911.59498,2,673,0.08084226478532465,False,False,False
4679818,5,5655.316621,21757.68546,68111.81567,5,622,0.0830298908547654,True,False,False
2023789,5,6459.888248,21361.71209,80333.12776,4,545,0.0804137524347278,True,False,False
1410427,5,2514.722735,23228.55773,66592.36868,5,608,0.03776292666632924,True,False,False
3779249,5,4371.080033,21742.30206,74016.77232,2,616,0.059055264043429444,False,False,False
1648023,5,2911.117016,13437.47174,44683.04084,5,534,0.06515037833759033,True,False,False
1744935,5,2787.69516,12668.33199,51504.7556,5,626,0.05412500510923695,True,False,False
7904284,4,4730.606688,17557.28387,68280.05081,1,570,0.06928241311893071,False,False,False
2572737,4,2922.354373,8531.010414,36935.11923,3,537,0.0791212925238471,True,False,False
8838592,5,4429.009343,26716.4405,99683.45517,3,572,0.04443073662973233,True,False,False
2566409,4,4126.564756,21891.28845,80933.65665,1,512,0.05098700499651772,False,False,False
1032247,5,6261.188542,27607.91575,88720.95102,3,543,0.07057170228696677,True,False,False
2823625,4,3814.89686,13523.1529,61407.33243,5,684,0.0621244517395168,True,False,False
5652610,5,4678.661225,25987.44629,87816.59481,3,713,0.05327764342403338,True,False,False
3996748,4,3912.604863,12718.19941,55012.80494,5,715,0.07112171188630179,True,False,False
3160300,4,4681.433592,19091.90743,74680.46775,5,563,0.06268618466171834,True,False,False
7858211,5,4970.869798,25777.1911,78901.93054,4,684,0.06300061055514954,True,False,False
6426418,5,5538.396003,26810.91121,96595.37797,3,592,0.05733603531962037,True,False,False
4189901,4,3962.801225,18825.29468,74948.38922,3,578,0.05287373439564897,True,False,False
1293708,5,5040.404863,23395.04103,84770.5444,4,566,0.05945939003548501,True,False,False
7286766,5,6380.9341,28966.19979,100727.3454,2,597,0.06334857803172086,False,False,False
3419976,5,3754.042918,16260.21815,54752.97836,2,566,0.06856326414459547,False,False,False
3908860,4,5712.890598,20247.17526,77563.26048,3,605,0.07365459577957134,True,False,False
3718577,5,4022.968374,14623.97896,53127.20865,3,604,0.07572331534493296,True,False,False
1826181,5,3420.400721,14235.46986,48437.82466,1,554,0.07061425125939998,False,False,False
7740109,4,2947.889285,11888.70979,49761.29981,2,668,0.059240600552150253,False,False,False
6973402,3,3130.422313,10164.49002,51994.33389,4,545,0.06020698946971354,True,False,False
4059394,4,5971.632945,21113.24614,93407.14746,6,683,0.06393122054773431,False,True,False
5464701,5,4690.734695,19050.75554,69836.10034,3,589,0.06716776383794285,True,False,False
1309122,5,5749.201704,24064.85245,84303.4399,5,707,0.06819652567937504,True,False,False
4658909,5,3677.062247,18433.22523,72688.97862,5,651,0.050586241777075616,True,False,False
3597549,4,3743.193167,19444.13833,87943.17233,6,667,0.042563772352377224,False,True,False
8170825,4,2252.008559,7205.977999,36597.13759,6,581,0.06153510102974149,False,True,False
5121884,5,5090.756304,25350.65997,78925.81502,1,666,0.06450052245529539,False,False,False
4022311,5,4574.820825,21225.21744,76241.1974,3,540,0.0600045773284248,True,False,False
6865674,4,5493.456733,18074.77887,74984.32424,2,593,0.07326140214876463,False,False,False
5530537,5,4399.609707,18983.59494,74551.79742,5,589,0.05901413325039051,True,False,False
6073195,5,5258.183963,19334.21622,76204.50896,4,651,0.06900095591141514,True,False,False
7610202,5,2767.80677,13832.86696,45058.30304,3,570,0.061427230571531086,True,False,False
1746543,5,4372.7314,19373.8064,66951.81433,3,605,0.06531161916609407,True,False,False
1927234,5,3488.858869,14194.63668,53827.20594,5,620,0.06481590132857637,True,False,False
6027561,5,4464.588116,25624.65776,76172.05544,4,574,0.05861188975682445,True,False,False
6972424,4,4290.842733,18032.45221,71988.96316,3,560,0.05960417464915188,True,False,False
8241068,5,3101.142819,22145.00313,77484.67239,6,586,0.04002266155803256,False,True,False
6392390,4,3467.220432,13004.13488,51320.14669,3,519,0.06756061031827888,True,False,False
7242220,5,3005.023314,11971.4572,45713.05407,5,622,0.06573665608511814,True,False,False
5010492,4,3195.493489,10320.39878,47675.73526,5,685,0.06702557331467152,True,False,False
8790408,4,3079.129513,9909.434154,42632.57478,3,584,0.07222480764742588,True,False,False
6461300,5,3002.285163,18397.65975,62135.93139,3,621,0.048318019796886484,True,False,False
2895764,5,4449.927899,20251.46061,75616.40081,5,662,0.05884871339196976,True,False,False
7253609,5,6402.691692,29314.33797,102781.1951,2,613,0.062294388441101134,False,False,False
1592786,5,2926.975127,26519.20017,86875.69076,4,615,0.03369153213510518,True,False,False
3621088,5,2150.331087,12702.64336,41578.21862,5,630,0.05171773006084598,True,False,False
1855535,5,4720.164154,24462.3927,88199.04057,6,577,0.053517182539574194,False,True,False
4692806,5,5702.54985,25839.75024,77131.69821,4,590,0.07393263706542733,True,False,False
8699119,4,6474.593048,19127.43288,80621.09062,1,515,0.08030892410668805,False,False,False
2283883,3,1629.960413,5889.843826,25711.76734,2,668,0.06339355795524246,False,False,False
7046407,5,4825.414614,17121.32402,58158.63499,3,575,0.08296987394614229,True,False,False
6204456,5,5615.077463,25491.18395,115321.7324,7,664,0.04869054033565663,False,True,False
1913363,5,1721.742642,7069.377531,21484.78066,3,679,0.08013778075032951,True,False,False
8686751,5,4349.371138,17859.14118,68328.18341,5,626,0.0636541310033344,True,False,False
5300995,5,2055.451343,12393.46295,43764.18912,3,629,0.04696651267464407,True,False,False
7046407,5,4825.414614,17121.32402,58158.63499,3,575,0.08296987394614229,True,False,False
3539941,4,3837.164141,11193.75899,47236.73586,3,503,0.08123262691928096,True,False,False
2399682,5,6050.286262,21279.66167,83084.80076,4,532,0.0728206146811009,True,False,False
5645415,5,4010.525435,16381.38226,55097.97351,2,514,0.07278898259791915,False,False,False
1116417,4,4889.739399,15974.46354,69150.94443,6,634,0.07071110075654537,False,True,False
3416607,5,2536.548133,11442.74957,37990.83557,3,710,0.06676736889153921,True,False,False
6297543,5,3547.245298,17032.43552,76662.61236,7,657,0.04627086383832694,False,True,False
5605235,5,4596.778439,17794.57179,60080.28498,3,616,0.07651059645489718,True,False,False
7337299,4,4068.885833,15467.4188,68030.96889,5,494,0.059809317717920855,True,False,False
6326943,5,3677.861168,22750.09446,80646.75061,5,607,0.04560457972802631,True,False,False
6002919,4,4151.014379,17360.34761,71820.75195,5,660,0.0577968660351794,True,False,False
3291461,4,5453.353365,22129.53256,89062.37285,5,607,0.061230721689670316,True,False,False
4122871,5,2790.043417,12434.67871,48544.95571,3,541,0.05747339504576509,True,False,False
3933004,5,4789.405005,19576.9398,79943.2184,6,550,0.05991008494349034,False,True,False
3043459,3,4791.038616,16063.39346,79805.34706,2,606,0.06003405526697298,False,False,False
4591916,5,3699.071466,20346.5005,69374.45433,6,581,0.053320368451538064,False,True,False
5547803,5,3554.222715,13808.82056,48887.41985,3,675,0.07270219467309441,True,False,False
3881789,5,5902.970796,24083.86233,86570.66137,3,557,0.06818673558205715,True,False,False
8053902,5,3436.562865,14786.18273,52077.27617,4,566,0.06598968144535353,True,False,False
2347193,5,2876.306886,12883.91325,49671.55447,5,617,0.05790652047616499,True,False,False
4765821,5,4993.661861,17091.06383,71136.19395,3,641,0.07019860894595978,True,False,False
6533715,5,3697.064738,19495.00799,62391.16654,6,667,0.05925622076051024,False,True,False
6470633,4,5628.221523,17517.07381,75739.70912,5,659,0.07431004935710532,True,False,False
1266173,5,2164.114355,10953.60129,41129.92553,3,642,0.05261653959041341,True,False,False
8490683,4,3187.787229,13178.68488,51857.87714,1,557,0.06147161057892853,False,False,False
2868933,4,3887.552042,11656.5605,61638.23039,5,636,0.06307046807480549,True,False,False
5929382,4,2721.436749,10858.20226,43343.95016,1,505,0.06278700346770609,False,False,False
3135480,5,3652.237653,18495.57882,67423.43461,4,567,0.054168668121488926,True,False,False
7727278,5,5232.250034,21209.50201,83490.91925,5,620,0.06266849234624997,True,False,False
8711328,5,4926.741674,18943.13978,72136.00622,4,622,0.06829795454678278,True,False,False
3842204,5,3303.413563,14081.08903,54065.82427,3,673,0.06109984648533317,True,False,False
5645415,5,4010.525435,16381.38226,55097.97351,2,514,0.07278898259791915,False,False,False
8309256,5,5531.375206,16325.28469,62328.87836,2,638,0.08874498228657038,False,False,False
5034668,5,4862.845105,22760.99271,62494.49753,2,536,0.07781237224390242,False,False,False
5273335,5,3796.964595,17739.13539,63958.8019,4,565,0.059365786759679746,True,False,False
8572282,5,4725.02332,26174.59044,76694.37795,3,616,0.06160847048111433,True,False,False
5913790,4,4759.125449,21890.95882,82684.15468,5,591,0.057557889627323694,True,False,False
3621504,3,2835.107877,7716.404618,36923.78928,2,582,0.07678269030030604,False,False,False
6481166,5,4266.365903,18402.60015,67940.95771,4,543,0.06279519816618728,True,False,False
4465469,5,6774.331885,28778.41852,104460.9161,3,619,0.0648503970472072,True,False,False
7642455,5,3170.584041,16677.87025,54001.22125,4,559,0.05871319143546221,True,False,False
1892853,5,1992.516152,11385.13317,41590.87869,4,624,0.047907527197281245,True,False,False
8866298,5,4920.294651,17406.81398,66058.94542,3,628,0.0744833969073677,True,False,False
1220927,5,3820.317973,20556.49054,65340.00297,2,570,0.05846828587923463,False,False,False
4222389,5,4973.534646,25252.5309,90710.96485,5,551,0.05482837333087853,True,False,False
1337395,5,4271.31469,22756.28103,83475.30929,4,438,0.05116859974919177,True,False,False
6431261,5,4146.591104,18115.69147,64792.80257,3,661,0.06399771177547321,True,False,False
6769476,5,6102.715859,27628.70017,98888.63099,3,569,0.06171301794659418,True,False,False
5341673,4,5233.929056,18398.72067,82016.67336,2,602,0.0638154272976477,False,False,False
1086984,4,5007.576713,17930.46384,71234.36815,3,608,0.07029720123937115,True,False,False
4080181,3,4646.266068,13442.32491,60701.68951,2,636,0.07654261529631023,False,False,False
5600112,5,3992.728087,18528.00845,64348.07693,4,596,0.06204891082205026,True,False,False
6726712,4,4037.841409,17524.48,69352.16232,5,651,0.058222285707096894,True,False,False
5313867,5,2086.641806,11665.96212,43195.77406,5,598,0.04830661914060396,True,False,False
6744746,4,6669.065955,21988.07852,83813.88176,2,500,0.0795699449179169,False,False,False
6990844,5,3135.006926,17054.77273,59367.84811,5,707,0.05280647734092177,True,False,False
3718577,5,4022.968374,14623.97896,53127.20865,3,604,0.07572331534493296,True,False,False
5138522,5,7605.778714,32759.36273,106602.888,4,627,0.07134683550036655,True,False,False
2489621,5,3736.452803,20995.89701,75184.01719,5,597,0.049697434942289495,True,False,False
1795767,5,5700.276794,26488.38806,92408.95124,3,563,0.06168533153455579,True,False,False
2449444,5,4246.645948,15751.98672,65140.75415,3,591,0.0651918450041463,True,False,False
4744929,5,3119.189274,14707.21334,52337.50182,2,532,0.0595975957111512,False,False,False
2167053,5,7167.713567,30636.10721,111114.044,4,572,0.06450771935723985,True,False,False
8245455,5,5324.280161,21129.10662,63257.83741,2,558,0.08416791308389433,False,False,False
8341778,5,4790.719413,21651.04623,75569.32526,2,581,0.06339502697049752,False,False,False
2807117,5,4795.860001,23214.84697,72351.49295,4,666,0.06628557069740466,True,False,False
4140781,5,3396.845281,14622.27822,55294.1336,3,563,0.06143229054953489,True,False,False
7074350,5,5894.987356,21383.10706,77903.17818,4,554,0.0756706914110651,True,False,False
1892869,5,4574.135951,23199.70095,78307.9492,2,650,0.05841215352629871,False,False,False
1070919,5,2340.06117,13099.50935,46440.39383,2,614,0.050388486767921105,False,False,False
7265245,5,4084.822615,21492.1114,68657.0797,4,636,0.05949601458216406,True,False,False
4457453,4,4473.086801,17921.78682,75332.02695,1,695,0.0593782881213181,False,False,False
6652338,5,2453.544367,10433.5278,37495.50272,3,655,0.06543569732407631,True,False,False
8835093,3,6104.353215,23786.77261,111338.0614,3,703,0.05482719151242559,True,False,False
2842157,5,3790.377139,20640.80879,63052.45714,4,598,0.06011466183758624,True,False,False
7992322,5,2109.723734,11299.77189,41919.88978,5,713,0.050327511476581946,True,False,False
4190772,5,3076.667036,14208.61977,56658.2276,5,558,0.05430221110552353,True,False,False
2088887,5,3411.916732,18131.92752,60719.62292,1,615,0.056191335978737995,False,False,False
3881789,5,5902.970796,24083.86233,86570.66137,3,557,0.06818673558205715,True,False,False
4803997,5,4487.053001,22569.36359,73279.12118,2,595,0.06123235280044061,False,False,False
7465776,5,5741.478961,20938.38431,72882.41397,3,527,0.07877728862498048,True,False,False
3575305,5,4861.818817,18505.04417,73703.90473,3,449,0.06596419599219788,True,False,False
2207601,3,3945.08196,11557.33846,53571.89707,2,636,0.07364088590786953,False,False,False
3235789,4,2739.595209,17008.39916,72058.98501,6,536,0.038018787089768365,False,True,False
8790408,4,3079.129513,9909.434154,42632.57478,3,584,0.07222480764742588,True,False,False
8033049,5,3668.82614,20264.17601,75087.47745,4,694,0.04886069241629584,True,False,False
5280923,5,4644.10752,25085.58731,80772.53936,6,637,0.057496118814606,False,True,False
1660812,5,3703.816101,17699.90947,59680.86485,6,642,0.06206036240106531,False,True,False
1070919,5,2340.06117,13099.50935,46440.39383,2,614,0.050388486767921105,False,False,False
5600112,5,3992.728087,18528.00845,64348.07693,4,596,0.06204891082205026,True,False,False
1657469,5,1611.483787,7700.811384,27939.19084,2,547,0.05767825547377234,False,False,False
5365124,5,4187.127896,18215.03757,74350.33746,5,639,0.05631619221974141,True,False,False
7296980,3,4971.913843,16488.61892,74186.62943,1,492,0.06701900168805122,False,False,False
3593302,5,4354.354803,24269.10365,89592.17411,5,622,0.048601954872239006,True,False,False
4579920,5,4113.083493,15339.37239,69857.05165,8,663,0.05887857268307716,False,True,False
4658741,5,4441.486094,22838.88517,81900.15244,3,610,0.05423049849942379,True,False,False
4722352,4,4796.82477,16515.99761,78021.89609,5,668,0.061480494712237654,True,False,False
7065268,5,3031.641296,14133.50465,51218.90654,5,610,0.059189887109995294,True,False,False
5088122,4,3896.915628,12948.2793,56039.72255,6,605,0.06953845327344506,False,True,False
5969097,4,2797.025357,13455.74776,54976.00215,1,675,0.05087720546445737,False,False,False
7820023,4,6720.829949,17136.66874,76042.71443,6,603,0.08838229933502387,False,True,False
2934675,3,3269.284385,13631.98253,66576.33129,3,590,0.04910580564674428,True,False,False
2175930,5,3547.421471,14248.88226,44962.97584,5,712,0.07889650105952596,True,False,False
4591916,5,3699.071466,20346.5005,69374.45433,6,581,0.053320368451538064,False,True,False
3593302,5,4354.354803,24269.10365,89592.17411,5,622,0.048601954872239006,True,False,False
7838820,5,3424.181288,17958.7509,62475.97969,3,613,0.054807964676832105,True,False,False
5810372,3,6579.413057,18302.42126,86669.32695,2,545,0.07591397428060909,False,False,False
1939722,5,3856.004879,15893.48182,56810.17836,4,473,0.06787524683631357,True,False,False
5234764,5,5120.364887,21774.77036,73880.9181,4,588,0.06930564777321033,True,False,False
1648023,5,2911.117016,13437.47174,44683.04084,5,534,0.06515037833759033,True,False,False
6615691,5,4031.462782,22986.02165,76205.73572,4,620,0.05290235366026331,True,False,False
1889339,4,4488.273652,17904.25119,67633.18288,2,492,0.06636200546650955,False,False,False
6235806,5,3927.297363,22546.62628,84699.68913,4,618,0.046367317322407745,True,False,False
7459086,5,3071.772244,16876.52629,55397.55261,2,585,0.055449602000025966,False,False,False
3539941,4,3837.164141,11193.75899,47236.73586,3,503,0.08123262691928096,True,False,False
5368851,4,6027.062467,17653.62524,80492.5566,5,639,0.07487726470101957,True,False,False
4570465,5,6163.80366,22891.73376,74879.65589,3,587,0.0823161322890529,True,False,False
4655536,3,6203.489832,18124.7868,89553.01971,3,606,0.06927169906820332,True,False,False
5901447,5,4338.461282,17095.02406,63496.12099,3,642,0.06832639875250433,True,False,False
2113289,5,3564.75614,16131.8156,55575.17929,4,578,0.06414295348285866,True,False,False
1407092,5,6632.014284,28896.82271,102576.6633,4,591,0.06465422124917179,True,False,False
5740743,4,6412.606697,19535.00286,84630.48879,3,578,0.07577182630850784,True,False,False
6351145,5,3385.651941,16690.72779,52590.74911,3,695,0.06437732868034442,True,False,False
6472993,3,2433.093807,7161.239983,39381.2015,3,624,0.06178312784590892,True,False,False
3747877,4,3336.450363,13465.5865,51250.14974,3,556,0.06510128028749833,True,False,False
5813679,5,6457.312087,30285.95181,111569.8773,4,583,0.05787684134165486,True,False,False
1617003,5,4429.521296,17380.20702,59413.46694,4,536,0.0745541629555678,True,False,False
3487499,4,3910.85552,18092.90375,75685.73208,4,626,0.051672295590220574,True,False,False
3539941,4,3837.164141,11193.75899,47236.73586,3,503,0.08123262691928096,True,False,False
4319411,4,4203.041432,14808.36154,60832.26859,2,705,0.06909230132987221,False,False,False
7117766,5,3628.184338,15690.00769,61497.63576,5,639,0.058997135307108595,True,False,False
4956779,5,2747.70401,13073.86428,44034.81776,3,647,0.06239844172798956,True,False,False
8047168,5,3120.16395,9945.747295,39704.93939,3,614,0.07858377315105128,True,False,False
3235789,4,2739.595209,17008.39916,72058.98501,6,536,0.038018787089768365,False,True,False
8580775,5,5195.092409,21343.11585,76208.43925,5,511,0.06816951587156406,True,False,False
4579920,5,4113.083493,15339.37239,69857.05165,8,663,0.05887857268307716,False,True,False
7579723,4,3889.452505,14572.86442,58593.22685,2,682,0.06638058209282598,False,False,False
6538976,5,5069.924765,27061.74485,87752.8963,4,605,0.05777501346129359,True,False,False
7749882,5,6186.874279,25997.55454,93188.26966,2,587,0.0663911273551165,False,False,False
5150971,4,1750.854887,7792.681291,37608.07056,4,657,0.04655529680010258,True,False,False
6775457,5,3872.925283,21183.15095,73404.98195,4,568,0.05276106852853739,True,False,False
3645629,5,4651.92823,24355.88637,91034.65106,3,597,0.05110063229587119,True,False,False
8780769,5,4290.746462,23007.19972,76738.17445,4,601,0.0559141065415324,True,False,False
6744746,4,6669.065955,21988.07852,83813.88176,2,500,0.0795699449179169,False,False,False
7046407,5,4825.414614,17121.32402,58158.63499,3,575,0.08296987394614229,True,False,False
4275054,5,7214.170283,28453.47137,89551.36528,4,666,0.08055902062959593,True,False,False
4182057,5,4835.138476,22164.44825,68190.20854,3,571,0.07090663864392985,True,False,False
3062284,5,3422.112241,14209.23493,56296.12052,5,616,0.060787709870420745,True,False,False
4509870,5,5299.605945,24534.14902,73401.96116,3,731,0.07219978678019288,True,False,False
5440309,5,4854.454453,21002.15478,89538.58671,5,628,0.054216339919712364,True,False,False
8147812,4,2856.581126,11811.44214,47521.30673,3,581,0.06011158620342931,True,False,False
8447957,5,2625.417782,12139.7497,42782.70921,2,518,0.06136632837142386,False,False,False
8583455,4,3828.030126,15809.14801,67401.21177,6,646,0.05679467809959821,False,True,False
3321981,5,6263.569738,24411.2371,82782.7059,4,695,0.07566278089008444,True,False,False
4854749,5,2883.230961,17454.73611,55000.42056,5,712,0.052421980262036025,True,False,False
2037750,5,5528.310211,22566.68211,73708.23089,4,611,0.07500261699741902,True,False,False
4682533,5,4651.635134,19416.22251,70205.36695,5,632,0.06625754320624629,True,False,False
6809367,4,5759.938932,22075.14038,82613.51713,3,648,0.06972150723151278,True,False,False
5984706,4,3182.230359,10533.4897,40152.78242,2,483,0.07925304716653805,False,False,False
3996748,4,3912.604863,12718.19941,55012.80494,5,715,0.07112171188630179,True,False,False
3303160,5,4464.116034,24670.83117,82270.30656,3,512,0.05426157043360846,True,False,False
3645629,5,4651.92823,24355.88637,91034.65106,3,597,0.05110063229587119,True,False,False
1191998,5,3019.219283,14536.33361,52203.97979,3,613,0.05783504045372323,True,False,False
5814719,5,5428.515969,25872.90992,81509.14578,6,652,0.06660008416297256,False,True,False
2350385,5,6039.454067,26447.96887,87324.62813,4,558,0.06916094802040355,True,False,False
7581099,5,3384.162868,16663.46241,59178.16504,6,549,0.05718600544157731,False,True,False
7506533,5,7516.613946,34431.28513,110858.505,3,659,0.06780367411593725,True,False,False
5010492,4,3195.493489,10320.39878,47675.73526,5,685,0.06702557331467152,True,False,False
7253609,5,6402.691692,29314.33797,102781.1951,2,613,0.062294388441101134,False,False,False
3419976,5,3754.042918,16260.21815,54752.97836,2,566,0.06856326414459547,False,False,False
5366858,5,5783.967482,25426.98846,80660.85815,1,500,0.07170723960367387,False,False,False
7951943,5,4791.63958,17273.88017,68754.38804,3,485,0.06969212753682448,True,False,False
5566815,5,5143.597478,29144.52611,101067.9726,4,672,0.05089245728077462,True,False,False
8219678,5,4520.026998,17118.68836,68502.57881,5,658,0.0659833115266628,True,False,False
1900307,4,4612.561768,21024.34476,82358.77443,3,631,0.056005711594462826,True,False,False
1438730,5,2711.992713,10558.83232,34083.72693,4,647,0.07956854948902152,True,False,False
7286766,5,6380.9341,28966.19979,100727.3454,2,597,0.06334857803172086,False,False,False
3677047,5,4021.130107,19783.96295,65614.6892,2,515,0.06128399228933634,False,False,False
8356722,5,6105.574869,26597.58123,95258.66246,2,630,0.06409469450155032,False,False,False
3330128,5,4089.44767,20591.1204,66473.29366,3,572,0.061520160125009826,True,False,False
6652338,5,2453.544367,10433.5278,37495.50272,3,655,0.06543569732407631,True,False,False
2489621,5,3736.452803,20995.89701,75184.01719,5,597,0.049697434942289495,True,False,False
6347377,3,3486.675626,11942.26036,56165.41588,3,649,0.06207869329142765,True,False,False
5990565,5,5377.172319,25028.71433,90243.39901,4,549,0.05958521485215942,True,False,False
1252008,5,5176.915602,22990.26543,82417.59227,2,425,0.06281323512873838,False,False,False
8096902,5,4630.830673,23908.65075,69521.02991,4,554,0.0666105015848434,True,False,False
1348531,4,2091.335878,10728.40782,41360.13224,5,599,0.05056405201667701,True,False,False
2548568,5,4939.559872,36617.98351,110839.2913,7,572,0.0445650618482437,False,True,False
5815021,4,3059.035754,11922.09942,49548.75367,4,508,0.061737895051276276,True,False,False
1997918,5,4152.344274,24298.35459,80751.52172,2,649,0.051421251086734315,False,False,False
2037750,5,5528.310211,22566.68211,73708.23089,4,611,0.07500261699741902,True,False,False
6706686,5,3267.458419,15173.36331,48916.04478,4,532,0.06679727344464174,True,False,False
1252008,5,5176.915602,22990.26543,82417.59227,2,425,0.06281323512873838,False,False,False
5201032,5,7024.41041,26596.32318,92471.08498,3,539,0.07596331773893716,True,False,False
2083305,5,5282.677199,32246.04583,111230.0215,4,518,0.04749326780450186,True,False,False
6325220,5,3507.902474,19990.89793,69486.70311,4,542,0.05048307542303254,True,False,False
7766631,5,3489.452828,19686.2848,68344.72099,3,638,0.0510566548147964,True,False,False
7273820,5,4142.745291,21820.94088,75350.08916,4,550,0.0549799653481923,True,False,False
4828113,5,5444.325243,23588.40791,83329.24777,4,538,0.06533510608456558,True,False,False
2950385,5,4709.774494,30246.48183,95212.95173,4,566,0.04946569146764546,True,False,False
7343548,5,4388.660393,19275.03641,68091.41961,4,479,0.06445247313298011,True,False,False
3873416,5,3570.396396,19327.61013,74141.03734,6,591,0.04815681738612157,False,True,False
4854749,5,2883.230961,17454.73611,55000.42056,5,712,0.052421980262036025,True,False,False
6682975,5,6817.101585,24483.45478,79884.16092,3,610,0.08533733729552455,True,False,False
8241068,5,3101.142819,22145.00313,77484.67239,6,586,0.04002266155803256,False,True,False
1934140,3,6552.815028,22009.50846,99488.21807,3,546,0.06586523665937441,True,False,False
8572282,5,4725.02332,26174.59044,76694.37795,3,616,0.06160847048111433,True,False,False
2211560,5,5190.695843,31527.18281,95946.53116,6,549,0.054099880217076526,False,True,False
1975003,5,3368.903488,16223.71788,60476.01784,3,558,0.05570643716841658,True,False,False
6296709,5,4097.325584,22850.79132,73654.83163,4,613,0.055628741432505534,True,False,False
7901970,5,6350.219165,33119.39403,102269.8474,3,514,0.06209278029097754,True,False,False
7296980,3,4971.913843,16488.61892,74186.62943,1,492,0.06701900168805122,False,False,False
1062689,5,2839.99453,16392.69981,62035.62379,5,586,0.045780059206204045,True,False,False
3853116,3,3715.518342,11072.18692,55280.20089,4,503,0.06721246092056306,True,False,False
6053019,4,5355.534947,19208.84945,74273.67604,3,558,0.07210542459371182,True,False,False
3487499,4,3910.85552,18092.90375,75685.73208,4,626,0.051672295590220574,True,False,False
4388212,5,5994.900935,27984.00504,84300.67395,4,677,0.07111332156793511,True,False,False
6665484,5,4292.117412,18305.70227,59670.69209,3,569,0.0719300759161012,True,False,False
8047168,5,3120.16395,9945.747295,39704.93939,3,614,0.07858377315105128,True,False,False
3436178,5,3305.392882,18399.6243,65451.95432,4,487,0.050501057093569154,True,False,False
4372380,5,2514.549741,14169.2705,50267.08601,4,597,0.05002378177441521,True,False,False
6461300,5,3002.285163,18397.65975,62135.93139,3,621,0.048318019796886484,True,False,False
4547037,5,3103.034567,31664.37993,78268.55336,6,550,0.03964599361799166,False,True,False
4275054,5,7214.170283,28453.47137,89551.36528,4,666,0.08055902062959593,True,False,False
2950385,5,4709.774494,30246.48183,95212.95173,4,566,0.04946569146764546,True,False,False
4750132,5,4949.051775,21072.23408,75100.47817,3,584,0.06589907142531314,True,False,False
4107203,5,7193.906861,29189.99564,102751.036,3,494,0.07001298615616879,True,False,False
3933004,5,4789.405005,19576.9398,79943.2184,6,550,0.05991008494349034,False,True,False
5306465,5,7027.3671,35406.58482,106080.8378,5,693,0.06624539592389984,True,False,False
5150971,4,1750.854887,7792.681291,37608.07056,4,657,0.04655529680010258,True,False,False
6989720,5,2761.211689,14467.01803,52818.65598,3,611,0.05227720466884928,True,False,False
8835093,3,6104.353215,23786.77261,111338.0614,3,703,0.05482719151242559,True,False,False
6040639,5,2893.924999,12910.86685,48562.55684,6,598,0.05959169342204676,False,True,False
7740109,4,2947.889285,11888.70979,49761.29981,2,668,0.059240600552150253,False,False,False
3996748,4,3912.604863,12718.19941,55012.80494,5,715,0.07112171188630179,True,False,False
1656393,3,4373.749145,13796.12381,67954.1625,2,587,0.06436322638808181,False,False,False
8556906,5,7437.985504,22770.91444,86191.15107,4,542,0.08629639367455776,True,False,False
4449818,5,3055.471499,17082.42083,65207.42729,3,608,0.04685772198021647,True,False,False
3416607,5,2536.548133,11442.74957,37990.83557,3,710,0.06676736889153921,True,False,False
2264619,5,4110.596342,15817.48591,59976.81892,3,636,0.06853641816987516,True,False,False
6770159,3,4393.697084,13448.54123,63134.42279,3,667,0.0695927338817126,True,False,False
7332941,5,3933.413055,17365.53469,62481.77904,6,600,0.06295296189440895,False,True,False
4122871,5,2790.043417,12434.67871,48544.95571,3,541,0.05747339504576509,True,False,False
4187740,5,5805.394059,28826.35226,84077.12446,6,630,0.06904843732806225,False,True,False
7021959,4,2000.753397,9528.07391,32804.90737,1,658,0.06098945424335152,False,False,False
7897429,5,4165.508378,19663.68843,64880.18676,4,601,0.06420308858556067,True,False,False
1174998,4,1759.838321,7072.338819,29580.92988,3,549,0.05949232590520579,True,False,False
4750132,5,4949.051775,21072.23408,75100.47817,3,584,0.06589907142531314,True,False,False
6137552,5,7240.998261,27063.11345,94816.76301,3,647,0.07636833436547835,True,False,False
5121884,5,5090.756304,25350.65997,78925.81502,1,666,0.06450052245529539,False,False,False
6610306,5,5390.873161,30441.76235,91844.02459,2,584,0.058695959645337234,False,False,False
1666246,4,4641.646031,15812.12985,64900.22511,0,574,0.07151972159006892,False,False,False
2152630,5,6410.871096,24303.80399,90415.64207,4,564,0.0709044469433363,True,False,False
2592025,5,7595.629034,32128.76588,118629.7689,4,646,0.0640280184681368,True,False,False
5099808,3,3311.524905,15610.45432,77575.55722,3,603,0.042687735978598235,True,False,False
8819083,4,3463.28979,17419.9279,73872.41814,6,576,0.04688204173087328,False,True,False
7290681,5,4992.307979,20320.19944,67797.73406,4,494,0.07363532200916746,True,False,False
6901345,3,5281.352243,16411.51801,79905.09892,1,409,0.06609530949066998,False,False,False
1062689,5,2839.99453,16392.69981,62035.62379,5,586,0.045780059206204045,True,False,False
1710641,4,7105.884383,27241.41097,110305.6891,4,455,0.06441992648772636,True,False,False
1108441,5,4457.616048,20573.89764,81733.30642,4,680,0.054538550356617276,True,False,False
1467134,4,2608.798997,11177.43742,39682.19883,1,480,0.06574229941682896,False,False,False
4800423,4,4221.833671,16128.47822,71658.90999,6,669,0.05891568364058506,False,True,False
7506533,5,7516.613946,34431.28513,110858.505,3,659,0.06780367411593725,True,False,False
6157630,4,4042.860846,23300.21687,83003.13943,0,563,0.04870732449113582,False,False,False
6235599,4,941.5106456,8122.781642,34944.95357,4,628,0.02694267839600967,True,False,False
8004391,3,4449.96214,10433.12752,53273.79013,2,610,0.08353004599712342,False,False,False
6682975,5,6817.101585,24483.45478,79884.16092,3,610,0.08533733729552455,True,False,False
3187932,5,3380.406841,17820.22804,65263.28592,5,653,0.051796454826741584,True,False,False
1467134,4,2608.798997,11177.43742,39682.19883,1,480,0.06574229941682896,False,False,False
7117713,5,4994.791798,17122.52063,64268.63935,3,498,0.07771740383048892,True,False,False
1117952,5,4582.245977,14674.60847,52214.19696,3,681,0.08775862205657102,True,False,False
4358774,5,6325.816155,24839.48271,83250.84105,4,601,0.07598501198565369,True,False,False
2193028,5,7607.008155,25712.93271,93765.18498,2,571,0.08112827971941361,False,False,False
8678499,5,4775.099192,19690.09735,75842.65529,3,608,0.06296060144178003,True,False,False
3660028,5,4965.810848,30024.22504,85167.37624,5,659,0.05830649090335297,True,False,False
1744935,5,2787.69516,12668.33199,51504.7556,5,626,0.05412500510923695,True,False,False
4611592,5,4513.667807,19724.75874,75781.92412,3,498,0.05956127215578015,True,False,False
6381573,5,3848.509319,18052.44355,60919.57161,4,587,0.06317361099709808,True,False,False
4953208,5,2672.449283,16875.53832,63734.25641,5,623,0.0419311283057613,True,False,False
4512115,5,6383.483031,33554.64978,95897.73625,5,609,0.06656552365697788,True,False,False
7501010,5,4717.911867,22967.00779,90521.28125,4,520,0.05211936686987625,True,False,False
6513386,5,3849.738554,15514.29884,52718.45681,3,638,0.07302449250126296,True,False,False
1410427,5,2514.722735,23228.55773,66592.36868,5,608,0.03776292666632924,True,False,False
2193028,5,7607.008155,25712.93271,93765.18498,2,571,0.08112827971941361,False,False,False
1284687,4,3074.230112,12618.12469,56532.31491,5,688,0.05438005001023228,True,False,False
5387191,5,4638.233339,24676.74922,74116.91057,1,623,0.06257996054246491,False,False,False
4260463,4,5713.43439,21401.27554,81627.55137,3,533,0.06999394559935089,True,False,False
1514916,5,5059.539885,21233.54647,76312.27643,4,570,0.06630047119143449,True,False,False
6858809,5,3381.351037,16392.72631,64233.7918,4,569,0.05264131140705911,True,False,False
7097110,5,4141.358322,19931.94559,70036.44562,2,648,0.05913147483911392,False,False,False
8669957,3,3683.060009,11960.33372,58451.98177,2,711,0.06301001090933585,False,False,False
4457453,4,4473.086801,17921.78682,75332.02695,1,695,0.0593782881213181,False,False,False
3769733,5,4764.435819,17874.86079,70500.97312,4,528,0.06757971710391053,True,False,False
6770159,3,4393.697084,13448.54123,63134.42279,3,667,0.0695927338817126,True,False,False
4512115,5,6383.483031,33554.64978,95897.73625,5,609,0.06656552365697788,True,False,False
8651006,5,4713.502539,21925.40346,75485.17898,2,624,0.062442755024120104,False,False,False
4512115,5,6383.483031,33554.64978,95897.73625,5,609,0.06656552365697788,True,False,False
4325422,5,4046.284029,22803.64959,84109.29886,3,549,0.04810745165923976,True,False,False
8597370,5,5143.811559,22191.9761,77353.78186,3,637,0.06649722140682934,True,False,False
8072278,5,3761.656352,18695.83928,66585.63071,3,627,0.05649351537095323,True,False,False
3303160,5,4464.116034,24670.83117,82270.30656,3,512,0.05426157043360846,True,False,False
6683873,5,5761.369522,21578.27967,75066.29165,3,614,0.07675042146563797,True,False,False
3539941,4,3837.164141,11193.75899,47236.73586,3,503,0.08123262691928096,True,False,False
5514855,5,4164.953413,21207.42319,78054.61292,7,655,0.053359478154977956,False,True,False
1934140,3,6552.815028,22009.50846,99488.21807,3,546,0.06586523665937441,True,False,False
2324728,4,5628.249015,19169.28645,84612.28468,4,755,0.0665181071080375,True,False,False
3597549,4,3743.193167,19444.13833,87943.17233,6,667,0.042563772352377224,False,True,False
3125985,3,4590.852814,14624.39601,78424.67328,3,512,0.058538373473476325,True,False,False
8170825,4,2252.008559,7205.977999,36597.13759,6,581,0.06153510102974149,False,True,False
6521649,5,5168.749054,21174.21566,74668.15508,3,594,0.06922293779004135,True,False,False
3696825,4,5908.750193,27660.23928,100731.1048,1,574,0.05865864575526823,False,False,False
4958127,5,5742.279911,22148.8414,83127.52573,2,591,0.0690779601650968,False,False,False
1339769,5,3997.456304,23694.19012,82346.49797,5,653,0.04854433889169556,True,False,False
5294135,5,3610.069746,15620.71465,47335.58708,4,561,0.07626544780988487,True,False,False
5387191,5,4638.233339,24676.74922,74116.91057,1,623,0.06257996054246491,False,False,False
3584871,5,6967.346468,25887.47916,89398.12274,4,506,0.07793616078788815,True,False,False
2505345,5,4864.976346,19722.4911,72277.30041,4,550,0.0673098790132303,True,False,False
1117952,5,4582.245977,14674.60847,52214.19696,3,681,0.08775862205657102,True,False,False
5010492,4,3195.493489,10320.39878,47675.73526,5,685,0.06702557331467152,True,False,False
7234052,5,6081.739491,30779.66221,97838.77326,3,568,0.06216083142046542,True,False,False
7260202,5,4339.053991,16465.7152,65467.52026,4,510,0.0662779646115773,True,False,False
5866816,4,6101.814404,18472.06586,84116.51034,5,718,0.07254003262066376,True,False,False
3938321,5,5877.142211,26659.05764,86183.41732,6,579,0.06819342274602672,False,True,False
5201937,4,4259.647669,19342.44415,88285.75856,4,623,0.048248412184226694,True,False,False
2283883,3,1629.960413,5889.843826,25711.76734,2,668,0.06339355795524246,False,False,False
5802906,5,7600.863137,27092.91555,95113.3953,3,675,0.0799136978868843,True,False,False
7285079,5,3842.814785,27507.95962,96788.70176,6,570,0.03970313388982892,False,True,False
5674473,5,5166.789359,30758.14262,89335.8922,4,602,0.057835537674296604,True,False,False
3686674,5,3583.057273,19766.16806,69474.30661,3,551,0.05157384719380936,True,False,False
7716639,5,3415.130519,15428.57068,65315.6594,5,498,0.052286550428671016,True,False,False
6078487,5,4671.814888,15355.88447,54367.11999,4,599,0.08593088780239433,True,False,False
7782134,5,5135.697135,17439.63856,61662.19356,3,580,0.0832876165847513,True,False,False
4660514,5,4543.508548,27121.53114,101483.2702,6,610,0.04477101042413984,False,True,False
6393811,4,4857.797385,20463.84157,72367.55886,2,551,0.06712672724525283,False,False,False
4612284,4,3976.583011,16262.24358,60513.41862,1,559,0.06571406973338173,False,False,False
5935610,5,3838.979905,17987.11053,69364.65894,6,523,0.05534489700757693,False,True,False
1886987,3,6792.127351,22027.17376,99175.72111,3,597,0.06848578739817343,True,False,False
8490683,4,3187.787229,13178.68488,51857.87714,1,557,0.06147161057892853,False,False,False
5890405,5,4981.683281,21408.62267,68945.14754,4,618,0.0722557490809599,True,False,False
6533975,5,3440.109034,18987.95328,61788.59979,2,640,0.05567546514554218,False,False,False
2072297,5,3164.844122,12915.3259,38509.12744,4,576,0.08218425948318502,True,False,False
1415941,4,6047.683247,23890.10612,89006.05388,1,579,0.06794687533449831,False,False,False
1886987,3,6792.127351,22027.17376,99175.72111,3,597,0.06848578739817343,True,False,False
1657469,5,1611.483787,7700.811384,27939.19084,2,547,0.05767825547377234,False,False,False
7273820,5,4142.745291,21820.94088,75350.08916,4,550,0.0549799653481923,True,False,False
8683187,5,4638.03974,17138.74288,57686.68647,4,504,0.08040052261299521,True,False,False
8083037,5,4813.626959,24927.42196,82082.3233,4,642,0.058643892685722745,True,False,False
6901345,3,5281.352243,16411.51801,79905.09892,1,409,0.06609530949066998,False,False,False
1052192,4,6144.471936,20930.042,85548.94352,4,658,0.07182405396465848,True,False,False
6130948,5,4364.100628,26212.19911,78498.86121,3,559,0.05559444507513512,True,False,False
6235599,4,941.5106456,8122.781642,34944.95357,4,628,0.02694267839600967,True,False,False
4190772,5,3076.667036,14208.61977,56658.2276,5,558,0.05430221110552353,True,False,False
1366766,5,4252.76052,21248.17432,77397.40207,4,723,0.05494707065430575,True,False,False
7875536,5,4445.297537,19977.25969,70331.54033,5,678,0.06320489379505105,True,False,False
5890405,5,4981.683281,21408.62267,68945.14754,4,618,0.0722557490809599,True,False,False
5150971,4,1750.854887,7792.681291,37608.07056,4,657,0.04655529680010258,True,False,False
1648023,5,2911.117016,13437.47174,44683.04084,5,534,0.06515037833759033,True,False,False
2137063,5,4849.647193,18971.00109,72417.71413,4,494,0.06696769224577015,True,False,False
6858809,5,3381.351037,16392.72631,64233.7918,4,569,0.05264131140705911,True,False,False
8408425,5,4073.327314,23564.86026,83105.19554,5,606,0.049014111422665936,True,False,False
5213134,4,3965.008957,25669.27773,99837.63564,6,632,0.03971457188046045,False,True,False
8087818,5,5225.747016,20635.1915,73388.85097,5,680,0.07120627924991207,True,False,False
8019493,4,6385.692022,26030.90423,105021.1982,5,607,0.06080383895296293,True,False,False
4427744,5,5541.820831,27788.11006,83222.11189,4,688,0.06659072577159517,True,False,False
3696825,4,5908.750193,27660.23928,100731.1048,1,574,0.05865864575526823,False,False,False
6615691,5,4031.462782,22986.02165,76205.73572,4,620,0.05290235366026331,True,False,False
8669957,3,3683.060009,11960.33372,58451.98177,2,711,0.06301001090933585,False,False,False
2685945,5,5827.699094,26595.77806,88404.12011,2,579,0.06592112547185217,False,False,False
8669957,3,3683.060009,11960.33372,58451.98177,2,711,0.06301001090933585,False,False,False
2264619,5,4110.596342,15817.48591,59976.81892,3,636,0.06853641816987516,True,False,False
3073528,5,5772.629333,28959.12492,84333.16487,2,483,0.06845028692921151,False,False,False
4268157,5,5573.507296,19740.52491,79255.71416,5,577,0.0703230972690285,True,False,False
3661978,5,6600.948534,26477.8164,96841.10241,5,599,0.06816267441951769,True,False,False
2861058,4,3986.093951,15907.47316,64933.70364,1,603,0.0613871337618345,False,False,False
5530537,5,4399.609707,18983.59494,74551.79742,5,589,0.05901413325039051,True,False,False
6207716,5,4029.120901,23608.0297,70688.73847,4,596,0.056998059212924584,True,False,False
4874526,4,5922.714647,20295.44187,95176.06352,4,636,0.06222903562044693,True,False,False
8241068,5,3101.142819,22145.00313,77484.67239,6,586,0.04002266155803256,False,True,False
7726218,5,6073.905476,28829.21096,100031.5932,6,626,0.060719871409585825,False,True,False
6278210,5,1724.449812,9110.818031,33134.64555,3,620,0.05204370782834585,True,False,False
8819083,4,3463.28979,17419.9279,73872.41814,6,576,0.04688204173087328,False,True,False
5913790,4,4759.125449,21890.95882,82684.15468,5,591,0.057557889627323694,True,False,False
6642573,5,4309.035596,27756.32333,83847.86273,5,527,0.051391120246864284,True,False,False
3938321,5,5877.142211,26659.05764,86183.41732,6,579,0.06819342274602672,False,True,False
6461300,5,3002.285163,18397.65975,62135.93139,3,621,0.048318019796886484,True,False,False
1744935,5,2787.69516,12668.33199,51504.7556,5,626,0.05412500510923695,True,False,False
5405462,5,5699.133198,24872.89955,82491.47161,4,549,0.06908754428511281,True,False,False
7963279,5,5729.907868,30666.77423,111747.5816,3,606,0.051275452998259786,True,False,False
5704154,5,3813.920802,18146.48045,63187.45097,3,663,0.06035883301908737,True,False,False
1997777,4,4124.109819,16398.30522,68213.56958,4,495,0.06045878912938719,True,False,False
4331518,5,5769.39485,29972.57749,85706.80144,4,631,0.06731548433806539,True,False,False
1810476,5,2939.779719,13231.07235,48913.62447,4,630,0.06010144925578033,True,False,False
2842157,5,3790.377139,20640.80879,63052.45714,4,598,0.06011466183758624,True,False,False
7398971,4,3532.793222,13415.88896,57680.31135,4,649,0.06124781817773595,True,False,False
6646241,5,4588.995443,27871.19934,94149.6484,4,592,0.048741503776024715,True,False,False
1108441,5,4457.616048,20573.89764,81733.30642,4,680,0.054538550356617276,True,False,False
2679170,5,3701.899282,20866.77471,63370.52999,5,589,0.05841673223474961,True,False,False
6678555,4,3130.987411,10439.08504,44104.95803,3,522,0.0709894658299032,True,False,False
1174998,4,1759.838321,7072.338819,29580.92988,3,549,0.05949232590520579,True,False,False
4449818,5,3055.471499,17082.42083,65207.42729,3,608,0.04685772198021647,True,False,False
7128957,5,4538.455966,16717.46577,59677.46552,2,594,0.076049743843076,False,False,False
5296564,5,3228.144785,13093.86632,43590.74564,4,577,0.07405573677633472,True,False,False
1869686,3,2134.55906,6982.246551,33955.82279,2,622,0.0628628283638183,False,False,False
6047923,5,2884.137458,18215.58482,58762.0934,5,592,0.04908159820596181,True,False,False
5637880,5,6177.609593,26953.16132,105511.2499,4,647,0.0585492978128392,True,False,False
7793516,5,6589.112894,30796.40528,86511.61048,4,604,0.07616449234317849,True,False,False
5674473,5,5166.789359,30758.14262,89335.8922,4,602,0.057835537674296604,True,False,False
3645629,5,4651.92823,24355.88637,91034.65106,3,597,0.05110063229587119,True,False,False
1541353,5,3631.271459,16609.3822,63469.55942,4,565,0.057212803935988,True,False,False
3782056,4,3649.973546,17773.42806,76703.67356,2,579,0.04758538120269921,False,False,False
5522849,5,4639.819705,20420.41721,69035.89988,6,633,0.06720879590278472,False,True,False
3913748,5,3273.84721,20551.52564,70074.28481,3,440,0.046719666406538955,True,False,False
2384703,3,5368.330911,18675.56215,80788.58848,1,474,0.06644912371911266,False,False,False
4892989,5,5540.956939,23528.90746,79012.5681,5,646,0.07012753884910114,True,False,False
6691884,5,4578.998541,29139.27251,83408.55162,5,578,0.054898430101764664,True,False,False
5348505,5,6469.19871,29099.9301,93987.29265,3,729,0.0688305677033458,True,False,False
6040639,5,2893.924999,12910.86685,48562.55684,6,598,0.05959169342204676,False,True,False
2489621,5,3736.452803,20995.89701,75184.01719,5,597,0.049697434942289495,True,False,False
1293708,5,5040.404863,23395.04103,84770.5444,4,566,0.05945939003548501,True,False,False
4431331,5,7616.802627,28037.34595,101352.2211,1,618,0.07515180766965945,False,False,False
8399475,5,4306.088304,20127.69145,72135.63027,3,576,0.05969433257715404,True,False,False
1964105,4,5772.302578,22729.12042,82036.95441,1,599,0.07036222418925363,False,False,False
7000794,5,1747.173886,12457.41429,39522.38939,4,580,0.04420719275748222,True,False,False
4992785,5,3086.186142,17855.07188,54137.02325,5,654,0.057006941954459975,True,False,False
1337395,5,4271.31469,22756.28103,83475.30929,4,438,0.05116859974919177,True,False,False
3873416,5,3570.396396,19327.61013,74141.03734,6,591,0.04815681738612157,False,True,False
2802445,5,6540.392701,23367.12711,80466.548,2,695,0.081280890799491,False,False,False
8072238,4,4103.906152,13477.69778,60138.23125,6,692,0.06824121805211888,False,True,False
5890699,5,6226.277321,28635.373,86448.06008,4,609,0.07202333187393833,True,False,False
8225527,5,4806.932229,30551.75596,94088.77473,4,605,0.05108932752917782,True,False,False
7858211,5,4970.869798,25777.1911,78901.93054,4,684,0.06300061055514954,True,False,False
6130202,5,3695.309656,13542.39924,47682.94287,4,538,0.07749751658731881,True,False,False
1410427,5,2514.722735,23228.55773,66592.36868,5,608,0.03776292666632924,True,False,False
6186461,4,3746.455788,17706.46722,75444.0926,6,541,0.049658703006257646,False,True,False
6558483,4,3945.25448,14454.64194,60648.88659,3,561,0.06505073220339229,True,False,False
6795443,5,4754.336177,18980.06936,68073.53417,4,501,0.06984118328757545,True,False,False
6610306,5,5390.873161,30441.76235,91844.02459,2,584,0.058695959645337234,False,False,False
6257016,3,2778.117505,9956.31397,50865.04066,4,488,0.05461742424566068,True,False,False
7346170,5,4598.075278,22053.07582,77199.07711,4,594,0.05956127262309445,True,False,False
2113289,5,3564.75614,16131.8156,55575.17929,4,578,0.06414295348285866,True,False,False
2399682,5,6050.286262,21279.66167,83084.80076,4,532,0.0728206146811009,True,False,False
6295568,5,4190.806172,15748.62988,55247.51351,4,563,0.0758551092302362,True,False,False
8033049,5,3668.82614,20264.17601,75087.47745,4,694,0.04886069241629584,True,False,False
8802166,5,4501.04592,27843.73152,96096.38063,2,582,0.0468388704183395,False,False,False
6682975,5,6817.101585,24483.45478,79884.16092,3,610,0.08533733729552455,True,False,False
8260988,5,3253.682056,16171.5703,60379.36713,4,499,0.05388731632437699,True,False,False
6027561,5,4464.588116,25624.65776,76172.05544,4,574,0.05861188975682445,True,False,False
7820023,4,6720.829949,17136.66874,76042.71443,6,603,0.08838229933502387,False,True,False
6533975,5,3440.109034,18987.95328,61788.59979,2,640,0.05567546514554218,False,False,False
1869686,3,2134.55906,6982.246551,33955.82279,2,622,0.0628628283638183,False,False,False
4764480,4,3339.953412,14014.90372,62300.96892,5,606,0.05360997541288319,True,False,False
8483461,4,4392.975281,20014.11116,88983.86175,2,636,0.04936822469384456,False,False,False
1889339,4,4488.273652,17904.25119,67633.18288,2,492,0.06636200546650955,False,False,False
4413814,4,4725.845167,17271.61646,70276.09682,3,529,0.06724683613411869,True,False,False
4891996,5,5380.790491,33525.16324,105980.4303,4,663,0.050771547876985734,True,False,False
3063966,4,4881.630077,19837.04438,82526.13401,5,652,0.05915253556417019,True,False,False
8868921,5,6522.309687,24619.36997,85180.71918,2,688,0.07657025850201327,False,False,False
7436232,4,4852.076967,17144.01767,67333.24863,1,572,0.07206063966499576,False,False,False
8258474,5,4327.131554,28223.46064,82012.12086,4,594,0.052762097951188136,True,False,False
4107203,5,7193.906861,29189.99564,102751.036,3,494,0.07001298615616879,True,False,False
6973402,3,3130.422313,10164.49002,51994.33389,4,545,0.06020698946971354,True,False,False
4887815,5,5357.096944,21218.0669,74495.72041,4,546,0.07191147242440635,True,False,False
6073195,5,5258.183963,19334.21622,76204.50896,4,651,0.06900095591141514,True,False,False
7194645,5,1663.759733,7653.602005,29277.12686,3,540,0.05682797157507689,True,False,False
8087818,5,5225.747016,20635.1915,73388.85097,5,680,0.07120627924991207,True,False,False
1092284,5,3966.428621,18051.40092,59859.61068,5,663,0.0662621854025062,True,False,False
6610703,3,4119.426483,14755.40981,64783.35742,4,636,0.06358772757474045,True,False,False
4020965,4,4203.802318,19135.74474,81279.85969,5,585,0.051720098115735316,True,False,False
5096484,5,7169.758135,26076.57327,105633.9476,4,492,0.06787361731618179,True,False,False
1648023,5,2911.117016,13437.47174,44683.04084,5,534,0.06515037833759033,True,False,False
4818800,4,4182.426767,18956.46543,83366.05862,6,583,0.0501694195003794,False,True,False
3022783,3,5069.740001,16819.50826,80240.94427,3,619,0.0631814598784008,True,False,False
4352143,5,7358.580246,29358.09446,102867.3404,2,677,0.07153466024674242,False,False,False
8612573,5,2628.467516,21765.23618,74720.82866,4,507,0.035177172993627236,True,False,False
1366766,5,4252.76052,21248.17432,77397.40207,4,723,0.05494707065430575,True,False,False
4604953,5,5930.695517,25883.6005,92811.06837,5,650,0.06390073534502079,True,False,False
4009534,5,5697.361627,20331.0456,72587.37929,4,584,0.07848970003777085,True,False,False
8827624,5,3377.803446,17709.23365,62376.25742,2,594,0.05415206980528073,False,False,False
4453762,5,2565.8923,14412.51764,48699.63217,2,563,0.05268812485160091,False,False,False
1711986,3,2866.405466,10761.13634,57488.65288,4,512,0.049860369349465264,True,False,False
7265245,5,4084.822615,21492.1114,68657.0797,4,636,0.05949601458216406,True,False,False
3933004,5,4789.405005,19576.9398,79943.2184,6,550,0.05991008494349034,False,True,False
4795397,4,6479.263022,21111.04873,82193.08745,2,599,0.0788297802530108,False,False,False
2911393,5,5129.105334,18364.6733,67340.38896,3,573,0.07616685043275699,True,False,False
3365880,5,4278.794095,17092.49453,57289.69237,4,587,0.07468697976881807,True,False,False
7349297,5,4775.527495,17532.70052,63702.51532,4,563,0.07496607427525988,True,False,False
5332608,3,5464.642087,19492.20614,88758.65872,4,603,0.06156742526088501,True,False,False
7292754,4,598.5242694,2403.521106,10682.55147,5,619,0.05602821302390598,True,False,False
6235599,4,941.5106456,8122.781642,34944.95357,4,628,0.02694267839600967,True,False,False
1191998,5,3019.219283,14536.33361,52203.97979,3,613,0.05783504045372323,True,False,False
2685945,5,5827.699094,26595.77806,88404.12011,2,579,0.06592112547185217,False,False,False
1868754,5,5563.327875,22649.70116,72046.92738,6,592,0.07721811432230992,False,True,False
5810372,3,6579.413057,18302.42126,86669.32695,2,545,0.07591397428060909,False,False,False
3610547,5,3059.078249,17810.31967,60586.72178,3,567,0.050490902282318534,True,False,False
5010492,4,3195.493489,10320.39878,47675.73526,5,685,0.06702557331467152,True,False,False
1578893,5,4413.998926,17008.93835,63197.36978,4,557,0.06984466191181414,True,False,False
4083923,5,2771.45245,14494.81083,46682.2947,3,585,0.05936838511925165,True,False,False
5533385,5,1220.988773,3968.453393,16170.64822,5,487,0.0755064828811173,True,False,False
6770159,3,4393.697084,13448.54123,63134.42279,3,667,0.0695927338817126,True,False,False
7967829,5,3542.836359,17859.47422,65895.03891,4,650,0.053764842051900685,True,False,False
6977539,4,3797.102716,12500.83846,63467.50092,6,541,0.05982751267906705,False,True,False
2505345,5,4864.976346,19722.4911,72277.30041,4,550,0.0673098790132303,True,False,False
1284687,4,3074.230112,12618.12469,56532.31491,5,688,0.05438005001023228,True,False,False
4799201,4,4795.816198,19631.45918,82970.23622,4,666,0.05780164570441427,True,False,False
6872087,5,4081.106202,18039.93783,63401.39518,3,635,0.06436934377253872,True,False,False
1711986,3,2866.405466,10761.13634,57488.65288,4,512,0.049860369349465264,True,False,False
5893654,4,1062.107526,6355.676575,28769.38458,6,647,0.03691797866049452,False,True,False
8711328,5,4926.741674,18943.13978,72136.00622,4,622,0.06829795454678278,True,False,False
1191998,5,3019.219283,14536.33361,52203.97979,3,613,0.05783504045372323,True,False,False
1339769,5,3997.456304,23694.19012,82346.49797,5,653,0.04854433889169556,True,False,False
1798890,4,4562.733611,9665.306455,48504.94677,4,572,0.09406738724269709,True,False,False
6130948,5,4364.100628,26212.19911,78498.86121,3,559,0.05559444507513512,True,False,False
3593302,5,4354.354803,24269.10365,89592.17411,5,622,0.048601954872239006,True,False,False
1266173,5,2164.114355,10953.60129,41129.92553,3,642,0.05261653959041341,True,False,False
7611968,4,3001.06638,7746.82451,39661.23823,6,529,0.07566749082810974,False,True,False
2347193,5,2876.306886,12883.91325,49671.55447,5,617,0.05790652047616499,True,False,False
3930594,5,4378.695488,22645.16697,84317.80841,4,713,0.051930850321777244,True,False,False
6073195,5,5258.183963,19334.21622,76204.50896,4,651,0.06900095591141514,True,False,False
1032247,5,6261.188542,27607.91575,88720.95102,3,543,0.07057170228696677,True,False,False
7734665,3,1951.752308,7934.532645,40235.89348,4,497,0.04850774120301703,True,False,False
1927234,5,3488.858869,14194.63668,53827.20594,5,620,0.06481590132857637,True,False,False
6225091,4,3776.309219,12294.05873,51314.47595,5,566,0.0735914992619154,True,False,False
1878082,4,3018.547612,16253.22268,72261.89217,6,632,0.041772330080960283,False,True,False
1848302,5,3435.652593,14882.95288,55482.60642,5,621,0.06192305687646172,True,False,False
5020799,5,6624.650409,30884.98753,101575.2833,4,626,0.06521911821239292,True,False,False
3881789,5,5902.970796,24083.86233,86570.66137,3,557,0.06818673558205715,True,False,False
2324728,4,5628.249015,19169.28645,84612.28468,4,755,0.0665181071080375,True,False,False
1000324,4,5767.234536,21466.06741,105224.9821,6,613,0.05480860553170862,False,True,False
7740109,4,2947.889285,11888.70979,49761.29981,2,668,0.059240600552150253,False,False,False
8149516,5,3400.257025,18621.81243,60940.75652,4,606,0.05579610787870803,True,False,False
6616740,4,6472.932047,23491.76634,93010.66881,3,614,0.06959343621346012,True,False,False
1448296,5,6363.151219,21194.95415,79282.81641,3,548,0.08025889476597114,True,False,False
8827624,5,3377.803446,17709.23365,62376.25742,2,594,0.05415206980528073,False,False,False
8468575,5,3801.831731,15405.06919,52872.83037,4,716,0.0719052054598756,True,False,False
7534908,5,1467.170646,9236.634801,25676.39117,3,685,0.05714084336408714,True,False,False
5440309,5,4854.454453,21002.15478,89538.58671,5,628,0.054216339919712364,True,False,False
4709666,4,5082.151487,25162.53098,117119.2917,5,693,0.04339294930179295,True,False,False
6275697,5,2627.724354,14359.21732,54792.15,5,593,0.047958044245389166,True,False,False
2895764,5,4449.927899,20251.46061,75616.40081,5,662,0.05884871339196976,True,False,False
1122593,5,7749.000879,35084.58138,104334.5965,1,498,0.07427067472293335,False,False,False
3826095,5,4254.52263,20165.42121,77244.38619,3,482,0.055078729210625635,True,False,False
2109160,5,7853.785833,33878.83486,111642.3591,3,577,0.07034772371627536,True,False,False
3191077,5,4602.68816,21188.63655,79568.32006,4,613,0.057845737556470406,True,False,False
1913363,5,1721.742642,7069.377531,21484.78066,3,679,0.08013778075032951,True,False,False
2043580,4,4819.694373,17034.31498,80094.28127,5,504,0.06017526216076125,True,False,False
6973402,3,3130.422313,10164.49002,51994.33389,4,545,0.06020698946971354,True,False,False
7146043,5,3236.784282,12589.31808,48153.25255,6,589,0.06721839357869087,False,True,False
5213134,4,3965.008957,25669.27773,99837.63564,6,632,0.03971457188046045,False,True,False
1108441,5,4457.616048,20573.89764,81733.30642,4,680,0.054538550356617276,True,False,False
1071129,5,5062.958927,24607.28806,86530.65712,4,595,0.058510579897466046,True,False,False
5131715,5,7564.529955,35228.1439,125965.3333,5,456,0.06005247441360916,True,False,False
8245455,5,5324.280161,21129.10662,63257.83741,2,558,0.08416791308389433,False,False,False
5398620,5,5996.23046,26656.55602,99443.63784,4,572,0.06029777862358218,True,False,False
5389186,5,1451.28038,5328.65409,20537.41608,5,566,0.07066518856835664,True,False,False
5136736,5,2510.481566,14042.38812,54161.14419,5,642,0.04635207774032811,True,False,False
6467769,5,4280.901448,21337.62586,71207.07966,3,536,0.060119042494657465,True,False,False
7579723,4,3889.452505,14572.86442,58593.22685,2,682,0.06638058209282598,False,False,False
2592025,5,7595.629034,32128.76588,118629.7689,4,646,0.0640280184681368,True,False,False
4140179,5,3449.465266,12872.92069,50769.0652,5,662,0.0679442343957123,True,False,False
8019493,4,6385.692022,26030.90423,105021.1982,5,607,0.06080383895296293,True,False,False
8602931,3,5873.943948,16739.26788,84222.56985,3,527,0.06974310993432599,True,False,False
7296980,3,4971.913843,16488.61892,74186.62943,1,492,0.06701900168805122,False,False,False
4080181,3,4646.266068,13442.32491,60701.68951,2,636,0.07654261529631023,False,False,False
3853116,3,3715.518342,11072.18692,55280.20089,4,503,0.06721246092056306,True,False,False
4022311,5,4574.820825,21225.21744,76241.1974,3,540,0.0600045773284248,True,False,False
7726218,5,6073.905476,28829.21096,100031.5932,6,626,0.060719871409585825,False,True,False
1415941,4,6047.683247,23890.10612,89006.05388,1,579,0.06794687533449831,False,False,False
5779604,5,3560.36899,22949.97561,76057.1183,6,620,0.04681177869448677,False,True,False
7438434,3,5385.525601,18877.18621,83753.90928,2,591,0.0643017818188701,False,False,False
3451009,5,5373.29768,21187.33428,78262.66267,4,625,0.06865723062166802,True,False,False
5138522,5,7605.778714,32759.36273,106602.888,4,627,0.07134683550036655,True,False,False
4388212,5,5994.900935,27984.00504,84300.67395,4,677,0.07111332156793511,True,False,False
1593263,5,6775.11242,22579.11278,84112.19698,3,526,0.08054851333405275,True,False,False
3323417,5,5059.130214,20711.10541,62438.97546,3,659,0.08102519582886185,True,False,False
4275054,5,7214.170283,28453.47137,89551.36528,4,666,0.08055902062959593,True,False,False
4376993,4,6795.734395,21365.64864,107984.377,6,606,0.06293257028282898,False,True,False
5081181,4,4548.699424,16186.82349,72533.5565,3,543,0.06271165572861438,True,False,False
2047550,5,4750.532467,19027.23325,68649.92521,3,586,0.06919938299230668,True,False,False
2152630,5,6410.871096,24303.80399,90415.64207,4,564,0.0709044469433363,True,False,False
4267728,3,3645.943979,9857.07267,44538.72978,2,574,0.08186007991267864,False,False,False
1467134,4,2608.798997,11177.43742,39682.19883,1,480,0.06574229941682896,False,False,False
8938093,5,1566.135185,11697.45411,47805.08759,7,590,0.032760847515476754,False,True,False
7173017,5,6277.60766,29268.30503,96766.69729,4,502,0.0648736376853562,True,False,False
8949248,5,4728.915895,28046.0298,98117.26616,3,627,0.04819657212308126,True,False,False
5978905,5,3712.930286,18775.52882,62711.06685,4,600,0.05920693862346562,True,False,False
4080181,3,4646.266068,13442.32491,60701.68951,2,636,0.07654261529631023,False,False,False
7402593,5,4951.951681,24539.87704,81178.53836,4,606,0.06100074947198149,True,False,False
3695431,5,3329.576987,21443.27668,77151.46047,5,618,0.04315637016741492,True,False,False
5365124,5,4187.127896,18215.03757,74350.33746,5,639,0.05631619221974141,True,False,False
5235867,5,2738.09968,11916.34974,41703.24711,4,537,0.06565675024723512,True,False,False
5273335,5,3796.964595,17739.13539,63958.8019,4,565,0.059365786759679746,True,False,False
1035811,5,5782.226606,26211.89114,92903.3668,2,569,0.062239150260806266,False,False,False
8072617,5,5915.84984,34580.06435,119549.8471,5,661,0.04948437813602189,True,False,False
6047923,5,2884.137458,18215.58482,58762.0934,5,592,0.04908159820596181,True,False,False
5815021,4,3059.035754,11922.09942,49548.75367,4,508,0.061737895051276276,True,False,False
4979590,3,3399.497094,8384.259856,44039.01078,4,546,0.07719285773657425,True,False,False
7136770,4,3542.45561,13317.78908,61910.36057,6,638,0.0572191080359589,False,True,False
5296564,5,3228.144785,13093.86632,43590.74564,4,577,0.07405573677633472,True,False,False
2283883,3,1629.960413,5889.843826,25711.76734,2,668,0.06339355795524246,False,False,False
2083305,5,5282.677199,32246.04583,111230.0215,4,518,0.04749326780450186,True,False,False
2861273,5,4299.323914,26058.30316,74918.94502,7,659,0.05738633816656485,False,True,False
7436232,4,4852.076967,17144.01767,67333.24863,1,572,0.07206063966499576,False,False,False
4649906,5,2758.106666,13210.4596,52803.52175,5,610,0.052233384717374466,True,False,False
1223271,5,5775.321503,31322.85303,94402.41559,4,611,0.061177687741411746,True,False,False
8784730,5,3021.175982,14112.91831,47595.36118,3,629,0.06347626968464998,True,False,False
2861273,5,4299.323914,26058.30316,74918.94502,7,659,0.05738633816656485,False,True,False
3330128,5,4089.44767,20591.1204,66473.29366,3,572,0.061520160125009826,True,False,False
6589111,3,4410.608133,12967.48766,62783.87218,4,584,0.07025065482350121,True,False,False
3191077,5,4602.68816,21188.63655,79568.32006,4,613,0.057845737556470406,True,False,False
1744935,5,2787.69516,12668.33199,51504.7556,5,626,0.05412500510923695,True,False,False
5709820,5,6467.857553,26102.76303,86373.05916,4,590,0.07488281202381346,True,False,False
1548144,5,6034.801727,24343.61112,88787.26103,6,632,0.06796922956054387,False,True,False
5121884,5,5090.756304,25350.65997,78925.81502,1,666,0.06450052245529539,False,False,False
4457453,4,4473.086801,17921.78682,75332.02695,1,695,0.0593782881213181,False,False,False
3022783,3,5069.740001,16819.50826,80240.94427,3,619,0.0631814598784008,True,False,False
5514855,5,4164.953413,21207.42319,78054.61292,7,655,0.053359478154977956,False,True,False
1092284,5,3966.428621,18051.40092,59859.61068,5,663,0.0662621854025062,True,False,False
4803997,5,4487.053001,22569.36359,73279.12118,2,595,0.06123235280044061,False,False,False
1448296,5,6363.151219,21194.95415,79282.81641,3,548,0.08025889476597114,True,False,False
1250814,5,3757.544675,19268.73062,67014.47737,5,606,0.056070640590895955,True,False,False
7184919,5,3913.167872,16410.06609,62559.10649,2,531,0.06255153072919152,False,False,False
7983630,5,5621.368193,24384.17503,89520.00563,4,594,0.06279454691093277,True,False,False
2548560,5,5227.129372,30897.38167,83840.58872,4,569,0.06234604803953481,True,False,False
7349013,5,5872.761245,21781.52442,77110.00337,3,661,0.0761608220508109,True,False,False
1904567,4,5205.865838,19009.95955,96270.37492,6,605,0.054075470697252784,False,True,False
5969097,4,2797.025357,13455.74776,54976.00215,1,675,0.05087720546445737,False,False,False
6461300,5,3002.285163,18397.65975,62135.93139,3,621,0.048318019796886484,True,False,False
1806610,5,4483.692944,25022.15509,82616.02268,4,502,0.054271469365777515,True,False,False
5702918,5,4044.249706,16606.81272,54752.02533,1,591,0.07386484210628927,False,False,False
7548945,5,2093.614396,13697.64767,44802.78521,3,549,0.04672955902600234,True,False,False
7714904,5,4942.117401,23770.42277,76517.01254,4,648,0.0645884782605236,True,False,False
3640176,4,2841.925418,14601.04219,65499.68441,5,565,0.04338838337312837,True,False,False
2297639,5,5390.487624,24713.05013,87191.32226,4,561,0.061823671029163266,True,False,False
5280642,5,6504.355868,27598.31509,91166.20653,3,583,0.07134612830314066,True,False,False
5155618,4,4581.016397,18738.02684,76279.74665,2,701,0.06005547472541324,False,False,False
7116744,5,3700.584063,15553.98053,57019.10071,5,634,0.0649007791585705,True,False,False
1799300,5,6095.956446,24476.58586,82658.87095,1,692,0.07374836331465764,False,False,False
1191998,5,3019.219283,14536.33361,52203.97979,3,613,0.05783504045372323,True,False,False
2950385,5,4709.774494,30246.48183,95212.95173,4,566,0.04946569146764546,True,False,False
1789517,3,2034.852272,5542.569473,28349.25951,2,486,0.07177796906061057,False,False,False
2889936,5,4433.412257,18772.06694,68754.99299,4,546,0.06448131349013174,True,False,False
2277905,5,1270.674599,7519.127257,24871.66176,3,658,0.05108925214814436,True,False,False
3419976,5,3754.042918,16260.21815,54752.97836,2,566,0.06856326414459547,False,False,False
3593302,5,4354.354803,24269.10365,89592.17411,5,622,0.048601954872239006,True,False,False
2802445,5,6540.392701,23367.12711,80466.548,2,695,0.081280890799491,False,False,False
1793964,5,4507.196443,22431.23984,79123.75906,4,573,0.056963881602012455,True,False,False
4682533,5,4651.635134,19416.22251,70205.36695,5,632,0.06625754320624629,True,False,False
8469963,5,4424.819601,20384.26767,73983.50212,5,466,0.05980819337023296,True,False,False
1746543,5,4372.7314,19373.8064,66951.81433,3,605,0.06531161916609407,True,False,False
2036810,5,3389.461558,17235.51007,54989.22567,4,612,0.061638648602559964,True,False,False
1826181,5,3420.400721,14235.46986,48437.82466,1,554,0.07061425125939998,False,False,False
6006692,5,5791.212235,27264.12371,102609.1676,5,559,0.05643952066325894,True,False,False
5150971,4,1750.854887,7792.681291,37608.07056,4,657,0.04655529680010258,True,False,False
3240124,5,6434.400949,24522.88521,86123.19018,3,522,0.07471159551279873,True,False,False
2987067,5,6379.516398,20737.82872,75213.55512,2,578,0.08481870572161833,False,False,False
2149643,5,1938.21905,11922.97179,37907.3125,7,584,0.05113047911270418,False,True,False
5566815,5,5143.597478,29144.52611,101067.9726,4,672,0.05089245728077462,True,False,False
5166770,5,2571.326399,13281.88224,44312.05098,3,555,0.05802769996271565,True,False,False
1886987,3,6792.127351,22027.17376,99175.72111,3,597,0.06848578739817343,True,False,False
6198725,3,5425.771406,16021.6603,78286.68262,4,584,0.06930644171418589,True,False,False
5039497,5,5183.888841,25675.78383,74312.03972,3,550,0.0697583979733614,True,False,False
5869912,5,4264.730729,15587.82616,54177.14417,3,619,0.07871826384236671,True,False,False
1981615,5,5072.574662,23510.93461,77493.19072,4,671,0.06545832756233166,True,False,False
2679170,5,3701.899282,20866.77471,63370.52999,5,589,0.05841673223474961,True,False,False
1415941,4,6047.683247,23890.10612,89006.05388,1,579,0.06794687533449831,False,False,False
5034668,5,4862.845105,22760.99271,62494.49753,2,536,0.07781237224390242,False,False,False
4319411,4,4203.041432,14808.36154,60832.26859,2,705,0.06909230132987221,False,False,False
4360611,3,5690.526846,21406.47099,95268.84282,3,526,0.059731247672983954,True,False,False
1793964,5,4507.196443,22431.23984,79123.75906,4,573,0.056963881602012455,True,False,False
1108441,5,4457.616048,20573.89764,81733.30642,4,680,0.054538550356617276,True,False,False
8170825,4,2252.008559,7205.977999,36597.13759,6,581,0.06153510102974149,False,True,False
2149643,5,1938.21905,11922.97179,37907.3125,7,584,0.05113047911270418,False,True,False
5413266,3,6814.88077,14767.88145,81128.43182,3,635,0.08400114013198487,True,False,False
1348531,4,2091.335878,10728.40782,41360.13224,5,599,0.05056405201667701,True,False,False
4682533,5,4651.635134,19416.22251,70205.36695,5,632,0.06625754320624629,True,False,False
2264619,5,4110.596342,15817.48591,59976.81892,3,636,0.06853641816987516,True,False,False
2007665,5,5484.30319,19853.9738,71276.43975,3,532,0.07694412360151587,True,False,False
3327489,5,4595.889149,13984.80893,57298.83776,3,590,0.08020911642658769,True,False,False
2113289,5,3564.75614,16131.8156,55575.17929,4,578,0.06414295348285866,True,False,False
3323417,5,5059.130214,20711.10541,62438.97546,3,659,0.08102519582886185,True,False,False
6174214,5,5494.644993,31779.18646,105537.4701,3,609,0.05206345185073751,True,False,False
6678555,4,3130.987411,10439.08504,44104.95803,3,522,0.0709894658299032,True,False,False
7718522,4,3166.194396,9842.849292,52602.19261,5,539,0.060191300759544514,True,False,False
3572108,5,6813.884465,27569.67763,109468.8463,3,546,0.06224496462058721,True,False,False
4360611,3,5690.526846,21406.47099,95268.84282,3,526,0.059731247672983954,True,False,False
6137552,5,7240.998261,27063.11345,94816.76301,3,647,0.07636833436547835,True,False,False
4020965,4,4203.802318,19135.74474,81279.85969,5,585,0.051720098115735316,True,False,False
7065268,5,3031.641296,14133.50465,51218.90654,5,610,0.059189887109995294,True,False,False
5496799,5,3845.516135,18188.03893,75952.95813,6,532,0.050630235209773784,False,True,False
2006312,5,6096.936657,19261.99944,79734.98007,3,543,0.07646501763275602,True,False,False
7827718,5,2176.375804,9540.89409,29076.3424,2,527,0.07485039810234177,False,False,False
7702194,5,3372.470579,11949.83123,44822.34311,2,516,0.07524083626604498,False,False,False
3539941,4,3837.164141,11193.75899,47236.73586,3,503,0.08123262691928096,True,False,False
5533385,5,1220.988773,3968.453393,16170.64822,5,487,0.0755064828811173,True,False,False
8678499,5,4775.099192,19690.09735,75842.65529,3,608,0.06296060144178003,True,False,False
4054508,5,4044.491136,16706.19472,63815.09517,3,635,0.06337828260266151,True,False,False
5274787,5,4202.315079,19202.89916,76655.64495,6,544,0.05482068648357253,False,True,False
2505345,5,4864.976346,19722.4911,72277.30041,4,550,0.0673098790132303,True,False,False
4319411,4,4203.041432,14808.36154,60832.26859,2,705,0.06909230132987221,False,False,False
4053452,4,4852.106397,16552.88405,69088.24481,2,585,0.07023056397428834,False,False,False
4799201,4,4795.816198,19631.45918,82970.23622,4,666,0.05780164570441427,True,False,False
6652338,5,2453.544367,10433.5278,37495.50272,3,655,0.06543569732407631,True,False,False
2446131,4,4833.923863,19364.16449,78988.28364,5,687,0.06119798583080087,True,False,False
8620904,5,2789.327409,17510.5147,53327.03547,4,685,0.052306065477222746,True,False,False
1862870,5,6110.410781,34051.67465,99065.69373,3,634,0.06168039157585375,True,False,False
8004391,3,4449.96214,10433.12752,53273.79013,2,610,0.08353004599712342,False,False,False
2861273,5,4299.323914,26058.30316,74918.94502,7,659,0.05738633816656485,False,True,False
3073528,5,5772.629333,28959.12492,84333.16487,2,483,0.06845028692921151,False,False,False
4140179,5,3449.465266,12872.92069,50769.0652,5,662,0.0679442343957123,True,False,False
2329910,5,1585.77155,4886.516208,21514.01724,7,659,0.07370876077256504,False,True,False
4559870,5,3095.054535,14114.55373,49798.58177,2,500,0.062151459439042586,False,False,False
1284687,4,3074.230112,12618.12469,56532.31491,5,688,0.05438005001023228,True,False,False
5901447,5,4338.461282,17095.02406,63496.12099,3,642,0.06832639875250433,True,False,False
2347193,5,2876.306886,12883.91325,49671.55447,5,617,0.05790652047616499,True,False,False
2072297,5,3164.844122,12915.3259,38509.12744,4,576,0.08218425948318502,True,False,False
6373505,5,4677.168299,17867.04835,62074.26083,3,608,0.0753479499628542,True,False,False
5248789,5,5655.356182,20977.58159,80425.95805,3,600,0.07031754820358029,True,False,False
4122871,5,2790.043417,12434.67871,48544.95571,3,541,0.05747339504576509,True,False,False
3068766,5,2939.759123,13033.40353,50440.73014,4,552,0.05828145458720752,True,False,False
6915560,5,2312.683171,23734.39916,66450.11905,5,557,0.034803296127428086,True,False,False
3063966,4,4881.630077,19837.04438,82526.13401,5,652,0.05915253556417019,True,False,False
2007665,5,5484.30319,19853.9738,71276.43975,3,532,0.07694412360151587,True,False,False
6683873,5,5761.369522,21578.27967,75066.29165,3,614,0.07675042146563797,True,False,False
5136736,5,2510.481566,14042.38812,54161.14419,5,642,0.04635207774032811,True,False,False
5413266,3,6814.88077,14767.88145,81128.43182,3,635,0.08400114013198487,True,False,False
8019493,4,6385.692022,26030.90423,105021.1982,5,607,0.06080383895296293,True,False,False
1648023,5,2911.117016,13437.47174,44683.04084,5,534,0.06515037833759033,True,False,False
7561758,5,6151.142686,25984.54022,89101.90415,2,558,0.0690349184417514,False,False,False
7438349,5,6080.564782,25508.26313,93441.25513,3,656,0.06507366337856255,True,False,False
8072238,4,4103.906152,13477.69778,60138.23125,6,692,0.06824121805211888,False,True,False
7608644,4,3094.554788,17798.78631,74344.70037,5,632,0.04162441670487561,True,False,False
2443238,5,2579.381496,9253.918441,37319.70823,6,698,0.06911580015854803,False,True,False
4958127,5,5742.279911,22148.8414,83127.52573,2,591,0.0690779601650968,False,False,False
5721999,5,4000.047704,18266.61935,55741.51375,5,580,0.07176065798894814,True,False,False
3258315,2,3672.296309,10722.89407,56665.90111,1,604,0.06480610450138838,False,False,False
4608407,5,4766.802803,18597.93514,66830.80403,3,531,0.07132643205759139,True,False,False
6769476,5,6102.715859,27628.70017,98888.63099,3,569,0.06171301794659418,True,False,False
2007665,5,5484.30319,19853.9738,71276.43975,3,532,0.07694412360151587,True,False,False
7548945,5,2093.614396,13697.64767,44802.78521,3,549,0.04672955902600234,True,False,False
6726712,4,4037.841409,17524.48,69352.16232,5,651,0.058222285707096894,True,False,False
1868754,5,5563.327875,22649.70116,72046.92738,6,592,0.07721811432230992,False,True,False
7117766,5,3628.184338,15690.00769,61497.63576,5,639,0.058997135307108595,True,False,False
1122593,5,7749.000879,35084.58138,104334.5965,1,498,0.07427067472293335,False,False,False
2211560,5,5190.695843,31527.18281,95946.53116,6,549,0.054099880217076526,False,True,False
7027060,5,2339.86487,14823.10563,42003.01513,5,613,0.05570706918915418,True,False,False
8602931,3,5873.943948,16739.26788,84222.56985,3,527,0.06974310993432599,True,False,False
7909133,4,3831.626965,15250.59359,61640.54569,1,540,0.06216082161682758,False,False,False
8926016,5,4455.723618,21759.58907,68241.17866,4,576,0.06529376698195499,True,False,False
5010492,4,3195.493489,10320.39878,47675.73526,5,685,0.06702557331467152,True,False,False
4649906,5,2758.106666,13210.4596,52803.52175,5,610,0.052233384717374466,True,False,False
3621504,3,2835.107877,7716.404618,36923.78928,2,582,0.07678269030030604,False,False,False
2101535,5,3614.620828,19173.3113,64899.57969,3,672,0.055695596878525794,True,False,False
5099808,3,3311.524905,15610.45432,77575.55722,3,603,0.042687735978598235,True,False,False
7827718,5,2176.375804,9540.89409,29076.3424,2,527,0.07485039810234177,False,False,False
4187740,5,5805.394059,28826.35226,84077.12446,6,630,0.06904843732806225,False,True,False
4352143,5,7358.580246,29358.09446,102867.3404,2,677,0.07153466024674242,False,False,False
7371387,5,4093.610031,20724.27502,64713.01049,5,564,0.06325791367151092,True,False,False
2381865,5,2372.160278,10064.94338,34056.5216,5,647,0.06965362775040419,True,False,False
5123106,4,4197.826085,21487.05556,87887.06095,6,680,0.04776386921606348,False,True,False
7273820,5,4142.745291,21820.94088,75350.08916,4,550,0.0549799653481923,True,False,False
6108195,5,2647.716626,21883.18276,61588.19629,3,637,0.042990650570974856,True,False,False
6053019,4,5355.534947,19208.84945,74273.67604,3,558,0.07210542459371182,True,False,False
3718577,5,4022.968374,14623.97896,53127.20865,3,604,0.07572331534493296,True,False,False
3149844,5,5780.567754,22227.09371,79135.20503,4,595,0.07304672745598623,True,False,False
2152630,5,6410.871096,24303.80399,90415.64207,4,564,0.0709044469433363,True,False,False
6901740,4,3076.065127,10175.94759,47974.42736,5,603,0.06411885031825838,True,False,False
6235806,5,3927.297363,22546.62628,84699.68913,4,618,0.046367317322407745,True,False,False
2431508,4,4502.322972,27453.94809,109901.4371,6,630,0.04096691627338147,False,True,False
4891996,5,5380.790491,33525.16324,105980.4303,4,663,0.050771547876985734,True,False,False
4096418,5,4354.588613,19350.89309,63421.05751,2,610,0.06866155791100431,False,False,False
2431508,4,4502.322972,27453.94809,109901.4371,6,630,0.04096691627338147,False,True,False
7716338,5,2647.604959,18833.74441,63210.53902,4,584,0.04188549884319591,True,False,False
8619236,4,5344.280514,16625.41606,82439.8231,5,645,0.06482644325324857,True,False,False
7561758,5,6151.142686,25984.54022,89101.90415,2,558,0.0690349184417514,False,False,False
1793964,5,4507.196443,22431.23984,79123.75906,4,573,0.056963881602012455,True,False,False
2895764,5,4449.927899,20251.46061,75616.40081,5,662,0.05884871339196976,True,False,False
7568207,5,4062.562275,18103.56709,68569.47524,3,441,0.0592473875697696,True,False,False
6397127,5,4131.401288,27337.08666,93366.3833,4,516,0.044249344806740525,True,False,False
8468575,5,3801.831731,15405.06919,52872.83037,4,716,0.0719052054598756,True,False,False
8801442,5,3476.48736,18323.43662,55574.80207,4,607,0.06255510106218899,True,False,False
6775457,5,3872.925283,21183.15095,73404.98195,4,568,0.05276106852853739,True,False,False
1892853,5,1992.516152,11385.13317,41590.87869,4,624,0.047907527197281245,True,False,False
2691552,5,3772.763476,14149.06605,59584.26177,5,582,0.06331812065681316,True,False,False
2572737,4,2922.354373,8531.010414,36935.11923,3,537,0.0791212925238471,True,False,False
4076817,3,3861.633284,9563.815184,47884.63833,3,563,0.08064451186594145,True,False,False
4853467,5,5284.785655,22353.87446,70252.36168,3,610,0.07522573659619068,True,False,False
1915957,5,6185.039553,25762.87987,87516.22794,4,519,0.07067305914099022,True,False,False
7205446,5,5056.613926,18331.38783,61694.83743,3,599,0.0819617027395091,True,False,False
7471902,5,4217.35898,20713.61568,76139.95873,4,548,0.05538956220025259,True,False,False
4190772,5,3076.667036,14208.61977,56658.2276,5,558,0.05430221110552353,True,False,False
5387191,5,4638.233339,24676.74922,74116.91057,1,623,0.06257996054246491,False,False,False
5876876,5,3925.108854,17158.34471,70513.1836,5,592,0.05566489347957904,True,False,False
7200237,5,5396.831301,33634.6884,88982.40664,5,665,0.06065054323417207,True,False,False
1744935,5,2787.69516,12668.33199,51504.7556,5,626,0.05412500510923695,True,False,False
1648023,5,2911.117016,13437.47174,44683.04084,5,534,0.06515037833759033,True,False,False
1448296,5,6363.151219,21194.95415,79282.81641,3,548,0.08025889476597114,True,False,False
4319411,4,4203.041432,14808.36154,60832.26859,2,705,0.06909230132987221,False,False,False
2347193,5,2876.306886,12883.91325,49671.55447,5,617,0.05790652047616499,True,False,False
2184692,5,2156.0685,8100.824957,28971.68063,3,490,0.07441986288387441,True,False,False
6795443,5,4754.336177,18980.06936,68073.53417,4,501,0.06984118328757545,True,False,False
5154151,4,3366.33052,11027.84762,43756.00179,0,645,0.07693414348404523,False,False,False
4268157,5,5573.507296,19740.52491,79255.71416,5,577,0.0703230972690285,True,False,False
3043459,3,4791.038616,16063.39346,79805.34706,2,606,0.06003405526697298,False,False,False
7178471,3,4791.233791,13904.60304,72295.83389,3,532,0.06627261258636269,True,False,False
8032983,5,5721.237967,21420.70762,68606.69341,3,553,0.08339183369193072,True,False,False
3019434,4,2941.607165,17621.73983,83420.53692,6,620,0.035262385901699375,False,True,False
4374080,5,6431.910903,26193.58917,95686.88392,3,616,0.06721831289205181,True,False,False
2572737,4,2922.354373,8531.010414,36935.11923,3,537,0.0791212925238471,True,False,False
3906561,5,6120.837303,34761.72529,111376.1237,5,616,0.05495645834727502,True,False,False
1666246,4,4641.646031,15812.12985,64900.22511,0,574,0.07151972159006892,False,False,False
5467306,4,2946.32428,16682.82704,71556.99408,3,534,0.04117451156075727,True,False,False
6923066,4,5538.716007,19790.53689,74489.40141,2,679,0.07435575937191571,False,False,False
7346170,5,4598.075278,22053.07582,77199.07711,4,594,0.05956127262309445,True,False,False
1578893,5,4413.998926,17008.93835,63197.36978,4,557,0.06984466191181414,True,False,False
6296709,5,4097.325584,22850.79132,73654.83163,4,613,0.055628741432505534,True,False,False
2454364,5,6731.216063,24140.3798,87610.27325,2,514,0.07683135565383024,False,False,False
2868933,4,3887.552042,11656.5605,61638.23039,5,636,0.06307046807480549,True,False,False
2158002,5,3054.226605,21209.32821,70065.98608,4,599,0.043590717491833235,True,False,False
3584588,5,2214.574148,10889.68643,43956.88084,7,666,0.050380602665164,False,True,False
7171578,5,4194.143448,28855.83542,93350.79585,3,649,0.044928845113857696,True,False,False
6320699,5,1930.869783,12045.28775,45800.7167,6,600,0.042158069177113996,False,True,False
4608407,5,4766.802803,18597.93514,66830.80403,3,531,0.07132643205759139,True,False,False
8827558,3,3244.808038,9179.709376,44474.16335,2,633,0.07295939470438627,False,False,False
2446131,4,4833.923863,19364.16449,78988.28364,5,687,0.06119798583080087,True,False,False
6683873,5,5761.369522,21578.27967,75066.29165,3,614,0.07675042146563797,True,False,False
5136736,5,2510.481566,14042.38812,54161.14419,5,642,0.04635207774032811,True,False,False
8602931,3,5873.943948,16739.26788,84222.56985,3,527,0.06974310993432599,True,False,False
8620904,5,2789.327409,17510.5147,53327.03547,4,685,0.052306065477222746,True,False,False
4799201,4,4795.816198,19631.45918,82970.23622,4,666,0.05780164570441427,True,False,False
7129413,4,3701.44291,15413.04833,52254.06472,0,644,0.07083550207689948,False,False,False
8977208,4,4300.956791,15595.16789,65513.85538,3,564,0.06564957543794608,True,False,False
4800569,4,6361.664916,23782.18042,94825.56781,3,511,0.06708807616893721,True,False,False
1989127,5,5997.051527,25367.8383,94134.72647,3,567,0.0637071116248605,True,False,False
2175930,5,3547.421471,14248.88226,44962.97584,5,712,0.07889650105952596,True,False,False
8977208,4,4300.956791,15595.16789,65513.85538,3,564,0.06564957543794608,True,False,False
7534908,5,1467.170646,9236.634801,25676.39117,3,685,0.05714084336408714,True,False,False
1266173,5,2164.114355,10953.60129,41129.92553,3,642,0.05261653959041341,True,False,False
2043580,4,4819.694373,17034.31498,80094.28127,5,504,0.06017526216076125,True,False,False
5756002,5,5883.93212,29414.067,104389.7817,1,525,0.05636501987243834,False,False,False
7910492,5,6318.785461,21009.61737,77943.05991,3,555,0.08106925065934328,True,False,False
7000794,5,1747.173886,12457.41429,39522.38939,4,580,0.04420719275748222,True,False,False
8352665,4,2157.722248,9427.961238,37828.68024,3,555,0.05703932133795213,True,False,False
5547803,5,3554.222715,13808.82056,48887.41985,3,675,0.07270219467309441,True,False,False
3718577,5,4022.968374,14623.97896,53127.20865,3,604,0.07572331534493296,True,False,False
4388212,5,5994.900935,27984.00504,84300.67395,4,677,0.07111332156793511,True,False,False
2540866,4,5743.390107,18948.49818,84223.80768,5,573,0.06819200253711447,True,False,False
6151428,5,4524.787152,21779.36314,81739.09927,4,468,0.05535645966753017,True,False,False
1337395,5,4271.31469,22756.28103,83475.30929,4,438,0.05116859974919177,True,False,False
1703917,3,5519.059176,24669.50608,109726.5743,4,583,0.05029829110412681,True,False,False
5280923,5,4644.10752,25085.58731,80772.53936,6,637,0.057496118814606,False,True,False
1868754,5,5563.327875,22649.70116,72046.92738,6,592,0.07721811432230992,False,True,False
6923066,4,5538.716007,19790.53689,74489.40141,2,679,0.07435575937191571,False,False,False
1220927,5,3820.317973,20556.49054,65340.00297,2,570,0.05846828587923463,False,False,False
5395674,5,3997.213649,15613.51707,58942.34287,2,605,0.06781565601856097,False,False,False
6951272,4,4650.045419,17065.18306,79427.61166,5,679,0.058544444706522356,True,False,False
6130202,5,3695.309656,13542.39924,47682.94287,4,538,0.07749751658731881,True,False,False
2946841,5,4091.602706,15205.20407,56422.87193,3,565,0.07251673950727236,True,False,False
8938093,5,1566.135185,11697.45411,47805.08759,7,590,0.032760847515476754,False,True,False
2382632,4,6088.997171,24355.93672,95303.36198,1,527,0.06389068595793938,False,False,False
4979590,3,3399.497094,8384.259856,44039.01078,4,546,0.07719285773657425,True,False,False
2572737,4,2922.354373,8531.010414,36935.11923,3,537,0.0791212925238471,True,False,False
6157630,4,4042.860846,23300.21687,83003.13943,0,563,0.04870732449113582,False,False,False
5813679,5,6457.312087,30285.95181,111569.8773,4,583,0.05787684134165486,True,False,False
6198725,3,5425.771406,16021.6603,78286.68262,4,584,0.06930644171418589,True,False,False
4137062,5,4279.096235,22310.53583,74128.18855,2,541,0.05772562797907463,False,False,False
6467769,5,4280.901448,21337.62586,71207.07966,3,536,0.060119042494657465,True,False,False
2193028,5,7607.008155,25712.93271,93765.18498,2,571,0.08112827971941361,False,False,False
5475178,5,3978.718132,14444.93534,52661.61602,4,546,0.07555252635029182,True,False,False
4906003,5,4615.493085,14784.73985,57558.67918,6,607,0.08018761289789555,False,True,False
1548144,5,6034.801727,24343.61112,88787.26103,6,632,0.06796922956054387,False,True,False
2103229,5,4786.569051,16639.73815,62831.787,3,468,0.07618069260070545,True,False,False
6779598,5,4855.992627,19298.38396,69907.21408,3,580,0.06946339788970746,True,False,False
3575305,5,4861.818817,18505.04417,73703.90473,3,449,0.06596419599219788,True,False,False
1688610,5,3117.799433,17261.75435,61901.13456,4,563,0.05036740368592042,True,False,False
2654263,4,664.2622431,2514.854582,11561.00105,6,552,0.057457156194964616,False,True,False
1688610,5,3117.799433,17261.75435,61901.13456,4,563,0.05036740368592042,True,False,False
6006692,5,5791.212235,27264.12371,102609.1676,5,559,0.05643952066325894,True,False,False
1997777,4,4124.109819,16398.30522,68213.56958,4,495,0.06045878912938719,True,False,False
7901970,5,6350.219165,33119.39403,102269.8474,3,514,0.06209278029097754,True,False,False
6795443,5,4754.336177,18980.06936,68073.53417,4,501,0.06984118328757545,True,False,False
4202352,5,3189.327566,15784.919,58164.72593,2,637,0.054832675904607324,False,False,False
8341778,5,4790.719413,21651.04623,75569.32526,2,581,0.06339502697049752,False,False,False
6347377,3,3486.675626,11942.26036,56165.41588,3,649,0.06207869329142765,True,False,False
1997777,4,4124.109819,16398.30522,68213.56958,4,495,0.06045878912938719,True,False,False
4137062,5,4279.096235,22310.53583,74128.18855,2,541,0.05772562797907463,False,False,False
1868754,5,5563.327875,22649.70116,72046.92738,6,592,0.07721811432230992,False,True,False
4465469,5,6774.331885,28778.41852,104460.9161,3,619,0.0648503970472072,True,False,False
6105668,4,6094.902746,21092.0012,78867.10718,2,579,0.07728066825234858,False,False,False
3339768,5,4053.487786,23075.09473,71583.91975,2,622,0.056625675153811346,False,False,False
5457127,5,3460.093408,19597.14788,52979.47258,8,645,0.0653100765164318,False,True,False
4499480,4,3644.461408,10497.58079,47622.00088,5,628,0.07652894335925686,True,False,False
5395674,5,3997.213649,15613.51707,58942.34287,2,605,0.06781565601856097,False,False,False
6130948,5,4364.100628,26212.19911,78498.86121,3,559,0.05559444507513512,True,False,False
8544794,5,6867.810491,25830.03238,94237.5182,3,706,0.07287766721980588,True,False,False
6225091,4,3776.309219,12294.05873,51314.47595,5,566,0.0735914992619154,True,False,False
5201753,3,4330.963307,14666.73775,64117.21787,3,697,0.06754758629392164,True,False,False
8258474,5,4327.131554,28223.46064,82012.12086,4,594,0.052762097951188136,True,False,False
5155618,4,4581.016397,18738.02684,76279.74665,2,701,0.06005547472541324,False,False,False
5702918,5,4044.249706,16606.81272,54752.02533,1,591,0.07386484210628927,False,False,False
6381573,5,3848.509319,18052.44355,60919.57161,4,587,0.06317361099709808,True,False,False
8544794,5,6867.810491,25830.03238,94237.5182,3,706,0.07287766721980588,True,False,False
4140781,5,3396.845281,14622.27822,55294.1336,3,563,0.06143229054953489,True,False,False
4457453,4,4473.086801,17921.78682,75332.02695,1,695,0.0593782881213181,False,False,False
6991491,5,3508.423992,21307.0328,71034.34755,5,513,0.049390528849870455,True,False,False
5563896,5,4286.298658,21136.43727,60927.44182,3,688,0.07035087195459735,True,False,False
8697809,3,5237.611394,14014.1672,77242.481,3,599,0.06780739466408386,True,False,False
3303160,5,4464.116034,24670.83117,82270.30656,3,512,0.05426157043360846,True,False,False
6130948,5,4364.100628,26212.19911,78498.86121,3,559,0.05559444507513512,True,False,False
7116744,5,3700.584063,15553.98053,57019.10071,5,634,0.0649007791585705,True,False,False
6225091,4,3776.309219,12294.05873,51314.47595,5,566,0.0735914992619154,True,False,False
5849178,5,2308.321045,11727.5166,44533.18205,4,671,0.05183373248307999,True,False,False
1932224,5,5832.266225,23957.73284,79526.46134,4,588,0.07333742916166325,True,False,False
5294135,5,3610.069746,15620.71465,47335.58708,4,561,0.07626544780988487,True,False,False
6817323,5,3709.082919,15196.14608,52576.53714,4,575,0.07054635243708635,True,False,False
8651006,5,4713.502539,21925.40346,75485.17898,2,624,0.062442755024120104,False,False,False
2443238,5,2579.381496,9253.918441,37319.70823,6,698,0.06911580015854803,False,True,False
5155618,4,4581.016397,18738.02684,76279.74665,2,701,0.06005547472541324,False,False,False
6421307,5,5434.805241,23099.13015,77705.96125,2,495,0.06994064745579608,False,False,False
7315232,5,4532.760586,22132.02512,91042.12095,6,521,0.04978751086532107,False,True,False
2072297,5,3164.844122,12915.3259,38509.12744,4,576,0.08218425948318502,True,False,False
4839006,5,3878.321069,22147.66997,71686.80559,3,654,0.05410090513980175,True,False,False
1878082,4,3018.547612,16253.22268,72261.89217,6,632,0.041772330080960283,False,True,False
7159302,4,5410.549713,15340.69016,65704.90714,2,567,0.08234620439340294,False,False,False
5876876,5,3925.108854,17158.34471,70513.1836,5,592,0.05566489347957904,True,False,False
7157603,5,4023.961591,16015.38324,56156.53988,3,573,0.07165615259769813,True,False,False
8547642,4,4139.148423,12119.07236,61895.46746,6,558,0.06687320724534358,False,True,False
1727503,4,4955.74351,16588.09321,77239.57495,6,613,0.06416067816540982,False,True,False
7371387,5,4093.610031,20724.27502,64713.01049,5,564,0.06325791367151092,True,False,False
3575305,5,4861.818817,18505.04417,73703.90473,3,449,0.06596419599219788,True,False,False
2600509,5,4038.365042,25002.75422,80812.96933,3,612,0.049971744331152146,True,False,False
2620673,5,4362.047304,18858.84263,68530.98249,3,579,0.06365073351511497,True,False,False
1994796,5,5225.178116,26431.04701,94340.07176,5,687,0.05538662435293445,True,False,False
1671899,5,2475.378481,10586.29189,34184.0609,4,465,0.07241323633962987,True,False,False
7718522,4,3166.194396,9842.849292,52602.19261,5,539,0.060191300759544514,True,False,False
7992322,5,2109.723734,11299.77189,41919.88978,5,713,0.050327511476581946,True,False,False
2007665,5,5484.30319,19853.9738,71276.43975,3,532,0.07694412360151587,True,False,False
4958127,5,5742.279911,22148.8414,83127.52573,2,591,0.0690779601650968,False,False,False
6295568,5,4190.806172,15748.62988,55247.51351,4,563,0.0758551092302362,True,False,False
5099808,3,3311.524905,15610.45432,77575.55722,3,603,0.042687735978598235,True,False,False
2350385,5,6039.454067,26447.96887,87324.62813,4,558,0.06916094802040355,True,False,False
2158002,5,3054.226605,21209.32821,70065.98608,4,599,0.043590717491833235,True,False,False
2393485,5,6625.878299,27800.79954,110918.2858,6,486,0.05973657320080942,False,True,False
8490683,4,3187.787229,13178.68488,51857.87714,1,557,0.06147161057892853,False,False,False
5509547,3,3379.968964,10929.70554,51631.14458,3,634,0.06546376206638028,True,False,False
7304383,5,3099.007102,16913.47635,62258.30821,4,527,0.049776603173136556,True,False,False
5605235,5,4596.778439,17794.57179,60080.28498,3,616,0.07651059645489718,True,False,False
7878481,5,3010.972512,15315.63228,50249.54978,4,597,0.05992038784790083,True,False,False
4080181,3,4646.266068,13442.32491,60701.68951,2,636,0.07654261529631023,False,False,False
7878347,3,6207.929975,19540.27495,90127.05727,2,561,0.06887975889862313,False,False,False
2592025,5,7595.629034,32128.76588,118629.7689,4,646,0.0640280184681368,True,False,False
5810372,3,6579.413057,18302.42126,86669.32695,2,545,0.07591397428060909,False,False,False
2420321,5,1768.1779,11965.93254,38966.86018,4,600,0.0453764530124377,True,False,False
5165627,5,4610.353595,19974.31607,70825.70058,4,568,0.06509435921205538,True,False,False
8683187,5,4638.03974,17138.74288,57686.68647,4,504,0.08040052261299521,True,False,False
4319411,4,4203.041432,14808.36154,60832.26859,2,705,0.06909230132987221,False,False,False
7942599,5,1720.259908,8848.334561,28388.8329,4,618,0.06059635892957051,True,False,False
5872680,4,5264.589148,21173.06855,81188.66081,1,558,0.06484389686289248,False,False,False
4502735,5,5086.134661,24552.63619,78546.94374,4,607,0.06475280155820866,True,False,False
5650696,3,4899.443593,17795.9173,81136.36579,2,554,0.06038529758260202,False,False,False
5296564,5,3228.144785,13093.86632,43590.74564,4,577,0.07405573677633472,True,False,False
1769732,5,3583.880809,13377.6147,48853.43577,3,662,0.07335985182030526,True,False,False
1309122,5,5749.201704,24064.85245,84303.4399,5,707,0.06819652567937504,True,False,False
6157630,4,4042.860846,23300.21687,83003.13943,0,563,0.04870732449113582,False,False,False
5913790,4,4759.125449,21890.95882,82684.15468,5,591,0.057557889627323694,True,False,False
5600112,5,3992.728087,18528.00845,64348.07693,4,596,0.06204891082205026,True,False,False
6775457,5,3872.925283,21183.15095,73404.98195,4,568,0.05276106852853739,True,False,False
5587581,5,5462.749752,26764.32621,89125.57713,3,572,0.06129272794533431,True,False,False
4953208,5,2672.449283,16875.53832,63734.25641,5,623,0.0419311283057613,True,False,False
4453762,5,2565.8923,14412.51764,48699.63217,2,563,0.05268812485160091,False,False,False
7074350,5,5894.987356,21383.10706,77903.17818,4,554,0.0756706914110651,True,False,False
7242220,5,3005.023314,11971.4572,45713.05407,5,622,0.06573665608511814,True,False,False
8586659,5,5861.240056,38190.69281,106031.8441,4,589,0.055278111078330285,True,False,False
7285923,5,2095.793835,8447.78254,29768.70946,3,625,0.07040257616192946,True,False,False
5138522,5,7605.778714,32759.36273,106602.888,4,627,0.07134683550036655,True,False,False
4268157,5,5573.507296,19740.52491,79255.71416,5,577,0.0703230972690285,True,False,False
2600509,5,4038.365042,25002.75422,80812.96933,3,612,0.049971744331152146,True,False,False
7538875,5,4005.213515,20636.70576,73788.2388,4,658,0.05427983619253966,True,False,False
4660514,5,4543.508548,27121.53114,101483.2702,6,610,0.04477101042413984,False,True,False
8096902,5,4630.830673,23908.65075,69521.02991,4,554,0.0666105015848434,True,False,False
3742210,5,5349.389258,23495.06483,77893.66059,4,639,0.06867554069845262,True,False,False
1309122,5,5749.201704,24064.85245,84303.4399,5,707,0.06819652567937504,True,False,False
4682533,5,4651.635134,19416.22251,70205.36695,5,632,0.06625754320624629,True,False,False
3881789,5,5902.970796,24083.86233,86570.66137,3,557,0.06818673558205715,True,False,False
4780828,5,3853.551637,13794.93947,44182.39056,3,620,0.08721917461136128,True,False,False
6481166,5,4266.365903,18402.60015,67940.95771,4,543,0.06279519816618728,True,False,False
6472993,3,2433.093807,7161.239983,39381.2015,3,624,0.06178312784590892,True,False,False
2707392,4,5140.866997,20296.76181,80903.02208,1,610,0.06354357185713674,False,False,False
8968408,3,4457.427041,17820.97975,88750.6181,2,661,0.050224180252779554,False,False,False
8282546,5,3211.503471,22922.66015,72288.72214,3,534,0.04442606503377319,True,False,False
3930594,5,4378.695488,22645.16697,84317.80841,4,713,0.051930850321777244,True,False,False
1657388,5,4447.696698,24687.95971,84766.94545,3,617,0.052469705902325865,True,False,False
5163454,5,6176.802543,18095.01414,67965.26102,3,635,0.09088176003888758,True,False,False
5864084,3,3337.086972,8583.023471,41216.58026,3,610,0.08096467370531919,True,False,False
5730029,5,5815.877479,27208.82845,94030.36161,3,674,0.06185105937507624,True,False,False
8147812,4,2856.581126,11811.44214,47521.30673,3,581,0.06011158620342931,True,False,False
4202352,5,3189.327566,15784.919,58164.72593,2,637,0.054832675904607324,False,False,False
6269334,5,2954.342619,10798.86446,36537.6526,2,687,0.08085748286412904,False,False,False
5274787,5,4202.315079,19202.89916,76655.64495,6,544,0.05482068648357253,False,True,False
6596040,5,4504.920306,27586.18532,80506.19743,5,597,0.05595743495296769,True,False,False
5405462,5,5699.133198,24872.89955,82491.47161,4,549,0.06908754428511281,True,False,False
1994796,5,5225.178116,26431.04701,94340.07176,5,687,0.05538662435293445,True,False,False
8435558,5,5054.956864,19796.51864,76917.43101,3,563,0.06571926282018971,True,False,False
7434183,4,3103.399217,13222.35757,56943.83738,5,595,0.054499298954692264,True,False,False
8229723,5,2404.579441,12281.80576,39964.82678,3,566,0.0601673930488133,True,False,False
7065268,5,3031.641296,14133.50465,51218.90654,5,610,0.059189887109995294,True,False,False
6198725,3,5425.771406,16021.6603,78286.68262,4,584,0.06930644171418589,True,False,False
3088254,5,3857.227759,16270.0729,61828.35392,4,541,0.062386065849187655,True,False,False
7341788,4,5303.260305,21362.82638,79385.79165,1,593,0.06680364577557249,False,False,False
5935610,5,3838.979905,17987.11053,69364.65894,6,523,0.05534489700757693,False,True,False
1000324,4,5767.234536,21466.06741,105224.9821,6,613,0.05480860553170862,False,True,False
4216247,3,2904.520559,14078.96288,61566.91482,1,521,0.047176646214802165,False,False,False
1913363,5,1721.742642,7069.377531,21484.78066,3,679,0.08013778075032951,True,False,False
1071129,5,5062.958927,24607.28806,86530.65712,4,595,0.058510579897466046,True,False,False
1927577,5,3270.06489,11193.20372,41546.03419,3,639,0.07870943529881114,True,False,False
4178166,5,4041.709489,18980.85885,65683.86354,3,584,0.06153276118629485,True,False,False
2509462,4,2372.18101,9338.682829,42111.1413,5,715,0.05633143478825637,True,False,False
5166770,5,2571.326399,13281.88224,44312.05098,3,555,0.05802769996271565,True,False,False
3137696,5,3123.349544,15389.64674,51230.56398,8,667,0.06096652664646305,False,True,False
5225928,5,6747.679105,20522.68283,80890.66654,5,630,0.08341727659844797,True,False,False
2571301,4,3423.483237,11659.05271,45703.47274,4,547,0.07490641370899029,True,False,False
1676923,4,4467.987174,22682.1544,81300.10323,1,619,0.05495672202727657,False,False,False
4358774,5,6325.816155,24839.48271,83250.84105,4,601,0.07598501198565369,True,False,False
4799201,4,4795.816198,19631.45918,82970.23622,4,666,0.05780164570441427,True,False,False
1070919,5,2340.06117,13099.50935,46440.39383,2,614,0.050388486767921105,False,False,False
3929157,4,4123.121383,15961.19987,63136.35824,3,624,0.065305023886978,True,False,False
7608644,4,3094.554788,17798.78631,74344.70037,5,632,0.04162441670487561,True,False,False
6616740,4,6472.932047,23491.76634,93010.66881,3,614,0.06959343621346012,True,False,False
7234052,5,6081.739491,30779.66221,97838.77326,3,568,0.06216083142046542,True,False,False
5099808,3,3311.524905,15610.45432,77575.55722,3,603,0.042687735978598235,True,False,False
2113289,5,3564.75614,16131.8156,55575.17929,4,578,0.06414295348285866,True,False,False
3357227,5,5060.519731,19332.98036,67919.31128,2,519,0.07450781869883533,False,False,False
5294135,5,3610.069746,15620.71465,47335.58708,4,561,0.07626544780988487,True,False,False
5206420,4,3059.248038,13000.90382,52623.35317,4,663,0.058134798596301614,True,False,False
6105668,4,6094.902746,21092.0012,78867.10718,2,579,0.07728066825234858,False,False,False
5064370,5,5939.342177,22284.23222,81435.3797,4,545,0.07293319192321517,True,False,False
5150971,4,1750.854887,7792.681291,37608.07056,4,657,0.04655529680010258,True,False,False
2895764,5,4449.927899,20251.46061,75616.40081,5,662,0.05884871339196976,True,False,False
6810610,5,2762.789321,19831.7068,64736.02898,2,501,0.04267776946673012,False,False,False
7354423,5,6172.034523,24334.71678,88288.33936,6,640,0.06990769752541419,False,True,False
3913748,5,3273.84721,20551.52564,70074.28481,3,440,0.046719666406538955,True,False,False
3929157,4,4123.121383,15961.19987,63136.35824,3,624,0.065305023886978,True,False,False
5849178,5,2308.321045,11727.5166,44533.18205,4,671,0.05183373248307999,True,False,False
2475923,3,4406.064294,13337.87777,64818.58305,2,613,0.06797532569635521,False,False,False
6295568,5,4190.806172,15748.62988,55247.51351,4,563,0.0758551092302362,True,False,False
6047923,5,2884.137458,18215.58482,58762.0934,5,592,0.04908159820596181,True,False,False
7619767,5,5143.790267,25893.10985,81037.07696,4,634,0.06347452869677149,True,False,False
2489621,5,3736.452803,20995.89701,75184.01719,5,597,0.049697434942289495,True,False,False
3011829,5,5416.379896,16966.96799,64457.96238,4,629,0.08402964809946573,True,False,False
4887815,5,5357.096944,21218.0669,74495.72041,4,546,0.07191147242440635,True,False,False
8547642,4,4139.148423,12119.07236,61895.46746,6,558,0.06687320724534358,False,True,False
4042929,5,4512.258695,21191.77662,77639.72125,3,627,0.0581179146750221,True,False,False
5587581,5,5462.749752,26764.32621,89125.57713,3,572,0.06129272794533431,True,False,False
4688812,3,4693.491254,16492.86598,75689.59472,2,719,0.0620097289642351,False,False,False
1029111,4,2622.072029,9722.05403,39034.60158,3,612,0.06717301888239229,True,False,False
2382632,4,6088.997171,24355.93672,95303.36198,1,527,0.06389068595793938,False,False,False
5768042,5,5161.165527,20168.01471,73029.07485,2,636,0.07067274969046113,False,False,False
6972424,4,4290.842733,18032.45221,71988.96316,3,560,0.05960417464915188,True,False,False
3584871,5,6967.346468,25887.47916,89398.12274,4,506,0.07793616078788815,True,False,False
8706286,4,3871.349295,11849.85432,54665.08908,5,629,0.0708194088796681,True,False,False
4804429,5,3138.620095,14357.55856,50149.05008,3,590,0.06258583343040663,True,False,False
7878347,3,6207.929975,19540.27495,90127.05727,2,561,0.06887975889862313,False,False,False
8669957,3,3683.060009,11960.33372,58451.98177,2,711,0.06301001090933585,False,False,False
7200237,5,5396.831301,33634.6884,88982.40664,5,665,0.06065054323417207,True,False,False
5042679,4,6560.957333,23233.35643,103721.6351,5,717,0.06325543679170172,True,False,False
5702918,5,4044.249706,16606.81272,54752.02533,1,591,0.07386484210628927,False,False,False
1769732,5,3583.880809,13377.6147,48853.43577,3,662,0.07335985182030526,True,False,False
2707392,4,5140.866997,20296.76181,80903.02208,1,610,0.06354357185713674,False,False,False
4512115,5,6383.483031,33554.64978,95897.73625,5,609,0.06656552365697788,True,False,False
2393485,5,6625.878299,27800.79954,110918.2858,6,486,0.05973657320080942,False,True,False
6572463,4,3996.203251,11557.694,56770.9142,6,641,0.07039173681300344,False,True,False
4509870,5,5299.605945,24534.14902,73401.96116,3,731,0.07219978678019288,True,False,False
1250602,5,3501.449146,20001.39471,58398.61318,4,584,0.05995774480478853,True,False,False
6136148,5,6025.657473,31340.17747,98194.18386,5,577,0.06136470854109913,True,False,False
1606995,5,5835.799289,25241.70174,92203.17639,3,550,0.06329282262810339,True,False,False
7283259,5,4580.749243,20803.97847,75791.21032,4,649,0.06043905650351145,True,False,False
5366858,5,5783.967482,25426.98846,80660.85815,1,500,0.07170723960367387,False,False,False
2088887,5,3411.916732,18131.92752,60719.62292,1,615,0.056191335978737995,False,False,False
1000324,4,5767.234536,21466.06741,105224.9821,6,613,0.05480860553170862,False,True,False
7951943,5,4791.63958,17273.88017,68754.38804,3,485,0.06969212753682448,True,False,False
8784730,5,3021.175982,14112.91831,47595.36118,3,629,0.06347626968464998,True,False,False
6325220,5,3507.902474,19990.89793,69486.70311,4,542,0.05048307542303254,True,False,False
3011829,5,5416.379896,16966.96799,64457.96238,4,629,0.08402964809946573,True,False,False
1052192,4,6144.471936,20930.042,85548.94352,4,658,0.07182405396465848,True,False,False
3996748,4,3912.604863,12718.19941,55012.80494,5,715,0.07112171188630179,True,False,False
5568829,5,5917.15657,25398.3824,90991.82837,3,680,0.06502953810246642,True,False,False
3819051,5,4569.270901,23135.78801,79481.48805,5,618,0.05748849213952279,True,False,False
1781054,5,3034.356018,14787.33146,53430.32619,3,669,0.05679089450455028,True,False,False
5538851,5,6399.714222,24344.86582,79832.89624,3,593,0.0801638738341732,True,False,False
2103229,5,4786.569051,16639.73815,62831.787,3,468,0.07618069260070545,True,False,False
7726218,5,6073.905476,28829.21096,100031.5932,6,626,0.060719871409585825,False,True,False
3284994,4,4222.58964,13351.16641,59145.20064,5,663,0.07139361426300168,True,False,False
8827969,4,4142.761965,16695.52173,67613.96212,1,661,0.06127080613390919,False,False,False
8033049,5,3668.82614,20264.17601,75087.47745,4,694,0.04886069241629584,True,False,False
6050625,5,2790.583944,14689.03537,52904.94063,2,517,0.05274713307999794,False,False,False
7196672,5,2227.484557,9979.816675,36461.72315,2,608,0.06109103916554751,False,False,False
6977539,4,3797.102716,12500.83846,63467.50092,6,541,0.05982751267906705,False,True,False
6990844,5,3135.006926,17054.77273,59367.84811,5,707,0.05280647734092177,True,False,False
4579920,5,4113.083493,15339.37239,69857.05165,8,663,0.05887857268307716,False,True,False
8072278,5,3761.656352,18695.83928,66585.63071,3,627,0.05649351537095323,True,False,False
3339768,5,4053.487786,23075.09473,71583.91975,2,622,0.056625675153811346,False,False,False
2823625,4,3814.89686,13523.1529,61407.33243,5,684,0.0621244517395168,True,False,False
5193058,5,3273.345444,26247.16403,74595.9267,3,569,0.043881021240801885,True,False,False
8679345,5,2800.289828,17693.14173,57441.78851,2,622,0.048750045927147614,False,False,False
6769476,5,6102.715859,27628.70017,98888.63099,3,569,0.06171301794659418,True,False,False
1357064,5,6434.157297,35162.03506,109537.4451,5,587,0.05873934060746137,True,False,False
8353705,4,2448.725785,8633.235167,38825.62225,6,568,0.06306984004615664,False,True,False
1793964,5,4507.196443,22431.23984,79123.75906,4,573,0.056963881602012455,True,False,False
5913790,4,4759.125449,21890.95882,82684.15468,5,591,0.057557889627323694,True,False,False
1252008,5,5176.915602,22990.26543,82417.59227,2,425,0.06281323512873838,False,False,False
2384703,3,5368.330911,18675.56215,80788.58848,1,474,0.06644912371911266,False,False,False
7341788,4,5303.260305,21362.82638,79385.79165,1,593,0.06680364577557249,False,False,False
4616950,4,3302.172238,13067.57021,50352.16821,3,545,0.0655815301583018,True,False,False
5296564,5,3228.144785,13093.86632,43590.74564,4,577,0.07405573677633472,True,False,False
1343245,5,2473.637175,20499.48439,66415.33298,4,603,0.03724497136444229,True,False,False
8827624,5,3377.803446,17709.23365,62376.25742,2,594,0.05415206980528073,False,False,False
2443238,5,2579.381496,9253.918441,37319.70823,6,698,0.06911580015854803,False,True,False
1710641,4,7105.884383,27241.41097,110305.6891,4,455,0.06441992648772636,True,False,False
7371387,5,4093.610031,20724.27502,64713.01049,5,564,0.06325791367151092,True,False,False
1652068,5,5335.11392,24964.75964,84623.84426,3,579,0.06304504323401201,True,False,False
1932224,5,5832.266225,23957.73284,79526.46134,4,588,0.07333742916166325,True,False,False
6977539,4,3797.102716,12500.83846,63467.50092,6,541,0.05982751267906705,False,True,False
6012155,5,3350.387971,23177.79094,77636.43994,5,644,0.04315483777449469,True,False,False
8153230,5,5582.223236,26309.82673,96638.99202,5,575,0.05776367405451338,True,False,False
2466082,5,5118.924546,32914.55355,102522.6117,5,558,0.04992971268600642,True,False,False
7538875,5,4005.213515,20636.70576,73788.2388,4,658,0.05427983619253966,True,False,False
6558483,4,3945.25448,14454.64194,60648.88659,3,561,0.06505073220339229,True,False,False
8790408,4,3079.129513,9909.434154,42632.57478,3,584,0.07222480764742588,True,False,False
2505345,5,4864.976346,19722.4911,72277.30041,4,550,0.0673098790132303,True,False,False
4461701,5,2121.832986,12028.5482,42217.46357,3,614,0.050259603646766404,True,False,False
5201032,5,7024.41041,26596.32318,92471.08498,3,539,0.07596331773893716,True,False,False
4604953,5,5930.695517,25883.6005,92811.06837,5,650,0.06390073534502079,True,False,False
2036810,5,3389.461558,17235.51007,54989.22567,4,612,0.061638648602559964,True,False,False
1886987,3,6792.127351,22027.17376,99175.72111,3,597,0.06848578739817343,True,False,False
6257016,3,2778.117505,9956.31397,50865.04066,4,488,0.05461742424566068,True,False,False
7354423,5,6172.034523,24334.71678,88288.33936,6,640,0.06990769752541419,False,True,False
6310444,4,3566.504854,15851.74452,64245.94632,2,600,0.05551330563699291,False,False,False
2454364,5,6731.216063,24140.3798,87610.27325,2,514,0.07683135565383024,False,False,False
7263578,4,3197.381332,11696.01029,51849.77336,4,645,0.0616662547355829,True,False,False
3103236,5,4604.328507,20970.73837,72479.0818,3,573,0.06352630845552461,True,False,False
4804429,5,3138.620095,14357.55856,50149.05008,3,590,0.06258583343040663,True,False,False
6795443,5,4754.336177,18980.06936,68073.53417,4,501,0.06984118328757545,True,False,False
2420321,5,1768.1779,11965.93254,38966.86018,4,600,0.0453764530124377,True,False,False
7283259,5,4580.749243,20803.97847,75791.21032,4,649,0.06043905650351145,True,False,False
7128957,5,4538.455966,16717.46577,59677.46552,2,594,0.076049743843076,False,False,False
7938599,5,5357.518028,22526.93177,75305.86183,4,619,0.07114343953853666,True,False,False
5533385,5,1220.988773,3968.453393,16170.64822,5,487,0.0755064828811173,True,False,False
8170825,4,2252.008559,7205.977999,36597.13759,6,581,0.06153510102974149,False,True,False
1939722,5,3856.004879,15893.48182,56810.17836,4,473,0.06787524683631357,True,False,False
5890405,5,4981.683281,21408.62267,68945.14754,4,618,0.0722557490809599,True,False,False
1725067,5,3177.883857,16834.91049,59683.52982,5,564,0.05324557489451785,True,False,False
2802445,5,6540.392701,23367.12711,80466.548,2,695,0.081280890799491,False,False,False
5165627,5,4610.353595,19974.31607,70825.70058,4,568,0.06509435921205538,True,False,False
3350887,4,4890.868401,17002.73974,67419.05389,5,649,0.07254430489309259,True,False,False
6901345,3,5281.352243,16411.51801,79905.09892,1,409,0.06609530949066998,False,False,False
2917216,5,5664.170991,25751.77904,90116.92332,5,659,0.06285357713430645,True,False,False
2061755,5,3313.054879,21685.07945,61703.45142,4,580,0.05369318575793859,True,False,False
6733204,5,4720.508454,27947.97458,92090.59824,3,584,0.05125939611878451,True,False,False
8802166,5,4501.04592,27843.73152,96096.38063,2,582,0.0468388704183395,False,False,False
5206420,4,3059.248038,13000.90382,52623.35317,4,663,0.058134798596301614,True,False,False
4083923,5,2771.45245,14494.81083,46682.2947,3,585,0.05936838511925165,True,False,False
5193058,5,3273.345444,26247.16403,74595.9267,3,569,0.043881021240801885,True,False,False
6381573,5,3848.509319,18052.44355,60919.57161,4,587,0.06317361099709808,True,False,False
7286766,5,6380.9341,28966.19979,100727.3454,2,597,0.06334857803172086,False,False,False
2399682,5,6050.286262,21279.66167,83084.80076,4,532,0.0728206146811009,True,False,False
3191077,5,4602.68816,21188.63655,79568.32006,4,613,0.057845737556470406,True,False,False
5325607,5,3016.145319,12394.49597,42525.62457,2,587,0.07092536204930336,False,False,False
2350385,5,6039.454067,26447.96887,87324.62813,4,558,0.06916094802040355,True,False,False
7878481,5,3010.972512,15315.63228,50249.54978,4,597,0.05992038784790083,True,False,False
7983630,5,5621.368193,24384.17503,89520.00563,4,594,0.06279454691093277,True,False,False
4658909,5,3677.062247,18433.22523,72688.97862,5,651,0.050586241777075616,True,False,False
5779604,5,3560.36899,22949.97561,76057.1183,6,620,0.04681177869448677,False,True,False
7716338,5,2647.604959,18833.74441,63210.53902,4,584,0.04188549884319591,True,False,False
6769476,5,6102.715859,27628.70017,98888.63099,3,569,0.06171301794659418,True,False,False
6257016,3,2778.117505,9956.31397,50865.04066,4,488,0.05461742424566068,True,False,False
3826095,5,4254.52263,20165.42121,77244.38619,3,482,0.055078729210625635,True,False,False
8047168,5,3120.16395,9945.747295,39704.93939,3,614,0.07858377315105128,True,False,False
2540866,4,5743.390107,18948.49818,84223.80768,5,573,0.06819200253711447,True,False,False
6181766,5,4290.491374,26512.11299,80484.26002,4,702,0.053308452769943226,True,False,False
4953208,5,2672.449283,16875.53832,63734.25641,5,623,0.0419311283057613,True,False,False
5440309,5,4854.454453,21002.15478,89538.58671,5,628,0.054216339919712364,True,False,False
8987032,5,2901.100047,15569.17201,53875.40172,3,604,0.05384832324921734,True,False,False
2713519,5,4500.868086,15307.44219,57171.99962,4,560,0.07872504225697048,True,False,False
4818800,4,4182.426767,18956.46543,83366.05862,6,583,0.0501694195003794,False,True,False
7875536,5,4445.297537,19977.25969,70331.54033,5,678,0.06320489379505105,True,False,False
6050625,5,2790.583944,14689.03537,52904.94063,2,517,0.05274713307999794,False,False,False
7263578,4,3197.381332,11696.01029,51849.77336,4,645,0.0616662547355829,True,False,False
3881789,5,5902.970796,24083.86233,86570.66137,3,557,0.06818673558205715,True,False,False
5341673,4,5233.929056,18398.72067,82016.67336,2,602,0.0638154272976477,False,False,False
7951943,5,4791.63958,17273.88017,68754.38804,3,485,0.06969212753682448,True,False,False
2023789,5,6459.888248,21361.71209,80333.12776,4,545,0.0804137524347278,True,False,False
5851653,4,3100.809827,14054.89085,52521.44393,3,632,0.05903892953005491,True,False,False
5274787,5,4202.315079,19202.89916,76655.64495,6,544,0.05482068648357253,False,True,False
6810610,5,2762.789321,19831.7068,64736.02898,2,501,0.04267776946673012,False,False,False
6858809,5,3381.351037,16392.72631,64233.7918,4,569,0.05264131140705911,True,False,False
3235789,4,2739.595209,17008.39916,72058.98501,6,536,0.038018787089768365,False,True,False
1648023,5,2911.117016,13437.47174,44683.04084,5,534,0.06515037833759033,True,False,False
1930980,5,4851.063484,24022.9064,88453.08155,2,597,0.05484335196685977,False,False,False
4241027,5,4887.813679,20818.42438,75726.96177,2,680,0.06454522358688312,False,False,False
6901345,3,5281.352243,16411.51801,79905.09892,1,409,0.06609530949066998,False,False,False
3640176,4,2841.925418,14601.04219,65499.68441,5,565,0.04338838337312837,True,False,False
4057478,4,6642.237034,29795.63553,110199.3165,1,596,0.060274757094341866,False,False,False
2153091,5,4002.302733,25450.67245,83810.59528,5,698,0.04775413800163144,True,False,False
1789517,3,2034.852272,5542.569473,28349.25951,2,486,0.07177796906061057,False,False,False
6880120,3,5254.532286,20160.70392,95270.29507,3,524,0.05515394155270774,True,False,False
6310444,4,3566.504854,15851.74452,64245.94632,2,600,0.05551330563699291,False,False,False
3330128,5,4089.44767,20591.1204,66473.29366,3,572,0.061520160125009826,True,False,False
2886026,5,3177.356106,15483.49705,51731.74738,3,577,0.06141984887269432,True,False,False
8894073,5,7023.595339,29495.48252,104899.3316,3,672,0.0669555776178082,True,False,False
6805299,4,6129.379274,23492.42261,97805.07457,3,565,0.06266933797604894,True,False,False
5332608,3,5464.642087,19492.20614,88758.65872,4,603,0.06156742526088501,True,False,False
2137063,5,4849.647193,18971.00109,72417.71413,4,494,0.06696769224577015,True,False,False
7471902,5,4217.35898,20713.61568,76139.95873,4,548,0.05538956220025259,True,False,False
4241027,5,4887.813679,20818.42438,75726.96177,2,680,0.06454522358688312,False,False,False
7136770,4,3542.45561,13317.78908,61910.36057,6,638,0.0572191080359589,False,True,False
4660514,5,4543.508548,27121.53114,101483.2702,6,610,0.04477101042413984,False,True,False
1862870,5,6110.410781,34051.67465,99065.69373,3,634,0.06168039157585375,True,False,False
2113289,5,3564.75614,16131.8156,55575.17929,4,578,0.06414295348285866,True,False,False
4436580,3,2932.018039,9700.05359,45029.89797,2,573,0.06511269559068024,False,False,False
2174944,4,4702.508883,20968.52533,87256.06841,6,684,0.05389320156970387,False,True,False
1448296,5,6363.151219,21194.95415,79282.81641,3,548,0.08025889476597114,True,False,False
3929157,4,4123.121383,15961.19987,63136.35824,3,624,0.065305023886978,True,False,False
5440309,5,4854.454453,21002.15478,89538.58671,5,628,0.054216339919712364,True,False,False
1746543,5,4372.7314,19373.8064,66951.81433,3,605,0.06531161916609407,True,False,False
4591916,5,3699.071466,20346.5005,69374.45433,6,581,0.053320368451538064,False,True,False
1188240,5,3606.915496,15849.10263,55601.28056,2,643,0.06487108677484028,False,False,False
8072617,5,5915.84984,34580.06435,119549.8471,5,661,0.04948437813602189,True,False,False
5605235,5,4596.778439,17794.57179,60080.28498,3,616,0.07651059645489718,True,False,False
6973402,3,3130.422313,10164.49002,51994.33389,4,545,0.06020698946971354,True,False,False
6108195,5,2647.716626,21883.18276,61588.19629,3,637,0.042990650570974856,True,False,False
5395674,5,3997.213649,15613.51707,58942.34287,2,605,0.06781565601856097,False,False,False
7171578,5,4194.143448,28855.83542,93350.79585,3,649,0.044928845113857696,True,False,False
5849178,5,2308.321045,11727.5166,44533.18205,4,671,0.05183373248307999,True,False,False
8926016,5,4455.723618,21759.58907,68241.17866,4,576,0.06529376698195499,True,False,False
5366858,5,5783.967482,25426.98846,80660.85815,1,500,0.07170723960367387,False,False,False
1981615,5,5072.574662,23510.93461,77493.19072,4,671,0.06545832756233166,True,False,False
8724194,5,4194.339297,17940.14287,67188.66182,3,558,0.06242629609496814,True,False,False
5600112,5,3992.728087,18528.00845,64348.07693,4,596,0.06204891082205026,True,False,False
7290056,4,6447.46365,27021.65674,107155.6424,3,593,0.06016914747179006,True,False,False
7820023,4,6720.829949,17136.66874,76042.71443,6,603,0.08838229933502387,False,True,False
4283265,4,7023.706494,23030.02902,107029.6982,5,613,0.06562390263752048,True,False,False
7065268,5,3031.641296,14133.50465,51218.90654,5,610,0.059189887109995294,True,False,False
8260988,5,3253.682056,16171.5703,60379.36713,4,499,0.05388731632437699,True,False,False
1975003,5,3368.903488,16223.71788,60476.01784,3,558,0.05570643716841658,True,False,False
2101535,5,3614.620828,19173.3113,64899.57969,3,672,0.055695596878525794,True,False,False
4887815,5,5357.096944,21218.0669,74495.72041,4,546,0.07191147242440635,True,False,False
6374521,5,4302.281736,21031.34228,74601.11754,4,567,0.057670473015275954,True,False,False
1032247,5,6261.188542,27607.91575,88720.95102,3,543,0.07057170228696677,True,False,False
2449444,5,4246.645948,15751.98672,65140.75415,3,591,0.0651918450041463,True,False,False
4658909,5,3677.062247,18433.22523,72688.97862,5,651,0.050586241777075616,True,False,False
5566815,5,5143.597478,29144.52611,101067.9726,4,672,0.05089245728077462,True,False,False
2101663,4,5345.800927,16326.1531,71219.60768,5,682,0.07506080279211108,True,False,False
7608644,4,3094.554788,17798.78631,74344.70037,5,632,0.04162441670487561,True,False,False
8790408,4,3079.129513,9909.434154,42632.57478,3,584,0.07222480764742588,True,False,False
1900307,4,4612.561768,21024.34476,82358.77443,3,631,0.056005711594462826,True,False,False
8586659,5,5861.240056,38190.69281,106031.8441,4,589,0.055278111078330285,True,False,False
5673350,4,2153.901886,6022.016569,25992.87874,4,687,0.08286507652903397,True,False,False
3181404,5,7511.183763,26239.77798,92911.59498,2,673,0.08084226478532465,False,False,False
8621913,4,5939.575882,18902.42004,91838.75292,6,624,0.06467396053574374,False,True,False
8083037,5,4813.626959,24927.42196,82082.3233,4,642,0.058643892685722745,True,False,False
6031818,5,3280.272295,18732.54767,67417.22083,3,563,0.04865629663482525,True,False,False
1548144,5,6034.801727,24343.61112,88787.26103,6,632,0.06796922956054387,False,True,False
4499480,4,3644.461408,10497.58079,47622.00088,5,628,0.07652894335925686,True,False,False
6779598,5,4855.992627,19298.38396,69907.21408,3,580,0.06946339788970746,True,False,False
2381865,5,2372.160278,10064.94338,34056.5216,5,647,0.06965362775040419,True,False,False
7194645,5,1663.759733,7653.602005,29277.12686,3,540,0.05682797157507689,True,False,False
6726712,4,4037.841409,17524.48,69352.16232,5,651,0.058222285707096894,True,False,False
6792797,5,2614.14013,12238.64243,39551.02221,4,481,0.06609538727267196,True,False,False
5475178,5,3978.718132,14444.93534,52661.61602,4,546,0.07555252635029182,True,False,False
4005271,5,5032.174207,17728.41032,58015.46655,4,550,0.08673849416798321,True,False,False
7097110,5,4141.358322,19931.94559,70036.44562,2,648,0.05913147483911392,False,False,False
1806610,5,4483.692944,25022.15509,82616.02268,4,502,0.054271469365777515,True,False,False
1303053,5,5085.195598,24788.71234,80638.77036,2,610,0.06306142287757971,False,False,False
1513094,4,3504.961541,13380.91761,54919.41526,2,611,0.06382008119363214,False,False,False
8801442,5,3476.48736,18323.43662,55574.80207,4,607,0.06255510106218899,True,False,False
1939722,5,3856.004879,15893.48182,56810.17836,4,473,0.06787524683631357,True,False,False
4241027,5,4887.813679,20818.42438,75726.96177,2,680,0.06454522358688312,False,False,False
3103236,5,4604.328507,20970.73837,72479.0818,3,573,0.06352630845552461,True,False,False
7538875,5,4005.213515,20636.70576,73788.2388,4,658,0.05427983619253966,True,False,False
2994148,5,4991.586796,26355.68725,81184.8131,3,582,0.061484243239577026,True,False,False
3873727,5,4519.705537,20797.51499,70032.74482,3,569,0.06453703262119263,True,False,False
8894073,5,7023.595339,29495.48252,104899.3316,3,672,0.0669555776178082,True,False,False
4465469,5,6774.331885,28778.41852,104460.9161,3,619,0.0648503970472072,True,False,False
6320699,5,1930.869783,12045.28775,45800.7167,6,600,0.042158069177113996,False,True,False
4780828,5,3853.551637,13794.93947,44182.39056,3,620,0.08721917461136128,True,False,False
7793516,5,6589.112894,30796.40528,86511.61048,4,604,0.07616449234317849,True,False,False
7740109,4,2947.889285,11888.70979,49761.29981,2,668,0.059240600552150253,False,False,False
1578893,5,4413.998926,17008.93835,63197.36978,4,557,0.06984466191181414,True,False,False
6891512,4,5595.930322,19289.0741,75337.18447,0,533,0.07427846370112696,False,False,False
7611968,4,3001.06638,7746.82451,39661.23823,6,529,0.07566749082810974,False,True,False
4670325,5,2743.390874,10823.12639,38396.60786,3,487,0.07144878224667216,True,False,False
3427398,5,3880.328782,17053.74533,58230.02794,6,634,0.0666379344004141,False,True,False
8827558,3,3244.808038,9179.709376,44474.16335,2,633,0.07295939470438627,False,False,False
1878082,4,3018.547612,16253.22268,72261.89217,6,632,0.041772330080960283,False,True,False
8356722,5,6105.574869,26597.58123,95258.66246,2,630,0.06409469450155032,False,False,False
1981615,5,5072.574662,23510.93461,77493.19072,4,671,0.06545832756233166,True,False,False
5901447,5,4338.461282,17095.02406,63496.12099,3,642,0.06832639875250433,True,False,False
2101663,4,5345.800927,16326.1531,71219.60768,5,682,0.07506080279211108,True,False,False
4042929,5,4512.258695,21191.77662,77639.72125,3,627,0.0581179146750221,True,False,False
5978905,5,3712.930286,18775.52882,62711.06685,4,600,0.05920693862346562,True,False,False
7354423,5,6172.034523,24334.71678,88288.33936,6,640,0.06990769752541419,False,True,False
5849178,5,2308.321045,11727.5166,44533.18205,4,671,0.05183373248307999,True,False,False
7582759,5,5592.888775,18556.51011,69034.6583,2,585,0.08101566535891727,False,False,False
2489621,5,3736.452803,20995.89701,75184.01719,5,597,0.049697434942289495,True,False,False
3938321,5,5877.142211,26659.05764,86183.41732,6,579,0.06819342274602672,False,True,False
1648023,5,2911.117016,13437.47174,44683.04084,5,534,0.06515037833759033,True,False,False
6325220,5,3507.902474,19990.89793,69486.70311,4,542,0.05048307542303254,True,False,False
8679345,5,2800.289828,17693.14173,57441.78851,2,622,0.048750045927147614,False,False,False
1997918,5,4152.344274,24298.35459,80751.52172,2,649,0.051421251086734315,False,False,False
8827969,4,4142.761965,16695.52173,67613.96212,1,661,0.06127080613390919,False,False,False
4579920,5,4113.083493,15339.37239,69857.05165,8,663,0.05887857268307716,False,True,False
8602547,5,3622.277712,28124.38665,82712.63653,7,625,0.043793522537347654,False,True,False
8938093,5,1566.135185,11697.45411,47805.08759,7,590,0.032760847515476754,False,True,False
5652610,5,4678.661225,25987.44629,87816.59481,3,713,0.05327764342403338,True,False,False
5348505,5,6469.19871,29099.9301,93987.29265,3,729,0.0688305677033458,True,False,False
1939722,5,3856.004879,15893.48182,56810.17836,4,473,0.06787524683631357,True,False,False
7611968,4,3001.06638,7746.82451,39661.23823,6,529,0.07566749082810974,False,True,False
5587581,5,5462.749752,26764.32621,89125.57713,3,572,0.06129272794533431,True,False,False
5935610,5,3838.979905,17987.11053,69364.65894,6,523,0.05534489700757693,False,True,False
5674473,5,5166.789359,30758.14262,89335.8922,4,602,0.057835537674296604,True,False,False
6198725,3,5425.771406,16021.6603,78286.68262,4,584,0.06930644171418589,True,False,False
3873416,5,3570.396396,19327.61013,74141.03734,6,591,0.04815681738612157,False,True,False
2193028,5,7607.008155,25712.93271,93765.18498,2,571,0.08112827971941361,False,False,False
6596040,5,4504.920306,27586.18532,80506.19743,5,597,0.05595743495296769,True,False,False
3597549,4,3743.193167,19444.13833,87943.17233,6,667,0.042563772352377224,False,True,False
1927577,5,3270.06489,11193.20372,41546.03419,3,639,0.07870943529881114,True,False,False
4616950,4,3302.172238,13067.57021,50352.16821,3,545,0.0655815301583018,True,False,False
5232755,5,5144.856965,34799.97444,111535.6084,3,630,0.04612748375881007,True,False,False
7438434,3,5385.525601,18877.18621,83753.90928,2,591,0.0643017818188701,False,False,False
3187932,5,3380.406841,17820.22804,65263.28592,5,653,0.051796454826741584,True,False,False
4390609,5,4678.767428,25846.28487,86032.93789,3,565,0.05438344362925487,True,False,False
4140179,5,3449.465266,12872.92069,50769.0652,5,662,0.0679442343957123,True,False,False
5516505,5,2928.999752,17797.92181,57924.0348,5,647,0.050566224575225895,True,False,False
8968408,3,4457.427041,17820.97975,88750.6181,2,661,0.050224180252779554,False,False,False
1648517,5,5607.693243,24802.79377,92361.34217,3,647,0.06071472232049743,True,False,False
6296709,5,4097.325584,22850.79132,73654.83163,4,613,0.055628741432505534,True,False,False
5280642,5,6504.355868,27598.31509,91166.20653,3,583,0.07134612830314066,True,False,False
6073195,5,5258.183963,19334.21622,76204.50896,4,651,0.06900095591141514,True,False,False
6810610,5,2762.789321,19831.7068,64736.02898,2,501,0.04267776946673012,False,False,False
7337299,4,4068.885833,15467.4188,68030.96889,5,494,0.059809317717920855,True,False,False
7878481,5,3010.972512,15315.63228,50249.54978,4,597,0.05992038784790083,True,False,False
3334808,4,5070.668196,17447.55315,77753.87173,4,623,0.0652143498861108,True,False,False
5064370,5,5939.342177,22284.23222,81435.3797,4,545,0.07293319192321517,True,False,False
3316265,5,6238.610615,26573.25649,90332.6506,4,562,0.06906263209993752,True,False,False
1122593,5,7749.000879,35084.58138,104334.5965,1,498,0.07427067472293335,False,False,False
7726218,5,6073.905476,28829.21096,100031.5932,6,626,0.060719871409585825,False,True,False
1793964,5,4507.196443,22431.23984,79123.75906,4,573,0.056963881602012455,True,False,False
6151428,5,4524.787152,21779.36314,81739.09927,4,468,0.05535645966753017,True,False,False
4979590,3,3399.497094,8384.259856,44039.01078,4,546,0.07719285773657425,True,False,False
6465413,5,5048.18284,23140.38164,86206.73017,7,671,0.058559033964575215,False,True,False
3826095,5,4254.52263,20165.42121,77244.38619,3,482,0.055078729210625635,True,False,False
1035811,5,5782.226606,26211.89114,92903.3668,2,569,0.062239150260806266,False,False,False
6045930,5,6272.920481,24892.17654,72947.45246,2,631,0.08599231733883637,False,False,False
2469689,5,5206.692349,20458.40822,75436.75158,3,558,0.069020633046193,True,False,False
2572737,4,2922.354373,8531.010414,36935.11923,3,537,0.0791212925238471,True,False,False
7247583,5,7626.716888,33605.91817,108135.013,3,542,0.07052957850016627,True,False,False
7372970,5,3375.62285,20971.17146,66457.29999,5,517,0.050793860877705516,True,False,False
8153230,5,5582.223236,26309.82673,96638.99202,5,575,0.05776367405451338,True,False,False
1769732,5,3583.880809,13377.6147,48853.43577,3,662,0.07335985182030526,True,False,False
3395179,5,4079.979057,17234.66352,52782.61741,3,594,0.07729777826870371,True,False,False
5155618,4,4581.016397,18738.02684,76279.74665,2,701,0.06005547472541324,False,False,False
1798890,4,4562.733611,9665.306455,48504.94677,4,572,0.09406738724269709,True,False,False
8612573,5,2628.467516,21765.23618,74720.82866,4,507,0.035177172993627236,True,False,False
1781054,5,3034.356018,14787.33146,53430.32619,3,669,0.05679089450455028,True,False,False
5718326,5,3372.480806,13971.51679,47275.46759,3,672,0.07133680485718491,True,False,False
3564815,5,4277.866383,17635.51904,64959.63665,4,562,0.06585422276988674,True,False,False
5652610,5,4678.661225,25987.44629,87816.59481,3,713,0.05327764342403338,True,False,False
1862870,5,6110.410781,34051.67465,99065.69373,3,634,0.06168039157585375,True,False,False
3339768,5,4053.487786,23075.09473,71583.91975,2,622,0.056625675153811346,False,False,False
3068766,5,2939.759123,13033.40353,50440.73014,4,552,0.05828145458720752,True,False,False
7000416,5,3661.171735,17431.48059,62137.99031,4,472,0.05892002166041729,True,False,False
8580775,5,5195.092409,21343.11585,76208.43925,5,511,0.06816951587156406,True,False,False
2861058,4,3986.093951,15907.47316,64933.70364,1,603,0.0613871337618345,False,False,False
3395179,5,4079.979057,17234.66352,52782.61741,3,594,0.07729777826870371,True,False,False
6706692,4,5737.652615,23124.64539,93872.3893,1,471,0.06112183420263705,False,False,False
5081181,4,4548.699424,16186.82349,72533.5565,3,543,0.06271165572861438,True,False,False
1032247,5,6261.188542,27607.91575,88720.95102,3,543,0.07057170228696677,True,False,False
7341788,4,5303.260305,21362.82638,79385.79165,1,593,0.06680364577557249,False,False,False
5332608,3,5464.642087,19492.20614,88758.65872,4,603,0.06156742526088501,True,False,False
4688812,3,4693.491254,16492.86598,75689.59472,2,719,0.0620097289642351,False,False,False
1220927,5,3820.317973,20556.49054,65340.00297,2,570,0.05846828587923463,False,False,False
4053452,4,4852.106397,16552.88405,69088.24481,2,585,0.07023056397428834,False,False,False
1795767,5,5700.276794,26488.38806,92408.95124,3,563,0.06168533153455579,True,False,False
4427744,5,5541.820831,27788.11006,83222.11189,4,688,0.06659072577159517,True,False,False
1000324,4,5767.234536,21466.06741,105224.9821,6,613,0.05480860553170862,False,True,False
2420321,5,1768.1779,11965.93254,38966.86018,4,600,0.0453764530124377,True,False,False
5984706,4,3182.230359,10533.4897,40152.78242,2,483,0.07925304716653805,False,False,False
3323417,5,5059.130214,20711.10541,62438.97546,3,659,0.08102519582886185,True,False,False
3718577,5,4022.968374,14623.97896,53127.20865,3,604,0.07572331534493296,True,False,False
7247583,5,7626.716888,33605.91817,108135.013,3,542,0.07052957850016627,True,False,False
7391158,5,2555.95912,14254.51056,54949.7268,5,527,0.04651450096017584,True,False,False
5558065,5,3226.790388,12599.81008,46423.98994,4,536,0.0695069594873344,True,False,False
2475923,3,4406.064294,13337.87777,64818.58305,2,613,0.06797532569635521,False,False,False
7726218,5,6073.905476,28829.21096,100031.5932,6,626,0.060719871409585825,False,True,False
6533715,5,3697.064738,19495.00799,62391.16654,6,667,0.05925622076051024,False,True,False
2917216,5,5664.170991,25751.77904,90116.92332,5,659,0.06285357713430645,True,False,False
3088254,5,3857.227759,16270.0729,61828.35392,4,541,0.062386065849187655,True,False,False
7471902,5,4217.35898,20713.61568,76139.95873,4,548,0.05538956220025259,True,False,False
2707392,4,5140.866997,20296.76181,80903.02208,1,610,0.06354357185713674,False,False,False
6567719,5,2382.162474,13529.83584,44726.66166,4,536,0.053260457758027104,True,False,False
7011861,5,4298.185249,21531.26415,65807.6293,3,593,0.06531439127529853,True,False,False
5978905,5,3712.930286,18775.52882,62711.06685,4,600,0.05920693862346562,True,False,False
2913411,5,5229.124206,25805.21681,85612.75244,4,606,0.061078800260098265,True,False,False
2861273,5,4299.323914,26058.30316,74918.94502,7,659,0.05738633816656485,False,True,False
6470633,4,5628.221523,17517.07381,75739.70912,5,659,0.07431004935710532,True,False,False
7951943,5,4791.63958,17273.88017,68754.38804,3,485,0.06969212753682448,True,False,False
4692806,5,5702.54985,25839.75024,77131.69821,4,590,0.07393263706542733,True,False,False
8412270,5,3189.7163,16983.85553,55594.32056,2,575,0.05737485894008739,False,False,False
1250602,5,3501.449146,20001.39471,58398.61318,4,584,0.05995774480478853,True,False,False
5869912,5,4264.730729,15587.82616,54177.14417,3,619,0.07871826384236671,True,False,False
8447957,5,2625.417782,12139.7497,42782.70921,2,518,0.06136632837142386,False,False,False
7967829,5,3542.836359,17859.47422,65895.03891,4,650,0.053764842051900685,True,False,False
6733204,5,4720.508454,27947.97458,92090.59824,3,584,0.05125939611878451,True,False,False
8801442,5,3476.48736,18323.43662,55574.80207,4,607,0.06255510106218899,True,False,False
7858211,5,4970.869798,25777.1911,78901.93054,4,684,0.06300061055514954,True,False,False
3695431,5,3329.576987,21443.27668,77151.46047,5,618,0.04315637016741492,True,False,False
4053452,4,4852.106397,16552.88405,69088.24481,2,585,0.07023056397428834,False,False,False
4559870,5,3095.054535,14114.55373,49798.58177,2,500,0.062151459439042586,False,False,False
2088887,5,3411.916732,18131.92752,60719.62292,1,615,0.056191335978737995,False,False,False
4182057,5,4835.138476,22164.44825,68190.20854,3,571,0.07090663864392985,True,False,False
7436232,4,4852.076967,17144.01767,67333.24863,1,572,0.07206063966499576,False,False,False
5300995,5,2055.451343,12393.46295,43764.18912,3,629,0.04696651267464407,True,False,False
8219678,5,4520.026998,17118.68836,68502.57881,5,658,0.0659833115266628,True,False,False
5165627,5,4610.353595,19974.31607,70825.70058,4,568,0.06509435921205538,True,False,False
6157630,4,4042.860846,23300.21687,83003.13943,0,563,0.04870732449113582,False,False,False
6045930,5,6272.920481,24892.17654,72947.45246,2,631,0.08599231733883637,False,False,False
7584220,3,7303.442763,17645.24259,101841.2716,4,501,0.07171397851045686,True,False,False
7136770,4,3542.45561,13317.78908,61910.36057,6,638,0.0572191080359589,False,True,False
7828768,5,6080.41614,21764.08826,82920.58215,3,609,0.07332818924257878,True,False,False
1188240,5,3606.915496,15849.10263,55601.28056,2,643,0.06487108677484028,False,False,False
5929382,4,2721.436749,10858.20226,43343.95016,1,505,0.06278700346770609,False,False,False
7247583,5,7626.716888,33605.91817,108135.013,3,542,0.07052957850016627,True,False,False
4457453,4,4473.086801,17921.78682,75332.02695,1,695,0.0593782881213181,False,False,False
3826095,5,4254.52263,20165.42121,77244.38619,3,482,0.055078729210625635,True,False,False
8556906,5,7437.985504,22770.91444,86191.15107,4,542,0.08629639367455776,True,False,False
5943118,5,5988.430765,22011.18823,93932.39305,7,656,0.06375256256712604,False,True,False
7471902,5,4217.35898,20713.61568,76139.95873,4,548,0.05538956220025259,True,False,False
1412856,5,1823.504697,9175.607591,35194.24858,5,656,0.05181257650252126,True,False,False
4559870,5,3095.054535,14114.55373,49798.58177,2,500,0.062151459439042586,False,False,False
4887815,5,5357.096944,21218.0669,74495.72041,4,546,0.07191147242440635,True,False,False
3323417,5,5059.130214,20711.10541,62438.97546,3,659,0.08102519582886185,True,False,False
7146043,5,3236.784282,12589.31808,48153.25255,6,589,0.06721839357869087,False,True,False
2023789,5,6459.888248,21361.71209,80333.12776,4,545,0.0804137524347278,True,False,False
6726712,4,4037.841409,17524.48,69352.16232,5,651,0.058222285707096894,True,False,False
5081181,4,4548.699424,16186.82349,72533.5565,3,543,0.06271165572861438,True,False,False
5413266,3,6814.88077,14767.88145,81128.43182,3,635,0.08400114013198487,True,False,False
6991424,3,4905.656536,14468.18815,70017.6219,2,601,0.07006316985467341,False,False,False
3149844,5,5780.567754,22227.09371,79135.20503,4,595,0.07304672745598623,True,False,False
6809367,4,5759.938932,22075.14038,82613.51713,3,648,0.06972150723151278,True,False,False
1256952,5,3611.732541,22221.27307,71605.85018,4,598,0.05043907071728033,True,False,False
8683187,5,4638.03974,17138.74288,57686.68647,4,504,0.08040052261299521,True,False,False
5810372,3,6579.413057,18302.42126,86669.32695,2,545,0.07591397428060909,False,False,False
3068766,5,2939.759123,13033.40353,50440.73014,4,552,0.05828145458720752,True,False,False
6320699,5,1930.869783,12045.28775,45800.7167,6,600,0.042158069177113996,False,True,False
1710641,4,7105.884383,27241.41097,110305.6891,4,455,0.06441992648772636,True,False,False
3187932,5,3380.406841,17820.22804,65263.28592,5,653,0.051796454826741584,True,False,False
5533385,5,1220.988773,3968.453393,16170.64822,5,487,0.0755064828811173,True,False,False
1981425,5,3207.605597,15512.69351,57696.28541,3,614,0.05559466392344305,True,False,False
3019434,4,2941.607165,17621.73983,83420.53692,6,620,0.035262385901699375,False,True,False
4780828,5,3853.551637,13794.93947,44182.39056,3,620,0.08721917461136128,True,False,False
4885953,5,4644.472768,19609.24346,62578.70296,5,545,0.07421810533479295,True,False,False
4283265,4,7023.706494,23030.02902,107029.6982,5,613,0.06562390263752048,True,False,False
2131658,5,3457.313672,15196.84158,59157.91881,7,639,0.058442111243027346,False,True,False
6770159,3,4393.697084,13448.54123,63134.42279,3,667,0.0695927338817126,True,False,False
6589111,3,4410.608133,12967.48766,62783.87218,4,584,0.07025065482350121,True,False,False
4465469,5,6774.331885,28778.41852,104460.9161,3,619,0.0648503970472072,True,False,False
4283265,4,7023.706494,23030.02902,107029.6982,5,613,0.06562390263752048,True,False,False
2172002,4,7495.15504,24956.61029,99918.94243,1,496,0.0750123535910207,False,False,False
2420321,5,1768.1779,11965.93254,38966.86018,4,600,0.0453764530124377,True,False,False
5405462,5,5699.133198,24872.89955,82491.47161,4,549,0.06908754428511281,True,False,False
3334808,4,5070.668196,17447.55315,77753.87173,4,623,0.0652143498861108,True,False,False
4992785,5,3086.186142,17855.07188,54137.02325,5,654,0.057006941954459975,True,False,False
7838820,5,3424.181288,17958.7509,62475.97969,3,613,0.054807964676832105,True,False,False
6373505,5,4677.168299,17867.04835,62074.26083,3,608,0.0753479499628542,True,False,False
6374521,5,4302.281736,21031.34228,74601.11754,4,567,0.057670473015275954,True,False,False
8547642,4,4139.148423,12119.07236,61895.46746,6,558,0.06687320724534358,False,True,False
8827558,3,3244.808038,9179.709376,44474.16335,2,633,0.07295939470438627,False,False,False
5213134,4,3965.008957,25669.27773,99837.63564,6,632,0.03971457188046045,False,True,False
7951943,5,4791.63958,17273.88017,68754.38804,3,485,0.06969212753682448,True,False,False
2149643,5,1938.21905,11922.97179,37907.3125,7,584,0.05113047911270418,False,True,False
6105668,4,6094.902746,21092.0012,78867.10718,2,579,0.07728066825234858,False,False,False
5704154,5,3813.920802,18146.48045,63187.45097,3,663,0.06035883301908737,True,False,False
4446317,5,4480.557577,22035.36728,69155.32428,5,585,0.06478977032713872,True,False,False
2600509,5,4038.365042,25002.75422,80812.96933,3,612,0.049971744331152146,True,False,False
7117713,5,4994.791798,17122.52063,64268.63935,3,498,0.07771740383048892,True,False,False
7766631,5,3489.452828,19686.2848,68344.72099,3,638,0.0510566548147964,True,False,False
3303160,5,4464.116034,24670.83117,82270.30656,3,512,0.05426157043360846,True,False,False
7097110,5,4141.358322,19931.94559,70036.44562,2,648,0.05913147483911392,False,False,False
7557552,2,3076.130524,8759.332341,54099.80079,1,485,0.056860292997023436,False,False,False
8968408,3,4457.427041,17820.97975,88750.6181,2,661,0.050224180252779554,False,False,False
7465776,5,5741.478961,20938.38431,72882.41397,3,527,0.07877728862498048,True,False,False
7159302,4,5410.549713,15340.69016,65704.90714,2,567,0.08234620439340294,False,False,False
2917216,5,5664.170991,25751.77904,90116.92332,5,659,0.06285357713430645,True,False,False
6689764,5,3237.311883,16702.21036,56359.98034,4,651,0.057439904405048266,True,False,False
4649906,5,2758.106666,13210.4596,52803.52175,5,610,0.052233384717374466,True,False,False
2174944,4,4702.508883,20968.52533,87256.06841,6,684,0.05389320156970387,False,True,False
4869643,5,3954.072178,16442.13916,64695.75534,6,577,0.06111795367748464,False,True,False
2478856,5,5672.23622,19195.68882,69913.66237,3,611,0.08113201379697654,True,False,False
1337395,5,4271.31469,22756.28103,83475.30929,4,438,0.05116859974919177,True,False,False
5866816,4,6101.814404,18472.06586,84116.51034,5,718,0.07254003262066376,True,False,False
8835093,3,6104.353215,23786.77261,111338.0614,3,703,0.05482719151242559,True,False,False
8468575,5,3801.831731,15405.06919,52872.83037,4,716,0.0719052054598756,True,False,False
6989720,5,2761.211689,14467.01803,52818.65598,3,611,0.05227720466884928,True,False,False
4053452,4,4852.106397,16552.88405,69088.24481,2,585,0.07023056397428834,False,False,False
8583455,4,3828.030126,15809.14801,67401.21177,6,646,0.05679467809959821,False,True,False
7273820,5,4142.745291,21820.94088,75350.08916,4,550,0.0549799653481923,True,False,False
7372970,5,3375.62285,20971.17146,66457.29999,5,517,0.050793860877705516,True,False,False
4189901,4,3962.801225,18825.29468,74948.38922,3,578,0.05287373439564897,True,False,False
7506533,5,7516.613946,34431.28513,110858.505,3,659,0.06780367411593725,True,False,False
3826881,5,2958.200911,12752.72402,41682.45011,7,608,0.07096993826402495,False,True,False
1410427,5,2514.722735,23228.55773,66592.36868,5,608,0.03776292666632924,True,False,False
8300060,5,5673.6615,26857.78467,96534.11663,4,480,0.05877364084395413,True,False,False
7648187,5,5850.003509,22650.24505,85544.36723,5,645,0.0683856073570725,True,False,False
7648187,5,5850.003509,22650.24505,85544.36723,5,645,0.0683856073570725,True,False,False
8827624,5,3377.803446,17709.23365,62376.25742,2,594,0.05415206980528073,False,False,False
6786938,5,1886.152094,12361.55367,43446.89077,3,588,0.04341282104592821,True,False,False
8258474,5,4327.131554,28223.46064,82012.12086,4,594,0.052762097951188136,True,False,False
4376993,4,6795.734395,21365.64864,107984.377,6,606,0.06293257028282898,False,True,False
8330691,4,6744.492401,18983.19447,89391.63102,4,613,0.07544881242284329,True,False,False
3334808,4,5070.668196,17447.55315,77753.87173,4,623,0.0652143498861108,True,False,False
8625710,3,4088.075195,14197.87238,64427.12584,3,566,0.06345270166408529,True,False,False
4679818,5,5655.316621,21757.68546,68111.81567,5,622,0.0830298908547654,True,False,False
6105668,4,6094.902746,21092.0012,78867.10718,2,579,0.07728066825234858,False,False,False
2691552,5,3772.763476,14149.06605,59584.26177,5,582,0.06331812065681316,True,False,False
7065268,5,3031.641296,14133.50465,51218.90654,5,610,0.059189887109995294,True,False,False
7349297,5,4775.527495,17532.70052,63702.51532,4,563,0.07496607427525988,True,False,False
8234115,3,4819.310067,16440.51044,79131.75623,3,558,0.06090235193305276,True,False,False
1071129,5,5062.958927,24607.28806,86530.65712,4,595,0.058510579897466046,True,False,False
4372380,5,2514.549741,14169.2705,50267.08601,4,597,0.05002378177441521,True,False,False
3779249,5,4371.080033,21742.30206,74016.77232,2,616,0.059055264043429444,False,False,False
2041870,5,4644.797144,16958.8948,66063.21262,4,540,0.07030837526350985,True,False,False
1122593,5,7749.000879,35084.58138,104334.5965,1,498,0.07427067472293335,False,False,False
6465413,5,5048.18284,23140.38164,86206.73017,7,671,0.058559033964575215,False,True,False
4526682,5,5184.060984,27073.16125,81958.37397,4,700,0.06325236498588382,True,False,False
4492826,5,6228.753148,28364.21558,86838.90302,1,570,0.0717276811588171,False,False,False
3827563,5,4331.338868,20476.12999,62726.36572,4,699,0.06905132822989254,True,False,False
5322966,5,5126.817226,24902.67379,81332.40123,2,572,0.06303536042790459,False,False,False
6810610,5,2762.789321,19831.7068,64736.02898,2,501,0.04267776946673012,False,False,False
1915957,5,6185.039553,25762.87987,87516.22794,4,519,0.07067305914099022,True,False,False
2571301,4,3423.483237,11659.05271,45703.47274,4,547,0.07490641370899029,True,False,False
3645629,5,4651.92823,24355.88637,91034.65106,3,597,0.05110063229587119,True,False,False
3303160,5,4464.116034,24670.83117,82270.30656,3,512,0.05426157043360846,True,False,False
2131658,5,3457.313672,15196.84158,59157.91881,7,639,0.058442111243027346,False,True,False
3357507,5,5444.327706,20459.78577,75997.3575,2,552,0.07163838171610112,False,False,False
2431508,4,4502.322972,27453.94809,109901.4371,6,630,0.04096691627338147,False,True,False
1892853,5,1992.516152,11385.13317,41590.87869,4,624,0.047907527197281245,True,False,False
5155618,4,4581.016397,18738.02684,76279.74665,2,701,0.06005547472541324,False,False,False
4178166,5,4041.709489,18980.85885,65683.86354,3,584,0.06153276118629485,True,False,False
2236935,4,5128.722323,20073.76947,79658.24857,2,574,0.06438407089120363,False,False,False
2153091,5,4002.302733,25450.67245,83810.59528,5,698,0.04775413800163144,True,False,False
6397127,5,4131.401288,27337.08666,93366.3833,4,516,0.044249344806740525,True,False,False
2381865,5,2372.160278,10064.94338,34056.5216,5,647,0.06965362775040419,True,False,False
8234115,3,4819.310067,16440.51044,79131.75623,3,558,0.06090235193305276,True,False,False
5387191,5,4638.233339,24676.74922,74116.91057,1,623,0.06257996054246491,False,False,False
8819083,4,3463.28979,17419.9279,73872.41814,6,576,0.04688204173087328,False,True,False
3149844,5,5780.567754,22227.09371,79135.20503,4,595,0.07304672745598623,True,False,False
1862870,5,6110.410781,34051.67465,99065.69373,3,634,0.06168039157585375,True,False,False
8612573,5,2628.467516,21765.23618,74720.82866,4,507,0.035177172993627236,True,False,False
7538875,5,4005.213515,20636.70576,73788.2388,4,658,0.05427983619253966,True,False,False
8612573,5,2628.467516,21765.23618,74720.82866,4,507,0.035177172993627236,True,False,False
5600112,5,3992.728087,18528.00845,64348.07693,4,596,0.06204891082205026,True,False,False
6078487,5,4671.814888,15355.88447,54367.11999,4,599,0.08593088780239433,True,False,False
6665484,5,4292.117412,18305.70227,59670.69209,3,569,0.0719300759161012,True,False,False
7992322,5,2109.723734,11299.77189,41919.88978,5,713,0.050327511476581946,True,False,False
6817323,5,3709.082919,15196.14608,52576.53714,4,575,0.07054635243708635,True,False,False
6177085,2,5435.881905,16593.23992,90808.05049,1,547,0.05986123340021062,False,False,False
2861058,4,3986.093951,15907.47316,64933.70364,1,603,0.0613871337618345,False,False,False
2886026,5,3177.356106,15483.49705,51731.74738,3,577,0.06141984887269432,True,False,False
1727503,4,4955.74351,16588.09321,77239.57495,6,613,0.06416067816540982,False,True,False
4319411,4,4203.041432,14808.36154,60832.26859,2,705,0.06909230132987221,False,False,False
2061755,5,3313.054879,21685.07945,61703.45142,4,580,0.05369318575793859,True,False,False
6810610,5,2762.789321,19831.7068,64736.02898,2,501,0.04267776946673012,False,False,False
1651002,4,5670.036019,18104.63042,87502.52672,5,631,0.06479854047122081,True,False,False
6891512,4,5595.930322,19289.0741,75337.18447,0,533,0.07427846370112696,False,False,False
7793516,5,6589.112894,30796.40528,86511.61048,4,604,0.07616449234317849,True,False,False
1744935,5,2787.69516,12668.33199,51504.7556,5,626,0.05412500510923695,True,False,False
5645415,5,4010.525435,16381.38226,55097.97351,2,514,0.07278898259791915,False,False,False
1795767,5,5700.276794,26488.38806,92408.95124,3,563,0.06168533153455579,True,False,False
5935610,5,3838.979905,17987.11053,69364.65894,6,523,0.05534489700757693,False,True,False
5387496,5,3881.188391,12616.85768,43944.8909,3,765,0.08831944536696984,True,False,False
8783597,3,6126.363508,15300.20191,78747.96457,3,607,0.07779710296580686,True,False,False
5650696,3,4899.443593,17795.9173,81136.36579,2,554,0.06038529758260202,False,False,False
7341788,4,5303.260305,21362.82638,79385.79165,1,593,0.06680364577557249,False,False,False
7315232,5,4532.760586,22132.02512,91042.12095,6,521,0.04978751086532107,False,True,False
7159302,4,5410.549713,15340.69016,65704.90714,2,567,0.08234620439340294,False,False,False
7337299,4,4068.885833,15467.4188,68030.96889,5,494,0.059809317717920855,True,False,False
2036810,5,3389.461558,17235.51007,54989.22567,4,612,0.061638648602559964,True,False,False
8556906,5,7437.985504,22770.91444,86191.15107,4,542,0.08629639367455776,True,False,False
8784730,5,3021.175982,14112.91831,47595.36118,3,629,0.06347626968464998,True,False,False
8300060,5,5673.6615,26857.78467,96534.11663,4,480,0.05877364084395413,True,False,False
3330128,5,4089.44767,20591.1204,66473.29366,3,572,0.061520160125009826,True,False,False
1964105,4,5772.302578,22729.12042,82036.95441,1,599,0.07036222418925363,False,False,False
8784730,5,3021.175982,14112.91831,47595.36118,3,629,0.06347626968464998,True,False,False
7097110,5,4141.358322,19931.94559,70036.44562,2,648,0.05913147483911392,False,False,False
8838592,5,4429.009343,26716.4405,99683.45517,3,572,0.04443073662973233,True,False,False
4140179,5,3449.465266,12872.92069,50769.0652,5,662,0.0679442343957123,True,False,False
2007665,5,5484.30319,19853.9738,71276.43975,3,532,0.07694412360151587,True,False,False
1593263,5,6775.11242,22579.11278,84112.19698,3,526,0.08054851333405275,True,False,False
6278210,5,1724.449812,9110.818031,33134.64555,3,620,0.05204370782834585,True,False,False
1651002,4,5670.036019,18104.63042,87502.52672,5,631,0.06479854047122081,True,False,False
8412196,5,5560.444038,23860.13808,84050.25192,2,568,0.06615618526988468,False,False,False
7314063,3,3299.866839,11273.81011,54033.46711,4,567,0.06107079585106416,True,False,False
6320699,5,1930.869783,12045.28775,45800.7167,6,600,0.042158069177113996,False,True,False
5313867,5,2086.641806,11665.96212,43195.77406,5,598,0.04830661914060396,True,False,False
5990565,5,5377.172319,25028.71433,90243.39901,4,549,0.05958521485215942,True,False,False
1322943,5,2716.063301,10953.50734,38317.43978,3,605,0.07088321444737193,True,False,False
5034668,5,4862.845105,22760.99271,62494.49753,2,536,0.07781237224390242,False,False,False
6413856,5,4953.364738,22515.86861,82523.86714,3,528,0.060023420007653316,True,False,False
3938321,5,5877.142211,26659.05764,86183.41732,6,579,0.06819342274602672,False,True,False
1657388,5,4447.696698,24687.95971,84766.94545,3,617,0.052469705902325865,True,False,False
7501010,5,4717.911867,22967.00779,90521.28125,4,520,0.05211936686987625,True,False,False
6392390,4,3467.220432,13004.13488,51320.14669,3,519,0.06756061031827888,True,False,False
1980426,3,1458.277928,5495.241963,26883.77073,4,579,0.05424380168413971,True,False,False
8651006,5,4713.502539,21925.40346,75485.17898,2,624,0.062442755024120104,False,False,False
2572737,4,2922.354373,8531.010414,36935.11923,3,537,0.0791212925238471,True,False,False
6130202,5,3695.309656,13542.39924,47682.94287,4,538,0.07749751658731881,True,False,False
3181404,5,7511.183763,26239.77798,92911.59498,2,673,0.08084226478532465,False,False,False
1621438,5,3403.687347,13911.19773,48422.38483,3,623,0.07029160911734467,True,False,False
1617003,5,4429.521296,17380.20702,59413.46694,4,536,0.0745541629555678,True,False,False
3699767,5,6188.589259,22255.62825,82042.26932,3,563,0.07543171721471831,True,False,False
3782056,4,3649.973546,17773.42806,76703.67356,2,579,0.04758538120269921,False,False,False
3845396,4,4607.568029,18658.60166,69043.68457,0,554,0.06673409824078282,False,False,False
3235789,4,2739.595209,17008.39916,72058.98501,6,536,0.038018787089768365,False,True,False
6596040,5,4504.920306,27586.18532,80506.19743,5,597,0.05595743495296769,True,False,False
8987032,5,2901.100047,15569.17201,53875.40172,3,604,0.05384832324921734,True,False,False
8583455,4,3828.030126,15809.14801,67401.21177,6,646,0.05679467809959821,False,True,False
7290681,5,4992.307979,20320.19944,67797.73406,4,494,0.07363532200916746,True,False,False
3621088,5,2150.331087,12702.64336,41578.21862,5,630,0.05171773006084598,True,False,False
4053452,4,4852.106397,16552.88405,69088.24481,2,585,0.07023056397428834,False,False,False
1137699,5,2986.728889,14959.55631,48043.25448,4,590,0.06216749721323208,True,False,False
7247583,5,7626.716888,33605.91817,108135.013,3,542,0.07052957850016627,True,False,False
2211560,5,5190.695843,31527.18281,95946.53116,6,549,0.054099880217076526,False,True,False
5395674,5,3997.213649,15613.51707,58942.34287,2,605,0.06781565601856097,False,False,False
1220927,5,3820.317973,20556.49054,65340.00297,2,570,0.05846828587923463,False,False,False
5392958,5,5248.734426,23068.7708,88291.48528,5,623,0.05944779849783495,True,False,False
6880120,3,5254.532286,20160.70392,95270.29507,3,524,0.05515394155270774,True,False,False
2501187,4,2599.448792,9127.453917,34661.90304,1,591,0.07499440492347532,False,False,False
3842204,5,3303.413563,14081.08903,54065.82427,3,673,0.06109984648533317,True,False,False
4005271,5,5032.174207,17728.41032,58015.46655,4,550,0.08673849416798321,True,False,False
7625297,4,4333.839005,13402.2945,55821.05876,2,642,0.07763806529777831,False,False,False
2895764,5,4449.927899,20251.46061,75616.40081,5,662,0.05884871339196976,True,False,False
6397127,5,4131.401288,27337.08666,93366.3833,4,516,0.044249344806740525,True,False,False
3416607,5,2536.548133,11442.74957,37990.83557,3,710,0.06676736889153921,True,False,False
4446317,5,4480.557577,22035.36728,69155.32428,5,585,0.06478977032713872,True,False,False
6786938,5,1886.152094,12361.55367,43446.89077,3,588,0.04341282104592821,True,False,False
3930594,5,4378.695488,22645.16697,84317.80841,4,713,0.051930850321777244,True,False,False
6326943,5,3677.861168,22750.09446,80646.75061,5,607,0.04560457972802631,True,False,False
5876876,5,3925.108854,17158.34471,70513.1836,5,592,0.05566489347957904,True,False,False
2315661,5,5472.502637,24023.7827,84232.37561,4,520,0.06496911190464286,True,False,False
4892989,5,5540.956939,23528.90746,79012.5681,5,646,0.07012753884910114,True,False,False
1848302,5,3435.652593,14882.95288,55482.60642,5,621,0.06192305687646172,True,False,False
3011829,5,5416.379896,16966.96799,64457.96238,4,629,0.08402964809946573,True,False,False
6775457,5,3872.925283,21183.15095,73404.98195,4,568,0.05276106852853739,True,False,False
1892853,5,1992.516152,11385.13317,41590.87869,4,624,0.047907527197281245,True,False,False
3730255,5,6167.877515,38083.68216,109209.1506,4,608,0.056477662184106395,True,False,False
7924344,5,4447.862427,19830.52592,66754.56264,2,589,0.06663008865756236,False,False,False
4053452,4,4852.106397,16552.88405,69088.24481,2,585,0.07023056397428834,False,False,False
2167053,5,7167.713567,30636.10721,111114.044,4,572,0.06450771935723985,True,False,False
1122593,5,7749.000879,35084.58138,104334.5965,1,498,0.07427067472293335,False,False,False
1798890,4,4562.733611,9665.306455,48504.94677,4,572,0.09406738724269709,True,False,False
2172002,4,7495.15504,24956.61029,99918.94243,1,496,0.0750123535910207,False,False,False
3781641,3,5235.733354,17908.07126,87976.16249,2,592,0.059513090885217126,False,False,False
7465776,5,5741.478961,20938.38431,72882.41397,3,527,0.07877728862498048,True,False,False
6610306,5,5390.873161,30441.76235,91844.02459,2,584,0.058695959645337234,False,False,False
7581099,5,3384.162868,16663.46241,59178.16504,6,549,0.05718600544157731,False,True,False
4828113,5,5444.325243,23588.40791,83329.24777,4,538,0.06533510608456558,True,False,False
7349297,5,4775.527495,17532.70052,63702.51532,4,563,0.07496607427525988,True,False,False
7726218,5,6073.905476,28829.21096,100031.5932,6,626,0.060719871409585825,False,True,False
4570465,5,6163.80366,22891.73376,74879.65589,3,587,0.0823161322890529,True,False,False
3125985,3,4590.852814,14624.39601,78424.67328,3,512,0.058538373473476325,True,False,False
5836331,5,3791.984312,17150.11087,60086.64313,3,654,0.0631086064135066,True,False,False
7247583,5,7626.716888,33605.91817,108135.013,3,542,0.07052957850016627,True,False,False
3898868,5,4436.068311,21327.09267,70768.28652,2,606,0.06268441033606645,False,False,False
5322966,5,5126.817226,24902.67379,81332.40123,2,572,0.06303536042790459,False,False,False
1621438,5,3403.687347,13911.19773,48422.38483,3,623,0.07029160911734467,True,False,False
7314063,3,3299.866839,11273.81011,54033.46711,4,567,0.06107079585106416,True,False,False
3451952,4,3235.592379,12062.9346,46797.52289,3,651,0.06914024886756137,True,False,False
6757959,4,2993.392193,15211.18394,68729.4631,6,644,0.04355326024655066,False,True,False
3258315,2,3672.296309,10722.89407,56665.90111,1,604,0.06480610450138838,False,False,False
6706686,5,3267.458419,15173.36331,48916.04478,4,532,0.06679727344464174,True,False,False
2620673,5,4362.047304,18858.84263,68530.98249,3,579,0.06365073351511497,True,False,False
7292144,4,4902.299367,18890.5216,79416.39622,5,646,0.061729058485852306,True,False,False
1419876,5,5179.604575,20550.32829,66333.74538,3,681,0.07808400604139083,True,False,False
1250602,5,3501.449146,20001.39471,58398.61318,4,584,0.05995774480478853,True,False,False
2236935,4,5128.722323,20073.76947,79658.24857,2,574,0.06438407089120363,False,False,False
8724194,5,4194.339297,17940.14287,67188.66182,3,558,0.06242629609496814,True,False,False
8711328,5,4926.741674,18943.13978,72136.00622,4,622,0.06829795454678278,True,False,False
1892869,5,4574.135951,23199.70095,78307.9492,2,650,0.05841215352629871,False,False,False
2981412,4,3681.961261,12698.894,61495.72868,5,630,0.05987344714881749,True,False,False
7438349,5,6080.564782,25508.26313,93441.25513,3,656,0.06507366337856255,True,False,False
6879091,4,2652.267332,14736.09929,53242.37388,4,554,0.049814971398116026,True,False,False
8872090,5,4958.51567,23006.38054,75315.51635,3,543,0.06583657538716456,True,False,False
2886026,5,3177.356106,15483.49705,51731.74738,3,577,0.06141984887269432,True,False,False
1250602,5,3501.449146,20001.39471,58398.61318,4,584,0.05995774480478853,True,False,False
8556906,5,7437.985504,22770.91444,86191.15107,4,542,0.08629639367455776,True,False,False
1606995,5,5835.799289,25241.70174,92203.17639,3,550,0.06329282262810339,True,False,False
3400659,5,7194.15692,23874.48686,91468.26292,3,614,0.07865194648216023,True,False,False
2061755,5,3313.054879,21685.07945,61703.45142,4,580,0.05369318575793859,True,False,False
1798890,4,4562.733611,9665.306455,48504.94677,4,572,0.09406738724269709,True,False,False
7938599,5,5357.518028,22526.93177,75305.86183,4,619,0.07114343953853666,True,False,False
4009534,5,5697.361627,20331.0456,72587.37929,4,584,0.07848970003777085,True,False,False
4371519,3,5375.079778,14617.36212,78565.05729,3,633,0.06841565402491162,True,False,False
2043580,4,4819.694373,17034.31498,80094.28127,5,504,0.06017526216076125,True,False,False
5775632,3,5169.32515,14788.22026,77641.89559,3,556,0.06657906933773769,True,False,False
3827563,5,4331.338868,20476.12999,62726.36572,4,699,0.06905132822989254,True,False,False
4956779,5,2747.70401,13073.86428,44034.81776,3,647,0.06239844172798956,True,False,False
1652068,5,5335.11392,24964.75964,84623.84426,3,579,0.06304504323401201,True,False,False
7349297,5,4775.527495,17532.70052,63702.51532,4,563,0.07496607427525988,True,False,False
4146423,5,1684.451834,9542.745367,33411.82485,5,670,0.050414840900256906,True,False,False
6455088,5,4673.288856,17681.72186,66548.12035,4,537,0.07022420515292586,True,False,False
5464701,5,4690.734695,19050.75554,69836.10034,3,589,0.06716776383794285,True,False,False
7593188,5,2319.435959,13149.10725,49076.45628,5,658,0.047261683805503975,True,False,False
7951943,5,4791.63958,17273.88017,68754.38804,3,485,0.06969212753682448,True,False,False
2466475,4,5185.312259,16942.3335,70718.33222,2,533,0.0733234522962001,False,False,False
4129215,3,4264.805627,14519.71866,77053.92249,3,542,0.05534832607066153,True,False,False
2540866,4,5743.390107,18948.49818,84223.80768,5,573,0.06819200253711447,True,False,False
1552688,5,6731.076791,33152.47047,108097.7139,3,742,0.0622684472053391,True,False,False
8894073,5,7023.595339,29495.48252,104899.3316,3,672,0.0669555776178082,True,False,False
8580775,5,5195.092409,21343.11585,76208.43925,5,511,0.06816951587156406,True,False,False
6347377,3,3486.675626,11942.26036,56165.41588,3,649,0.06207869329142765,True,False,False
4764480,4,3339.953412,14014.90372,62300.96892,5,606,0.05360997541288319,True,False,False
2540866,4,5743.390107,18948.49818,84223.80768,5,573,0.06819200253711447,True,False,False
8186560,5,6887.637568,31719.23693,107521.9014,3,547,0.06405799635533603,True,False,False
1000324,4,5767.234536,21466.06741,105224.9821,6,613,0.05480860553170862,False,True,False
5743959,4,5013.676534,18072.97254,69523.11918,1,527,0.07211524156474132,False,False,False
4283265,4,7023.706494,23030.02902,107029.6982,5,613,0.06562390263752048,True,False,False
7619767,5,5143.790267,25893.10985,81037.07696,4,634,0.06347452869677149,True,False,False
4372380,5,2514.549741,14169.2705,50267.08601,4,597,0.05002378177441521,True,False,False
2109160,5,7853.785833,33878.83486,111642.3591,3,577,0.07034772371627536,True,False,False
4906003,5,4615.493085,14784.73985,57558.67918,6,607,0.08018761289789555,False,True,False
8621913,4,5939.575882,18902.42004,91838.75292,6,624,0.06467396053574374,False,True,False
8619236,4,5344.280514,16625.41606,82439.8231,5,645,0.06482644325324857,True,False,False
3775764,5,3177.530335,15386.07707,58770.32443,5,622,0.05406691839492368,True,False,False
6165122,5,6863.977612,33742.51884,108466.6621,6,644,0.06328191058070735,False,True,False
2540866,4,5743.390107,18948.49818,84223.80768,5,573,0.06819200253711447,True,False,False
7625297,4,4333.839005,13402.2945,55821.05876,2,642,0.07763806529777831,False,False,False
8888737,3,4922.21773,18819.00315,86808.69605,4,567,0.056701896860251254,True,False,False
5913790,4,4759.125449,21890.95882,82684.15468,5,591,0.057557889627323694,True,False,False
1886987,3,6792.127351,22027.17376,99175.72111,3,597,0.06848578739817343,True,False,False
4465469,5,6774.331885,28778.41852,104460.9161,3,619,0.0648503970472072,True,False,False
6347377,3,3486.675626,11942.26036,56165.41588,3,649,0.06207869329142765,True,False,False
4110802,5,3343.699605,18633.97338,55782.01161,3,481,0.05994225572891633,True,False,False
4956779,5,2747.70401,13073.86428,44034.81776,3,647,0.06239844172798956,True,False,False
4512115,5,6383.483031,33554.64978,95897.73625,5,609,0.06656552365697788,True,False,False
5964237,5,3915.376897,20359.15345,83574.78422,5,516,0.04684878260281555,True,False,False
8186560,5,6887.637568,31719.23693,107521.9014,3,547,0.06405799635533603,True,False,False
1223271,5,5775.321503,31322.85303,94402.41559,4,611,0.061177687741411746,True,False,False
3149844,5,5780.567754,22227.09371,79135.20503,4,595,0.07304672745598623,True,False,False
8679345,5,2800.289828,17693.14173,57441.78851,2,622,0.048750045927147614,False,False,False
1605562,3,3939.515527,11428.05671,48419.8408,2,709,0.08136159602986551,False,False,False
5280642,5,6504.355868,27598.31509,91166.20653,3,583,0.07134612830314066,True,False,False
5101966,5,5249.686907,17721.59982,68791.7105,4,688,0.07631278345666373,True,False,False
4559870,5,3095.054535,14114.55373,49798.58177,2,500,0.062151459439042586,False,False,False
4140179,5,3449.465266,12872.92069,50769.0652,5,662,0.0679442343957123,True,False,False
3660028,5,4965.810848,30024.22504,85167.37624,5,659,0.05830649090335297,True,False,False
3327489,5,4595.889149,13984.80893,57298.83776,3,590,0.08020911642658769,True,False,False
6409503,5,3934.367648,24910.33003,91819.94328,3,610,0.04284872662143077,True,False,False
2078988,5,4940.924258,19623.94953,72378.73862,2,552,0.06826485722472514,False,False,False
8724194,5,4194.339297,17940.14287,67188.66182,3,558,0.06242629609496814,True,False,False
2868933,4,3887.552042,11656.5605,61638.23039,5,636,0.06307046807480549,True,False,False
2548568,5,4939.559872,36617.98351,110839.2913,7,572,0.0445650618482437,False,True,False
6397127,5,4131.401288,27337.08666,93366.3833,4,516,0.044249344806740525,True,False,False
4892989,5,5540.956939,23528.90746,79012.5681,5,646,0.07012753884910114,True,False,False
7584220,3,7303.442763,17645.24259,101841.2716,4,501,0.07171397851045686,True,False,False
2283883,3,1629.960413,5889.843826,25711.76734,2,668,0.06339355795524246,False,False,False
2592025,5,7595.629034,32128.76588,118629.7689,4,646,0.0640280184681368,True,False,False
4275054,5,7214.170283,28453.47137,89551.36528,4,666,0.08055902062959593,True,False,False
2592025,5,7595.629034,32128.76588,118629.7689,4,646,0.0640280184681368,True,False,False
5366858,5,5783.967482,25426.98846,80660.85815,1,500,0.07170723960367387,False,False,False
8678499,5,4775.099192,19690.09735,75842.65529,3,608,0.06296060144178003,True,False,False
1036609,4,2814.688746,15177.89554,64925.24839,5,552,0.04335276053304291,True,False,False
5099808,3,3311.524905,15610.45432,77575.55722,3,603,0.042687735978598235,True,False,False
4818800,4,4182.426767,18956.46543,83366.05862,6,583,0.0501694195003794,False,True,False
7651264,5,950.5581722,5623.785534,16778.47194,2,619,0.05665344112379282,False,False,False
5547803,5,3554.222715,13808.82056,48887.41985,3,675,0.07270219467309441,True,False,False
6320699,5,1930.869783,12045.28775,45800.7167,6,600,0.042158069177113996,False,True,False
6533975,5,3440.109034,18987.95328,61788.59979,2,640,0.05567546514554218,False,False,False
6786938,5,1886.152094,12361.55367,43446.89077,3,588,0.04341282104592821,True,False,False
1108441,5,4457.616048,20573.89764,81733.30642,4,680,0.054538550356617276,True,False,False
5123106,4,4197.826085,21487.05556,87887.06095,6,680,0.04776386921606348,False,True,False
6455088,5,4673.288856,17681.72186,66548.12035,4,537,0.07022420515292586,True,False,False
7263578,4,3197.381332,11696.01029,51849.77336,4,645,0.0616662547355829,True,False,False
4956779,5,2747.70401,13073.86428,44034.81776,3,647,0.06239844172798956,True,False,False
7501010,5,4717.911867,22967.00779,90521.28125,4,520,0.05211936686987625,True,False,False
4390609,5,4678.767428,25846.28487,86032.93789,3,565,0.05438344362925487,True,False,False
1688610,5,3117.799433,17261.75435,61901.13456,4,563,0.05036740368592042,True,False,False
7557552,2,3076.130524,8759.332341,54099.80079,1,485,0.056860292997023436,False,False,False
8602931,3,5873.943948,16739.26788,84222.56985,3,527,0.06974310993432599,True,False,False
1322943,5,2716.063301,10953.50734,38317.43978,3,605,0.07088321444737193,True,False,False
8271749,5,4030.345645,21274.03655,61486.82951,5,636,0.06554811293928431,True,False,False
4972580,5,6239.887461,22242.7118,72296.38158,4,664,0.08630981695944513,True,False,False
2006312,5,6096.936657,19261.99944,79734.98007,3,543,0.07646501763275602,True,False,False
7337299,4,4068.885833,15467.4188,68030.96889,5,494,0.059809317717920855,True,False,False
7024288,4,7520.946649,21433.03263,99504.60962,3,538,0.07558390186868612,True,False,False
6374521,5,4302.281736,21031.34228,74601.11754,4,567,0.057670473015275954,True,False,False
5740743,4,6412.606697,19535.00286,84630.48879,3,578,0.07577182630850784,True,False,False
5605235,5,4596.778439,17794.57179,60080.28498,3,616,0.07651059645489718,True,False,False
2802445,5,6540.392701,23367.12711,80466.548,2,695,0.081280890799491,False,False,False
6225091,4,3776.309219,12294.05873,51314.47595,5,566,0.0735914992619154,True,False,False
4282770,5,6913.143477,23516.90437,90011.06472,3,618,0.07680326300444189,True,False,False
3670550,4,2088.180306,10454.1356,45401.6215,4,599,0.045993518227096804,True,False,False
8072617,5,5915.84984,34580.06435,119549.8471,5,661,0.04948437813602189,True,False,False
1981425,5,3207.605597,15512.69351,57696.28541,3,614,0.05559466392344305,True,False,False
2265776,4,5620.46889,22226.19642,87511.43578,5,649,0.06422553623882504,True,False,False
6481166,5,4266.365903,18402.60015,67940.95771,4,543,0.06279519816618728,True,False,False
6712328,5,2721.00044,12664.94739,39815.62359,5,561,0.06834001818028539,True,False,False
6136148,5,6025.657473,31340.17747,98194.18386,5,577,0.06136470854109913,True,False,False
2315661,5,5472.502637,24023.7827,84232.37561,4,520,0.06496911190464286,True,False,False
8619236,4,5344.280514,16625.41606,82439.8231,5,645,0.06482644325324857,True,False,False
3930594,5,4378.695488,22645.16697,84317.80841,4,713,0.051930850321777244,True,False,False
1810476,5,2939.779719,13231.07235,48913.62447,4,630,0.06010144925578033,True,False,False
8260988,5,3253.682056,16171.5703,60379.36713,4,499,0.05388731632437699,True,False,False
4374080,5,6431.910903,26193.58917,95686.88392,3,616,0.06721831289205181,True,False,False
7579723,4,3889.452505,14572.86442,58593.22685,2,682,0.06638058209282598,False,False,False
6567719,5,2382.162474,13529.83584,44726.66166,4,536,0.053260457758027104,True,False,False
5876876,5,3925.108854,17158.34471,70513.1836,5,592,0.05566489347957904,True,False,False
2823625,4,3814.89686,13523.1529,61407.33243,5,684,0.0621244517395168,True,False,False
3404775,5,2982.587207,14552.48194,42011.58513,4,643,0.0709943982777781,True,False,False
8802166,5,4501.04592,27843.73152,96096.38063,2,582,0.0468388704183395,False,False,False
3240124,5,6434.400949,24522.88521,86123.19018,3,522,0.07471159551279873,True,False,False
5496799,5,3845.516135,18188.03893,75952.95813,6,532,0.050630235209773784,False,True,False
1514916,5,5059.539885,21233.54647,76312.27643,4,570,0.06630047119143449,True,False,False
6145201,5,3515.58493,18163.54369,64632.68725,4,567,0.05439329663644768,True,False,False
6512176,5,6317.757213,22064.93122,84029.11042,3,550,0.07518533971646442,True,False,False
1660812,5,3703.816101,17699.90947,59680.86485,6,642,0.06206036240106531,False,True,False
4187740,5,5805.394059,28826.35226,84077.12446,6,630,0.06904843732806225,False,True,False
7300819,4,5483.058105,16412.02894,72233.7962,4,636,0.07590710157082953,True,False,False
3365880,5,4278.794095,17092.49453,57289.69237,4,587,0.07468697976881807,True,False,False
1337395,5,4271.31469,22756.28103,83475.30929,4,438,0.05116859974919177,True,False,False
8580775,5,5195.092409,21343.11585,76208.43925,5,511,0.06816951587156406,True,False,False
6393811,4,4857.797385,20463.84157,72367.55886,2,551,0.06712672724525283,False,False,False
3303160,5,4464.116034,24670.83117,82270.30656,3,512,0.05426157043360846,True,False,False
1806610,5,4483.692944,25022.15509,82616.02268,4,502,0.054271469365777515,True,False,False
5730029,5,5815.877479,27208.82845,94030.36161,3,674,0.06185105937507624,True,False,False
6472993,3,2433.093807,7161.239983,39381.2015,3,624,0.06178312784590892,True,False,False
8866298,5,4920.294651,17406.81398,66058.94542,3,628,0.0744833969073677,True,False,False
5858531,5,4489.184508,20255.22384,60186.58663,3,550,0.07458779039252521,True,False,False
7983630,5,5621.368193,24384.17503,89520.00563,4,594,0.06279454691093277,True,False,False
5464701,5,4690.734695,19050.75554,69836.10034,3,589,0.06716776383794285,True,False,False
7538875,5,4005.213515,20636.70576,73788.2388,4,658,0.05427983619253966,True,False,False
2193028,5,7607.008155,25712.93271,93765.18498,2,571,0.08112827971941361,False,False,False
4658909,5,3677.062247,18433.22523,72688.97862,5,651,0.050586241777075616,True,False,False
6275697,5,2627.724354,14359.21732,54792.15,5,593,0.047958044245389166,True,False,False
1062689,5,2839.99453,16392.69981,62035.62379,5,586,0.045780059206204045,True,False,False
4057478,4,6642.237034,29795.63553,110199.3165,1,596,0.060274757094341866,False,False,False
4579920,5,4113.083493,15339.37239,69857.05165,8,663,0.05887857268307716,False,True,False
2861058,4,3986.093951,15907.47316,64933.70364,1,603,0.0613871337618345,False,False,False
1036609,4,2814.688746,15177.89554,64925.24839,5,552,0.04335276053304291,True,False,False
2381865,5,2372.160278,10064.94338,34056.5216,5,647,0.06965362775040419,True,False,False
4509870,5,5299.605945,24534.14902,73401.96116,3,731,0.07219978678019288,True,False,False
2023789,5,6459.888248,21361.71209,80333.12776,4,545,0.0804137524347278,True,False,False
3088254,5,3857.227759,16270.0729,61828.35392,4,541,0.062386065849187655,True,False,False
2047550,5,4750.532467,19027.23325,68649.92521,3,586,0.06919938299230668,True,False,False
7349297,5,4775.527495,17532.70052,63702.51532,4,563,0.07496607427525988,True,False,False
8894073,5,7023.595339,29495.48252,104899.3316,3,672,0.0669555776178082,True,False,False
2911393,5,5129.105334,18364.6733,67340.38896,3,573,0.07616685043275699,True,False,False
6006692,5,5791.212235,27264.12371,102609.1676,5,559,0.05643952066325894,True,False,False
1241557,4,967.4597305,5199.853686,21074.52061,3,555,0.04590660676954777,True,False,False
5890405,5,4981.683281,21408.62267,68945.14754,4,618,0.0722557490809599,True,False,False
6351145,5,3385.651941,16690.72779,52590.74911,3,695,0.06437732868034442,True,False,False
7097110,5,4141.358322,19931.94559,70036.44562,2,648,0.05913147483911392,False,False,False
5829516,5,3082.326356,14094.93598,48816.2736,6,655,0.06314136923388597,False,True,False
7296980,3,4971.913843,16488.61892,74186.62943,1,492,0.06701900168805122,False,False,False
3513892,5,4106.734829,19894.14153,72666.9164,4,556,0.0565145052584067,True,False,False
4014238,5,4589.09467,16765.32222,66566.07659,3,511,0.06894044091355393,True,False,False
4818800,4,4182.426767,18956.46543,83366.05862,6,583,0.0501694195003794,False,True,False
4360611,3,5690.526846,21406.47099,95268.84282,3,526,0.059731247672983954,True,False,False
5673350,4,2153.901886,6022.016569,25992.87874,4,687,0.08286507652903397,True,False,False
1062689,5,2839.99453,16392.69981,62035.62379,5,586,0.045780059206204045,True,False,False
2393485,5,6625.878299,27800.79954,110918.2858,6,486,0.05973657320080942,False,True,False
3775764,5,3177.530335,15386.07707,58770.32443,5,622,0.05406691839492368,True,False,False
4371519,3,5375.079778,14617.36212,78565.05729,3,633,0.06841565402491162,True,False,False
5673350,4,2153.901886,6022.016569,25992.87874,4,687,0.08286507652903397,True,False,False
8004391,3,4449.96214,10433.12752,53273.79013,2,610,0.08353004599712342,False,False,False
1467134,4,2608.798997,11177.43742,39682.19883,1,480,0.06574229941682896,False,False,False
8153230,5,5582.223236,26309.82673,96638.99202,5,575,0.05776367405451338,True,False,False
2113289,5,3564.75614,16131.8156,55575.17929,4,578,0.06414295348285866,True,False,False
4497737,5,5565.58075,33718.13261,115684.9119,4,597,0.04810982399166265,True,False,False
5457127,5,3460.093408,19597.14788,52979.47258,8,645,0.0653100765164318,False,True,False
1001679,3,4860.480358,24789.66926,101253.6429,2,630,0.04800301716354345,False,False,False
7963279,5,5729.907868,30666.77423,111747.5816,3,606,0.051275452998259786,True,False,False
5081181,4,4548.699424,16186.82349,72533.5565,3,543,0.06271165572861438,True,False,False
6269334,5,2954.342619,10798.86446,36537.6526,2,687,0.08085748286412904,False,False,False
8949248,5,4728.915895,28046.0298,98117.26616,3,627,0.04819657212308126,True,False,False
4352143,5,7358.580246,29358.09446,102867.3404,2,677,0.07153466024674242,False,False,False
6278210,5,1724.449812,9110.818031,33134.64555,3,620,0.05204370782834585,True,False,False
2384703,3,5368.330911,18675.56215,80788.58848,1,474,0.06644912371911266,False,False,False
5042679,4,6560.957333,23233.35643,103721.6351,5,717,0.06325543679170172,True,False,False
2559477,4,3906.630457,16227.27569,56732.91535,1,603,0.06886003359599957,False,False,False
7242220,5,3005.023314,11971.4572,45713.05407,5,622,0.06573665608511814,True,False,False
7234052,5,6081.739491,30779.66221,97838.77326,3,568,0.06216083142046542,True,False,False
7346170,5,4598.075278,22053.07582,77199.07711,4,594,0.05956127262309445,True,False,False
1862870,5,6110.410781,34051.67465,99065.69373,3,634,0.06168039157585375,True,False,False
5322966,5,5126.817226,24902.67379,81332.40123,2,572,0.06303536042790459,False,False,False
5650696,3,4899.443593,17795.9173,81136.36579,2,554,0.06038529758260202,False,False,False
8470946,5,5593.882059,32487.73064,89578.59763,2,560,0.062446635770134006,False,False,False
2324728,4,5628.249015,19169.28645,84612.28468,4,755,0.0665181071080375,True,False,False
3756086,5,6721.072484,25907.17451,102597.841,5,653,0.06550890758022872,True,False,False
7290056,4,6447.46365,27021.65674,107155.6424,3,593,0.06016914747179006,True,False,False
1553602,5,5899.257667,21851.7523,77147.37475,4,533,0.07646738059612326,True,False,False
5984706,4,3182.230359,10533.4897,40152.78242,2,483,0.07925304716653805,False,False,False
5674473,5,5166.789359,30758.14262,89335.8922,4,602,0.057835537674296604,True,False,False
4449818,5,3055.471499,17082.42083,65207.42729,3,608,0.04685772198021647,True,False,False
7117713,5,4994.791798,17122.52063,64268.63935,3,498,0.07771740383048892,True,False,False
1725067,5,3177.883857,16834.91049,59683.52982,5,564,0.05324557489451785,True,False,False
3258315,2,3672.296309,10722.89407,56665.90111,1,604,0.06480610450138838,False,False,False
4765821,5,4993.661861,17091.06383,71136.19395,3,641,0.07019860894595978,True,False,False
5743959,4,5013.676534,18072.97254,69523.11918,1,527,0.07211524156474132,False,False,False
6972424,4,4290.842733,18032.45221,71988.96316,3,560,0.05960417464915188,True,False,False
5563628,5,2166.900899,8691.723981,31318.19872,4,529,0.06918983171328444,True,False,False
8483461,4,4392.975281,20014.11116,88983.86175,2,636,0.04936822469384456,False,False,False
3544936,5,2124.243097,11117.39863,36755.67148,4,607,0.05779361419518271,True,False,False
2950385,5,4709.774494,30246.48183,95212.95173,4,566,0.04946569146764546,True,False,False
5538851,5,6399.714222,24344.86582,79832.89624,3,593,0.0801638738341732,True,False,False
6616740,4,6472.932047,23491.76634,93010.66881,3,614,0.06959343621346012,True,False,False
7128957,5,4538.455966,16717.46577,59677.46552,2,594,0.076049743843076,False,False,False
6137552,5,7240.998261,27063.11345,94816.76301,3,647,0.07636833436547835,True,False,False
7716639,5,3415.130519,15428.57068,65315.6594,5,498,0.052286550428671016,True,False,False
4585484,4,5108.404937,17284.78961,70545.99578,2,563,0.07241240102316691,False,False,False
4275054,5,7214.170283,28453.47137,89551.36528,4,666,0.08055902062959593,True,False,False
2131658,5,3457.313672,15196.84158,59157.91881,7,639,0.058442111243027346,False,True,False
7875536,5,4445.297537,19977.25969,70331.54033,5,678,0.06320489379505105,True,False,False
7332941,5,3933.413055,17365.53469,62481.77904,6,600,0.06295296189440895,False,True,False
4709666,4,5082.151487,25162.53098,117119.2917,5,693,0.04339294930179295,True,False,False
8469963,5,4424.819601,20384.26767,73983.50212,5,466,0.05980819337023296,True,False,False
5348505,5,6469.19871,29099.9301,93987.29265,3,729,0.0688305677033458,True,False,False
2172002,4,7495.15504,24956.61029,99918.94243,1,496,0.0750123535910207,False,False,False
8612573,5,2628.467516,21765.23618,74720.82866,4,507,0.035177172993627236,True,False,False
1032247,5,6261.188542,27607.91575,88720.95102,3,543,0.07057170228696677,True,False,False
6646241,5,4588.995443,27871.19934,94149.6484,4,592,0.048741503776024715,True,False,False
1071129,5,5062.958927,24607.28806,86530.65712,4,595,0.058510579897466046,True,False,False
7714904,5,4942.117401,23770.42277,76517.01254,4,648,0.0645884782605236,True,False,False
3769733,5,4764.435819,17874.86079,70500.97312,4,528,0.06757971710391053,True,False,False
8147812,4,2856.581126,11811.44214,47521.30673,3,581,0.06011158620342931,True,False,False
8241068,5,3101.142819,22145.00313,77484.67239,6,586,0.04002266155803256,False,True,False
7000794,5,1747.173886,12457.41429,39522.38939,4,580,0.04420719275748222,True,False,False
3451952,4,3235.592379,12062.9346,46797.52289,3,651,0.06914024886756137,True,False,False
4137062,5,4279.096235,22310.53583,74128.18855,2,541,0.05772562797907463,False,False,False
8633630,5,7880.378251,35666.00602,110619.2778,4,594,0.07123874253859937,True,False,False
2037750,5,5528.310211,22566.68211,73708.23089,4,611,0.07500261699741902,True,False,False
1065858,4,5552.339151,18749.47943,75733.99227,1,546,0.07331369949712015,False,False,False
8894073,5,7023.595339,29495.48252,104899.3316,3,672,0.0669555776178082,True,False,False
8781044,5,4142.601373,14490.0649,52900.22988,3,591,0.07830970455888689,True,False,False
5530537,5,4399.609707,18983.59494,74551.79742,5,589,0.05901413325039051,True,False,False
2756206,5,4664.365881,14413.32491,56995.77402,4,731,0.08183704776714251,True,False,False
6108195,5,2647.716626,21883.18276,61588.19629,3,637,0.042990650570974856,True,False,False
5530537,5,4399.609707,18983.59494,74551.79742,5,589,0.05901413325039051,True,False,False
3621263,5,4783.671039,24015.14309,82331.5553,4,600,0.058102522435890376,True,False,False
2152630,5,6410.871096,24303.80399,90415.64207,4,564,0.0709044469433363,True,False,False
4014238,5,4589.09467,16765.32222,66566.07659,3,511,0.06894044091355393,True,False,False
8412196,5,5560.444038,23860.13808,84050.25192,2,568,0.06615618526988468,False,False,False
2463021,5,6636.529927,29125.19145,87449.81965,2,494,0.07588957820109123,False,False,False
8333955,3,6011.557148,14398.70471,72540.30536,3,568,0.08287195812267532,True,False,False
1448296,5,6363.151219,21194.95415,79282.81641,3,548,0.08025889476597114,True,False,False
3621504,3,2835.107877,7716.404618,36923.78928,2,582,0.07678269030030604,False,False,False
6973402,3,3130.422313,10164.49002,51994.33389,4,545,0.06020698946971354,True,False,False
5300995,5,2055.451343,12393.46295,43764.18912,3,629,0.04696651267464407,True,False,False
5978905,5,3712.930286,18775.52882,62711.06685,4,600,0.05920693862346562,True,False,False
1592786,5,2926.975127,26519.20017,86875.69076,4,615,0.03369153213510518,True,False,False
7196672,5,2227.484557,9979.816675,36461.72315,2,608,0.06109103916554751,False,False,False
3291461,4,5453.353365,22129.53256,89062.37285,5,607,0.061230721689670316,True,False,False
7561758,5,6151.142686,25984.54022,89101.90415,2,558,0.0690349184417514,False,False,False
3339768,5,4053.487786,23075.09473,71583.91975,2,622,0.056625675153811346,False,False,False
3365880,5,4278.794095,17092.49453,57289.69237,4,587,0.07468697976881807,True,False,False
6964535,4,3393.48251,12532.10918,55494.5622,5,650,0.06114982036924691,True,False,False
2167053,5,7167.713567,30636.10721,111114.044,4,572,0.06450771935723985,True,False,False
6521649,5,5168.749054,21174.21566,74668.15508,3,594,0.06922293779004135,True,False,False
5743959,4,5013.676534,18072.97254,69523.11918,1,527,0.07211524156474132,False,False,False
6003071,5,5407.292663,22207.93686,81623.31316,3,589,0.06624691468233461,True,False,False
4722352,4,4796.82477,16515.99761,78021.89609,5,668,0.061480494712237654,True,False,False
6678555,4,3130.987411,10439.08504,44104.95803,3,522,0.0709894658299032,True,False,False
5101966,5,5249.686907,17721.59982,68791.7105,4,688,0.07631278345666373,True,False,False
7924344,5,4447.862427,19830.52592,66754.56264,2,589,0.06663008865756236,False,False,False
8835093,3,6104.353215,23786.77261,111338.0614,3,703,0.05482719151242559,True,False,False
8260988,5,3253.682056,16171.5703,60379.36713,4,499,0.05388731632437699,True,False,False
2691552,5,3772.763476,14149.06605,59584.26177,5,582,0.06331812065681316,True,False,False
2113289,5,3564.75614,16131.8156,55575.17929,4,578,0.06414295348285866,True,False,False
4275054,5,7214.170283,28453.47137,89551.36528,4,666,0.08055902062959593,True,False,False
7568207,5,4062.562275,18103.56709,68569.47524,3,441,0.0592473875697696,True,False,False
5779604,5,3560.36899,22949.97561,76057.1183,6,620,0.04681177869448677,False,True,False
8583455,4,3828.030126,15809.14801,67401.21177,6,646,0.05679467809959821,False,True,False
7827718,5,2176.375804,9540.89409,29076.3424,2,527,0.07485039810234177,False,False,False
5387191,5,4638.233339,24676.74922,74116.91057,1,623,0.06257996054246491,False,False,False
1348531,4,2091.335878,10728.40782,41360.13224,5,599,0.05056405201667701,True,False,False
5538851,5,6399.714222,24344.86582,79832.89624,3,593,0.0801638738341732,True,False,False
7924344,5,4447.862427,19830.52592,66754.56264,2,589,0.06663008865756236,False,False,False
2571301,4,3423.483237,11659.05271,45703.47274,4,547,0.07490641370899029,True,False,False
7074350,5,5894.987356,21383.10706,77903.17818,4,554,0.0756706914110651,True,False,False
4450661,5,2425.416528,14440.85036,48876.55168,6,645,0.04962331516100934,False,True,False
2207601,3,3945.08196,11557.33846,53571.89707,2,636,0.07364088590786953,False,False,False
8866298,5,4920.294651,17406.81398,66058.94542,3,628,0.0744833969073677,True,False,False
7625297,4,4333.839005,13402.2945,55821.05876,2,642,0.07763806529777831,False,False,False
7263578,4,3197.381332,11696.01029,51849.77336,4,645,0.0616662547355829,True,False,False
7716338,5,2647.604959,18833.74441,63210.53902,4,584,0.04188549884319591,True,False,False
5193058,5,3273.345444,26247.16403,74595.9267,3,569,0.043881021240801885,True,False,False
1981425,5,3207.605597,15512.69351,57696.28541,3,614,0.05559466392344305,True,False,False
2911393,5,5129.105334,18364.6733,67340.38896,3,573,0.07616685043275699,True,False,False
5522849,5,4639.819705,20420.41721,69035.89988,6,633,0.06720879590278472,False,True,False
6951272,4,4650.045419,17065.18306,79427.61166,5,679,0.058544444706522356,True,False,False
7178471,3,4791.233791,13904.60304,72295.83389,3,532,0.06627261258636269,True,False,False
4371519,3,5375.079778,14617.36212,78565.05729,3,633,0.06841565402491162,True,False,False
3334808,4,5070.668196,17447.55315,77753.87173,4,623,0.0652143498861108,True,False,False
2895764,5,4449.927899,20251.46061,75616.40081,5,662,0.05884871339196976,True,False,False
4500285,5,2721.001265,15837.68481,49211.5803,7,607,0.05529188960022078,False,True,False
5779604,5,3560.36899,22949.97561,76057.1183,6,620,0.04681177869448677,False,True,False
5547803,5,3554.222715,13808.82056,48887.41985,3,675,0.07270219467309441,True,False,False
6779598,5,4855.992627,19298.38396,69907.21408,3,580,0.06946339788970746,True,False,False
5248789,5,5655.356182,20977.58159,80425.95805,3,600,0.07031754820358029,True,False,False
6786938,5,1886.152094,12361.55367,43446.89077,3,588,0.04341282104592821,True,False,False
6040639,5,2893.924999,12910.86685,48562.55684,6,598,0.05959169342204676,False,True,False
1900307,4,4612.561768,21024.34476,82358.77443,3,631,0.056005711594462826,True,False,False
6717133,5,5781.08226,26382.09481,83838.47345,4,611,0.06895500385569103,True,False,False
5389186,5,1451.28038,5328.65409,20537.41608,5,566,0.07066518856835664,True,False,False
5201753,3,4330.963307,14666.73775,64117.21787,3,697,0.06754758629392164,True,False,False
5913790,4,4759.125449,21890.95882,82684.15468,5,591,0.057557889627323694,True,False,False
5034668,5,4862.845105,22760.99271,62494.49753,2,536,0.07781237224390242,False,False,False
4887815,5,5357.096944,21218.0669,74495.72041,4,546,0.07191147242440635,True,False,False
1606543,5,2639.840167,16452.29304,51360.41005,5,550,0.05139834678948401,True,False,False
5743959,4,5013.676534,18072.97254,69523.11918,1,527,0.07211524156474132,False,False,False
3584588,5,2214.574148,10889.68643,43956.88084,7,666,0.050380602665164,False,True,False
5165627,5,4610.353595,19974.31607,70825.70058,4,568,0.06509435921205538,True,False,False
3135480,5,3652.237653,18495.57882,67423.43461,4,567,0.054168668121488926,True,False,False
6177085,2,5435.881905,16593.23992,90808.05049,1,547,0.05986123340021062,False,False,False
1964105,4,5772.302578,22729.12042,82036.95441,1,599,0.07036222418925363,False,False,False
5509547,3,3379.968964,10929.70554,51631.14458,3,634,0.06546376206638028,True,False,False
6678555,4,3130.987411,10439.08504,44104.95803,3,522,0.0709894658299032,True,False,False
5781261,3,3355.285174,14165.39932,61540.47188,2,616,0.054521602963048324,False,False,False
2994148,5,4991.586796,26355.68725,81184.8131,3,582,0.061484243239577026,True,False,False
1848302,5,3435.652593,14882.95288,55482.60642,5,621,0.06192305687646172,True,False,False
1680523,4,3823.758134,14488.29674,54329.6369,1,556,0.0703807047530627,False,False,False
1711986,3,2866.405466,10761.13634,57488.65288,4,512,0.049860369349465264,True,False,False
5858531,5,4489.184508,20255.22384,60186.58663,3,550,0.07458779039252521,True,False,False
6712328,5,2721.00044,12664.94739,39815.62359,5,561,0.06834001818028539,True,False,False
4216247,3,2904.520559,14078.96288,61566.91482,1,521,0.047176646214802165,False,False,False
1035894,3,5733.204772,23509.03223,103717.7493,2,633,0.055276987889670684,False,False,False
7702194,5,3372.470579,11949.83123,44822.34311,2,516,0.07524083626604498,False,False,False
1660812,5,3703.816101,17699.90947,59680.86485,6,642,0.06206036240106531,False,True,False
4325422,5,4046.284029,22803.64959,84109.29886,3,549,0.04810745165923976,True,False,False
4416682,5,7715.114663,34023.17952,125697.8937,4,506,0.06137823344449566,True,False,False
7315232,5,4532.760586,22132.02512,91042.12095,6,521,0.04978751086532107,False,True,False
8802166,5,4501.04592,27843.73152,96096.38063,2,582,0.0468388704183395,False,False,False
4122871,5,2790.043417,12434.67871,48544.95571,3,541,0.05747339504576509,True,False,False
7391158,5,2555.95912,14254.51056,54949.7268,5,527,0.04651450096017584,True,False,False
7726218,5,6073.905476,28829.21096,100031.5932,6,626,0.060719871409585825,False,True,False
6989720,5,2761.211689,14467.01803,52818.65598,3,611,0.05227720466884928,True,False,False
5296564,5,3228.144785,13093.86632,43590.74564,4,577,0.07405573677633472,True,False,False
5405462,5,5699.133198,24872.89955,82491.47161,4,549,0.06908754428511281,True,False,False
7255949,4,4841.496902,13250.41565,62274.61576,5,665,0.0777443079000059,True,False,False
8412270,5,3189.7163,16983.85553,55594.32056,2,575,0.05737485894008739,False,False,False
3645629,5,4651.92823,24355.88637,91034.65106,3,597,0.05110063229587119,True,False,False
4376993,4,6795.734395,21365.64864,107984.377,6,606,0.06293257028282898,False,True,False
3584871,5,6967.346468,25887.47916,89398.12274,4,506,0.07793616078788815,True,False,False
2592025,5,7595.629034,32128.76588,118629.7689,4,646,0.0640280184681368,True,False,False
2913411,5,5229.124206,25805.21681,85612.75244,4,606,0.061078800260098265,True,False,False
3427398,5,3880.328782,17053.74533,58230.02794,6,634,0.0666379344004141,False,True,False
7924344,5,4447.862427,19830.52592,66754.56264,2,589,0.06663008865756236,False,False,False
4765821,5,4993.661861,17091.06383,71136.19395,3,641,0.07019860894595978,True,False,False
7459086,5,3071.772244,16876.52629,55397.55261,2,585,0.055449602000025966,False,False,False
4682533,5,4651.635134,19416.22251,70205.36695,5,632,0.06625754320624629,True,False,False
6652338,5,2453.544367,10433.5278,37495.50272,3,655,0.06543569732407631,True,False,False
2895764,5,4449.927899,20251.46061,75616.40081,5,662,0.05884871339196976,True,False,False
3357507,5,5444.327706,20459.78577,75997.3575,2,552,0.07163838171610112,False,False,False
3695431,5,3329.576987,21443.27668,77151.46047,5,618,0.04315637016741492,True,False,False
4722352,4,4796.82477,16515.99761,78021.89609,5,668,0.061480494712237654,True,False,False
4431331,5,7616.802627,28037.34595,101352.2211,1,618,0.07515180766965945,False,False,False
5064370,5,5939.342177,22284.23222,81435.3797,4,545,0.07293319192321517,True,False,False
7648187,5,5850.003509,22650.24505,85544.36723,5,645,0.0683856073570725,True,False,False
4413814,4,4725.845167,17271.61646,70276.09682,3,529,0.06724683613411869,True,False,False
4020965,4,4203.802318,19135.74474,81279.85969,5,585,0.051720098115735316,True,False,False
7290056,4,6447.46365,27021.65674,107155.6424,3,593,0.06016914747179006,True,False,False
6257016,3,2778.117505,9956.31397,50865.04066,4,488,0.05461742424566068,True,False,False
6643825,5,3741.237779,18533.16435,63905.24476,4,557,0.05854351693746646,True,False,False
1348531,4,2091.335878,10728.40782,41360.13224,5,599,0.05056405201667701,True,False,False
5542505,5,3510.385923,14419.76985,54678.57924,5,610,0.06420038654610807,True,False,False
4979590,3,3399.497094,8384.259856,44039.01078,4,546,0.07719285773657425,True,False,False
1799300,5,6095.956446,24476.58586,82658.87095,1,692,0.07374836331465764,False,False,False
3819051,5,4569.270901,23135.78801,79481.48805,5,618,0.05748849213952279,True,False,False
3621504,3,2835.107877,7716.404618,36923.78928,2,582,0.07678269030030604,False,False,False
2184692,5,2156.0685,8100.824957,28971.68063,3,490,0.07441986288387441,True,False,False
7129413,4,3701.44291,15413.04833,52254.06472,0,644,0.07083550207689948,False,False,False
4449818,5,3055.471499,17082.42083,65207.42729,3,608,0.04685772198021647,True,False,False
2868933,4,3887.552042,11656.5605,61638.23039,5,636,0.06307046807480549,True,False,False
6137552,5,7240.998261,27063.11345,94816.76301,3,647,0.07636833436547835,True,False,False
2713519,5,4500.868086,15307.44219,57171.99962,4,560,0.07872504225697048,True,False,False
6616740,4,6472.932047,23491.76634,93010.66881,3,614,0.06959343621346012,True,False,False
1981615,5,5072.574662,23510.93461,77493.19072,4,671,0.06545832756233166,True,False,False
1122593,5,7749.000879,35084.58138,104334.5965,1,498,0.07427067472293335,False,False,False
5300995,5,2055.451343,12393.46295,43764.18912,3,629,0.04696651267464407,True,False,False
2713519,5,4500.868086,15307.44219,57171.99962,4,560,0.07872504225697048,True,False,False
3629840,5,7110.394705,28424.25661,97049.56685,4,634,0.07326559958778424,True,False,False
6373505,5,4677.168299,17867.04835,62074.26083,3,608,0.0753479499628542,True,False,False
7294591,3,3829.508886,18915.57846,86756.53084,3,590,0.0441408715738362,True,False,False
7669838,5,4417.952552,18801.38978,66923.08849,4,580,0.06601537155088343,True,False,False
1975003,5,3368.903488,16223.71788,60476.01784,3,558,0.05570643716841658,True,False,False
3330128,5,4089.44767,20591.1204,66473.29366,3,572,0.061520160125009826,True,False,False
1303053,5,5085.195598,24788.71234,80638.77036,2,610,0.06306142287757971,False,False,False
2951548,4,2797.131857,10556.14848,39605.29932,3,592,0.07062519170477513,True,False,False
7897429,5,4165.508378,19663.68843,64880.18676,4,601,0.06420308858556067,True,False,False
4230353,4,2144.882669,9878.569102,43011.0188,5,584,0.04986821351462617,True,False,False
5348505,5,6469.19871,29099.9301,93987.29265,3,729,0.0688305677033458,True,False,False
8435558,5,5054.956864,19796.51864,76917.43101,3,563,0.06571926282018971,True,False,False
7442532,5,1958.928726,8228.75252,26648.43525,2,572,0.07351008446171338,False,False,False
5182514,5,5849.35121,26886.72297,94681.71457,4,603,0.06177910102879963,True,False,False
7648187,5,5850.003509,22650.24505,85544.36723,5,645,0.0683856073570725,True,False,False
2449444,5,4246.645948,15751.98672,65140.75415,3,591,0.0651918450041463,True,False,False
4559870,5,3095.054535,14114.55373,49798.58177,2,500,0.062151459439042586,False,False,False
1651002,4,5670.036019,18104.63042,87502.52672,5,631,0.06479854047122081,True,False,False
1606543,5,2639.840167,16452.29304,51360.41005,5,550,0.05139834678948401,True,False,False
3321981,5,6263.569738,24411.2371,82782.7059,4,695,0.07566278089008444,True,False,False
7329781,5,5585.409425,22677.36728,89415.40473,5,643,0.06246585185031349,True,False,False
4764480,4,3339.953412,14014.90372,62300.96892,5,606,0.05360997541288319,True,False,False
8447957,5,2625.417782,12139.7497,42782.70921,2,518,0.06136632837142386,False,False,False
5990565,5,5377.172319,25028.71433,90243.39901,4,549,0.05958521485215942,True,False,False
1989127,5,5997.051527,25367.8383,94134.72647,3,567,0.0637071116248605,True,False,False
4658741,5,4441.486094,22838.88517,81900.15244,3,610,0.05423049849942379,True,False,False
3022783,3,5069.740001,16819.50826,80240.94427,3,619,0.0631814598784008,True,False,False
1826181,5,3420.400721,14235.46986,48437.82466,1,554,0.07061425125939998,False,False,False
6047923,5,2884.137458,18215.58482,58762.0934,5,592,0.04908159820596181,True,False,False
5398620,5,5996.23046,26656.55602,99443.63784,4,572,0.06029777862358218,True,False,False
4795397,4,6479.263022,21111.04873,82193.08745,2,599,0.0788297802530108,False,False,False
7234052,5,6081.739491,30779.66221,97838.77326,3,568,0.06216083142046542,True,False,False
1241557,4,967.4597305,5199.853686,21074.52061,3,555,0.04590660676954777,True,False,False
3730255,5,6167.877515,38083.68216,109209.1506,4,608,0.056477662184106395,True,False,False
1412856,5,1823.504697,9175.607591,35194.24858,5,656,0.05181257650252126,True,False,False
7648219,5,3275.017159,14488.74583,51889.8261,6,600,0.06311482240639076,False,True,False
3451952,4,3235.592379,12062.9346,46797.52289,3,651,0.06914024886756137,True,False,False
8872090,5,4958.51567,23006.38054,75315.51635,3,543,0.06583657538716456,True,False,False
2469689,5,5206.692349,20458.40822,75436.75158,3,558,0.069020633046193,True,False,False
8072278,5,3761.656352,18695.83928,66585.63071,3,627,0.05649351537095323,True,False,False
5756002,5,5883.93212,29414.067,104389.7817,1,525,0.05636501987243834,False,False,False
8790408,4,3079.129513,9909.434154,42632.57478,3,584,0.07222480764742588,True,False,False
5858531,5,4489.184508,20255.22384,60186.58663,3,550,0.07458779039252521,True,False,False
7828768,5,6080.41614,21764.08826,82920.58215,3,609,0.07332818924257878,True,False,False
8780769,5,4290.746462,23007.19972,76738.17445,4,601,0.0559141065415324,True,False,False
6003071,5,5407.292663,22207.93686,81623.31316,3,589,0.06624691468233461,True,False,False
3327489,5,4595.889149,13984.80893,57298.83776,3,590,0.08020911642658769,True,False,False
7024288,4,7520.946649,21433.03263,99504.60962,3,538,0.07558390186868612,True,False,False
4449818,5,3055.471499,17082.42083,65207.42729,3,608,0.04685772198021647,True,False,False
1974475,3,3186.054323,10920.87553,55293.82335,3,635,0.05762043805205595,True,False,False
8353705,4,2448.725785,8633.235167,38825.62225,6,568,0.06306984004615664,False,True,False
6880120,3,5254.532286,20160.70392,95270.29507,3,524,0.05515394155270774,True,False,False
7292754,4,598.5242694,2403.521106,10682.55147,5,619,0.05602821302390598,True,False,False
6455088,5,4673.288856,17681.72186,66548.12035,4,537,0.07022420515292586,True,False,False
5929382,4,2721.436749,10858.20226,43343.95016,1,505,0.06278700346770609,False,False,False
5605235,5,4596.778439,17794.57179,60080.28498,3,616,0.07651059645489718,True,False,False
6795443,5,4754.336177,18980.06936,68073.53417,4,501,0.06984118328757545,True,False,False
6567719,5,2382.162474,13529.83584,44726.66166,4,536,0.053260457758027104,True,False,False
2478856,5,5672.23622,19195.68882,69913.66237,3,611,0.08113201379697654,True,False,False
3696825,4,5908.750193,27660.23928,100731.1048,1,574,0.05865864575526823,False,False,False
4608407,5,4766.802803,18597.93514,66830.80403,3,531,0.07132643205759139,True,False,False
4804429,5,3138.620095,14357.55856,50149.05008,3,590,0.06258583343040663,True,False,False
7315232,5,4532.760586,22132.02512,91042.12095,6,521,0.04978751086532107,False,True,False
4054508,5,4044.491136,16706.19472,63815.09517,3,635,0.06337828260266151,True,False,False
6397127,5,4131.401288,27337.08666,93366.3833,4,516,0.044249344806740525,True,False,False
5555254,3,4943.073913,20445.85365,89820.08159,2,568,0.05503305970666509,False,False,False
5600112,5,3992.728087,18528.00845,64348.07693,4,596,0.06204891082205026,True,False,False
6616740,4,6472.932047,23491.76634,93010.66881,3,614,0.06959343621346012,True,False,False
7942599,5,1720.259908,8848.334561,28388.8329,4,618,0.06059635892957051,True,False,False
5020799,5,6624.650409,30884.98753,101575.2833,4,626,0.06521911821239292,True,False,False
6040639,5,2893.924999,12910.86685,48562.55684,6,598,0.05959169342204676,False,True,False
8724194,5,4194.339297,17940.14287,67188.66182,3,558,0.06242629609496814,True,False,False
1927577,5,3270.06489,11193.20372,41546.03419,3,639,0.07870943529881114,True,False,False
4182057,5,4835.138476,22164.44825,68190.20854,3,571,0.07090663864392985,True,False,False
6769476,5,6102.715859,27628.70017,98888.63099,3,569,0.06171301794659418,True,False,False
4579920,5,4113.083493,15339.37239,69857.05165,8,663,0.05887857268307716,False,True,False
6455088,5,4673.288856,17681.72186,66548.12035,4,537,0.07022420515292586,True,False,False
4800423,4,4221.833671,16128.47822,71658.90999,6,669,0.05891568364058506,False,True,False
4979590,3,3399.497094,8384.259856,44039.01078,4,546,0.07719285773657425,True,False,False
1657388,5,4447.696698,24687.95971,84766.94545,3,617,0.052469705902325865,True,False,False
3187932,5,3380.406841,17820.22804,65263.28592,5,653,0.051796454826741584,True,False,False
4230353,4,2144.882669,9878.569102,43011.0188,5,584,0.04986821351462617,True,False,False
3103236,5,4604.328507,20970.73837,72479.0818,3,573,0.06352630845552461,True,False,False
4274751,5,3934.455416,18690.99199,65945.7195,5,536,0.05966202879930667,True,False,False
3718577,5,4022.968374,14623.97896,53127.20865,3,604,0.07572331534493296,True,False,False
1703917,3,5519.059176,24669.50608,109726.5743,4,583,0.05029829110412681,True,False,False
2152630,5,6410.871096,24303.80399,90415.64207,4,564,0.0709044469433363,True,False,False
6393811,4,4857.797385,20463.84157,72367.55886,2,551,0.06712672724525283,False,False,False
8827624,5,3377.803446,17709.23365,62376.25742,2,594,0.05415206980528073,False,False,False
3149844,5,5780.567754,22227.09371,79135.20503,4,595,0.07304672745598623,True,False,False
7875536,5,4445.297537,19977.25969,70331.54033,5,678,0.06320489379505105,True,False,False
2677939,5,6236.903099,29520.05665,92466.90909,4,659,0.06745010902148238,True,False,False
2895764,5,4449.927899,20251.46061,75616.40081,5,662,0.05884871339196976,True,False,False
2951548,4,2797.131857,10556.14848,39605.29932,3,592,0.07062519170477513,True,False,False
1724434,5,5778.528947,25252.2266,91114.67379,3,463,0.06342039878580133,True,False,False
1348531,4,2091.335878,10728.40782,41360.13224,5,599,0.05056405201667701,True,False,False
1997918,5,4152.344274,24298.35459,80751.52172,2,649,0.051421251086734315,False,False,False
6665484,5,4292.117412,18305.70227,59670.69209,3,569,0.0719300759161012,True,False,False
2109160,5,7853.785833,33878.83486,111642.3591,3,577,0.07034772371627536,True,False,False
7343548,5,4388.660393,19275.03641,68091.41961,4,479,0.06445247313298011,True,False,False
1904567,4,5205.865838,19009.95955,96270.37492,6,605,0.054075470697252784,False,True,False
5509547,3,3379.968964,10929.70554,51631.14458,3,634,0.06546376206638028,True,False,False
1322943,5,2716.063301,10953.50734,38317.43978,3,605,0.07088321444737193,True,False,False
6915560,5,2312.683171,23734.39916,66450.11905,5,557,0.034803296127428086,True,False,False
4750132,5,4949.051775,21072.23408,75100.47817,3,584,0.06589907142531314,True,False,False
6779598,5,4855.992627,19298.38396,69907.21408,3,580,0.06946339788970746,True,False,False
8597370,5,5143.811559,22191.9761,77353.78186,3,637,0.06649722140682934,True,False,False
2381865,5,2372.160278,10064.94338,34056.5216,5,647,0.06965362775040419,True,False,False
8147812,4,2856.581126,11811.44214,47521.30673,3,581,0.06011158620342931,True,False,False
3063966,4,4881.630077,19837.04438,82526.13401,5,652,0.05915253556417019,True,False,False
7642455,5,3170.584041,16677.87025,54001.22125,4,559,0.05871319143546221,True,False,False
6137552,5,7240.998261,27063.11345,94816.76301,3,647,0.07636833436547835,True,False,False
6151428,5,4524.787152,21779.36314,81739.09927,4,468,0.05535645966753017,True,False,False
4570465,5,6163.80366,22891.73376,74879.65589,3,587,0.0823161322890529,True,False,False
7568207,5,4062.562275,18103.56709,68569.47524,3,441,0.0592473875697696,True,False,False
1869686,3,2134.55906,6982.246551,33955.82279,2,622,0.0628628283638183,False,False,False
7024288,4,7520.946649,21433.03263,99504.60962,3,538,0.07558390186868612,True,False,False
8706286,4,3871.349295,11849.85432,54665.08908,5,629,0.0708194088796681,True,False,False
2572737,4,2922.354373,8531.010414,36935.11923,3,537,0.0791212925238471,True,False,False
6278210,5,1724.449812,9110.818031,33134.64555,3,620,0.05204370782834585,True,False,False
8827624,5,3377.803446,17709.23365,62376.25742,2,594,0.05415206980528073,False,False,False
1001679,3,4860.480358,24789.66926,101253.6429,2,630,0.04800301716354345,False,False,False
6310444,4,3566.504854,15851.74452,64245.94632,2,600,0.05551330563699291,False,False,False
3068766,5,2939.759123,13033.40353,50440.73014,4,552,0.05828145458720752,True,False,False
2981412,4,3681.961261,12698.894,61495.72868,5,630,0.05987344714881749,True,False,False
2697316,5,3838.334226,16709.77387,60028.67391,4,497,0.0639416794672951,True,False,False
5637880,5,6177.609593,26953.16132,105511.2499,4,647,0.0585492978128392,True,False,False
5555254,3,4943.073913,20445.85365,89820.08159,2,568,0.05503305970666509,False,False,False
4376993,4,6795.734395,21365.64864,107984.377,6,606,0.06293257028282898,False,True,False
8711328,5,4926.741674,18943.13978,72136.00622,4,622,0.06829795454678278,True,False,False
8651006,5,4713.502539,21925.40346,75485.17898,2,624,0.062442755024120104,False,False,False
7074350,5,5894.987356,21383.10706,77903.17818,4,554,0.0756706914110651,True,False,False
1116417,4,4889.739399,15974.46354,69150.94443,6,634,0.07071110075654537,False,True,False
3303160,5,4464.116034,24670.83117,82270.30656,3,512,0.05426157043360846,True,False,False
5563628,5,2166.900899,8691.723981,31318.19872,4,529,0.06918983171328444,True,False,False
6257469,5,5644.018871,24460.10612,76419.51846,3,645,0.0738557240969037,True,False,False
5190985,5,5498.614319,24207.77963,81643.81755,3,550,0.06734881444798388,True,False,False
5702918,5,4044.249706,16606.81272,54752.02533,1,591,0.07386484210628927,False,False,False
7292144,4,4902.299367,18890.5216,79416.39622,5,646,0.061729058485852306,True,False,False
6589111,3,4410.608133,12967.48766,62783.87218,4,584,0.07025065482350121,True,False,False
5348505,5,6469.19871,29099.9301,93987.29265,3,729,0.0688305677033458,True,False,False
2103229,5,4786.569051,16639.73815,62831.787,3,468,0.07618069260070545,True,False,False
1092284,5,3966.428621,18051.40092,59859.61068,5,663,0.0662621854025062,True,False,False
6858809,5,3381.351037,16392.72631,64233.7918,4,569,0.05264131140705911,True,False,False
4178166,5,4041.709489,18980.85885,65683.86354,3,584,0.06153276118629485,True,False,False
4608407,5,4766.802803,18597.93514,66830.80403,3,531,0.07132643205759139,True,False,False
4449818,5,3055.471499,17082.42083,65207.42729,3,608,0.04685772198021647,True,False,False
5325607,5,3016.145319,12394.49597,42525.62457,2,587,0.07092536204930336,False,False,False
4127457,5,4526.204583,18263.57037,68132.125,2,638,0.06643275228829278,False,False,False
6964535,4,3393.48251,12532.10918,55494.5622,5,650,0.06114982036924691,True,False,False
6589111,3,4410.608133,12967.48766,62783.87218,4,584,0.07025065482350121,True,False,False
6991491,5,3508.423992,21307.0328,71034.34755,5,513,0.049390528849870455,True,False,False
7263578,4,3197.381332,11696.01029,51849.77336,4,645,0.0616662547355829,True,False,False
4374080,5,6431.910903,26193.58917,95686.88392,3,616,0.06721831289205181,True,False,False
5709820,5,6467.857553,26102.76303,86373.05916,4,590,0.07488281202381346,True,False,False
1108441,5,4457.616048,20573.89764,81733.30642,4,680,0.054538550356617276,True,False,False
8544794,5,6867.810491,25830.03238,94237.5182,3,706,0.07287766721980588,True,False,False
6130948,5,4364.100628,26212.19911,78498.86121,3,559,0.05559444507513512,True,False,False
6421307,5,5434.805241,23099.13015,77705.96125,2,495,0.06994064745579608,False,False,False
1412856,5,1823.504697,9175.607591,35194.24858,5,656,0.05181257650252126,True,False,False
8860603,5,3019.889282,14484.53671,53214.26922,3,620,0.056749614835732966,True,False,False
6558483,4,3945.25448,14454.64194,60648.88659,3,561,0.06505073220339229,True,False,False
5154151,4,3366.33052,11027.84762,43756.00179,0,645,0.07693414348404523,False,False,False
3660028,5,4965.810848,30024.22504,85167.37624,5,659,0.05830649090335297,True,False,False
7875536,5,4445.297537,19977.25969,70331.54033,5,678,0.06320489379505105,True,False,False
3011829,5,5416.379896,16966.96799,64457.96238,4,629,0.08402964809946573,True,False,False
8860603,5,3019.889282,14484.53671,53214.26922,3,620,0.056749614835732966,True,False,False
5813679,5,6457.312087,30285.95181,111569.8773,4,583,0.05787684134165486,True,False,False
6786938,5,1886.152094,12361.55367,43446.89077,3,588,0.04341282104592821,True,False,False
2713519,5,4500.868086,15307.44219,57171.99962,4,560,0.07872504225697048,True,False,False
6678555,4,3130.987411,10439.08504,44104.95803,3,522,0.0709894658299032,True,False,False
4430408,5,3866.281408,18646.69017,60098.93451,1,533,0.06433194597412839,False,False,False
5248789,5,5655.356182,20977.58159,80425.95805,3,600,0.07031754820358029,True,False,False
4227819,5,3629.735079,19427.77053,68348.97699,4,506,0.05310591670642063,True,False,False
4953208,5,2672.449283,16875.53832,63734.25641,5,623,0.0419311283057613,True,False,False
6297249,5,6007.450551,25102.32559,75834.14284,2,586,0.07921828250468822,False,False,False
2987067,5,6379.516398,20737.82872,75213.55512,2,578,0.08481870572161833,False,False,False
4274751,5,3934.455416,18690.99199,65945.7195,5,536,0.05966202879930667,True,False,False
4282770,5,6913.143477,23516.90437,90011.06472,3,618,0.07680326300444189,True,False,False
6615691,5,4031.462782,22986.02165,76205.73572,4,620,0.05290235366026331,True,False,False
1878082,4,3018.547612,16253.22268,72261.89217,6,632,0.041772330080960283,False,True,False
5542505,5,3510.385923,14419.76985,54678.57924,5,610,0.06420038654610807,True,False,False
4591916,5,3699.071466,20346.5005,69374.45433,6,581,0.053320368451538064,False,True,False
4658909,5,3677.062247,18433.22523,72688.97862,5,651,0.050586241777075616,True,False,False
7021959,4,2000.753397,9528.07391,32804.90737,1,658,0.06098945424335152,False,False,False
2072297,5,3164.844122,12915.3259,38509.12744,4,576,0.08218425948318502,True,False,False
4020965,4,4203.802318,19135.74474,81279.85969,5,585,0.051720098115735316,True,False,False
1303053,5,5085.195598,24788.71234,80638.77036,2,610,0.06306142287757971,False,False,False
5296564,5,3228.144785,13093.86632,43590.74564,4,577,0.07405573677633472,True,False,False
5405462,5,5699.133198,24872.89955,82491.47161,4,549,0.06908754428511281,True,False,False
8309256,5,5531.375206,16325.28469,62328.87836,2,638,0.08874498228657038,False,False,False
5929382,4,2721.436749,10858.20226,43343.95016,1,505,0.06278700346770609,False,False,False
8621913,4,5939.575882,18902.42004,91838.75292,6,624,0.06467396053574374,False,True,False
5042679,4,6560.957333,23233.35643,103721.6351,5,717,0.06325543679170172,True,False,False
1927234,5,3488.858869,14194.63668,53827.20594,5,620,0.06481590132857637,True,False,False
8983663,5,5833.177161,26961.84184,90210.33341,3,554,0.06466196211124278,True,False,False
8399475,5,4306.088304,20127.69145,72135.63027,3,576,0.05969433257715404,True,False,False
2311347,5,5822.309242,19066.41188,70698.46869,3,548,0.08235410681283316,True,False,False
3782056,4,3649.973546,17773.42806,76703.67356,2,579,0.04758538120269921,False,False,False
3334808,4,5070.668196,17447.55315,77753.87173,4,623,0.0652143498861108,True,False,False
6325220,5,3507.902474,19990.89793,69486.70311,4,542,0.05048307542303254,True,False,False
2443238,5,2579.381496,9253.918441,37319.70823,6,698,0.06911580015854803,False,True,False
8399475,5,4306.088304,20127.69145,72135.63027,3,576,0.05969433257715404,True,False,False
3407530,5,2057.537353,9315.729725,33291.48972,3,572,0.06180370329790097,True,False,False
1467134,4,2608.798997,11177.43742,39682.19883,1,480,0.06574229941682896,False,False,False
6045930,5,6272.920481,24892.17654,72947.45246,2,631,0.08599231733883637,False,False,False
7625297,4,4333.839005,13402.2945,55821.05876,2,642,0.07763806529777831,False,False,False
5096484,5,7169.758135,26076.57327,105633.9476,4,492,0.06787361731618179,True,False,False
8309256,5,5531.375206,16325.28469,62328.87836,2,638,0.08874498228657038,False,False,False
3427398,5,3880.328782,17053.74533,58230.02794,6,634,0.0666379344004141,False,True,False
7983630,5,5621.368193,24384.17503,89520.00563,4,594,0.06279454691093277,True,False,False
3395179,5,4079.979057,17234.66352,52782.61741,3,594,0.07729777826870371,True,False,False
1657388,5,4447.696698,24687.95971,84766.94545,3,617,0.052469705902325865,True,False,False
5332608,3,5464.642087,19492.20614,88758.65872,4,603,0.06156742526088501,True,False,False
4692806,5,5702.54985,25839.75024,77131.69821,4,590,0.07393263706542733,True,False,False
5530537,5,4399.609707,18983.59494,74551.79742,5,589,0.05901413325039051,True,False,False
2131658,5,3457.313672,15196.84158,59157.91881,7,639,0.058442111243027346,False,True,False
3351236,4,3261.200257,12311.82681,47631.83815,3,648,0.06846681513171878,True,False,False
1590220,5,3873.884643,14173.27461,56460.59783,5,587,0.06861217896884603,True,False,False
3779249,5,4371.080033,21742.30206,74016.77232,2,616,0.059055264043429444,False,False,False
4178166,5,4041.709489,18980.85885,65683.86354,3,584,0.06153276118629485,True,False,False
4275054,5,7214.170283,28453.47137,89551.36528,4,666,0.08055902062959593,True,False,False
3629840,5,7110.394705,28424.25661,97049.56685,4,634,0.07326559958778424,True,False,False
2540866,4,5743.390107,18948.49818,84223.80768,5,573,0.06819200253711447,True,False,False
1680523,4,3823.758134,14488.29674,54329.6369,1,556,0.0703807047530627,False,False,False
1712088,5,6825.866474,26007.29362,94620.51636,3,544,0.07213939150395057,True,False,False
7273820,5,4142.745291,21820.94088,75350.08916,4,550,0.0549799653481923,True,False,False
2297639,5,5390.487624,24713.05013,87191.32226,4,561,0.061823671029163266,True,False,False
1415941,4,6047.683247,23890.10612,89006.05388,1,579,0.06794687533449831,False,False,False
7716338,5,2647.604959,18833.74441,63210.53902,4,584,0.04188549884319591,True,False,False
7648187,5,5850.003509,22650.24505,85544.36723,5,645,0.0683856073570725,True,False,False
8652437,5,5674.980431,21566.33425,76691.18332,5,628,0.07399782067934325,True,False,False
6145201,5,3515.58493,18163.54369,64632.68725,4,567,0.05439329663644768,True,False,False
2889936,5,4433.412257,18772.06694,68754.99299,4,546,0.06448131349013174,True,False,False
3819051,5,4569.270901,23135.78801,79481.48805,5,618,0.05748849213952279,True,False,False
2994148,5,4991.586796,26355.68725,81184.8131,3,582,0.061484243239577026,True,False,False
6320699,5,1930.869783,12045.28775,45800.7167,6,600,0.042158069177113996,False,True,False
7793516,5,6589.112894,30796.40528,86511.61048,4,604,0.07616449234317849,True,False,False
5605235,5,4596.778439,17794.57179,60080.28498,3,616,0.07651059645489718,True,False,False
4457453,4,4473.086801,17921.78682,75332.02695,1,695,0.0593782881213181,False,False,False
5313867,5,2086.641806,11665.96212,43195.77406,5,598,0.04830661914060396,True,False,False
8586659,5,5861.240056,38190.69281,106031.8441,4,589,0.055278111078330285,True,False,False
7116744,5,3700.584063,15553.98053,57019.10071,5,634,0.0649007791585705,True,False,False
2324728,4,5628.249015,19169.28645,84612.28468,4,755,0.0665181071080375,True,False,False
1989127,5,5997.051527,25367.8383,94134.72647,3,567,0.0637071116248605,True,False,False
2823625,4,3814.89686,13523.1529,61407.33243,5,684,0.0621244517395168,True,False,False
2072297,5,3164.844122,12915.3259,38509.12744,4,576,0.08218425948318502,True,False,False
3404775,5,2982.587207,14552.48194,42011.58513,4,643,0.0709943982777781,True,False,False
5803826,4,7511.986944,24256.48061,115131.7325,6,629,0.06524688529289699,False,True,False
8047168,5,3120.16395,9945.747295,39704.93939,3,614,0.07858377315105128,True,False,False
2475923,3,4406.064294,13337.87777,64818.58305,2,613,0.06797532569635521,False,False,False
6165122,5,6863.977612,33742.51884,108466.6621,6,644,0.06328191058070735,False,True,False
7285079,5,3842.814785,27507.95962,96788.70176,6,570,0.03970313388982892,False,True,False
4449818,5,3055.471499,17082.42083,65207.42729,3,608,0.04685772198021647,True,False,False
6132360,5,4610.007342,21801.35565,62242.65067,3,541,0.07406508708058528,True,False,False
1035894,3,5733.204772,23509.03223,103717.7493,2,633,0.055276987889670684,False,False,False
2297639,5,5390.487624,24713.05013,87191.32226,4,561,0.061823671029163266,True,False,False
5709820,5,6467.857553,26102.76303,86373.05916,4,590,0.07488281202381346,True,False,False
7263578,4,3197.381332,11696.01029,51849.77336,4,645,0.0616662547355829,True,False,False
3827563,5,4331.338868,20476.12999,62726.36572,4,699,0.06905132822989254,True,False,False
7924344,5,4447.862427,19830.52592,66754.56264,2,589,0.06663008865756236,False,False,False
2917216,5,5664.170991,25751.77904,90116.92332,5,659,0.06285357713430645,True,False,False
5232755,5,5144.856965,34799.97444,111535.6084,3,630,0.04612748375881007,True,False,False
7669838,5,4417.952552,18801.38978,66923.08849,4,580,0.06601537155088343,True,False,False
2393485,5,6625.878299,27800.79954,110918.2858,6,486,0.05973657320080942,False,True,False
7734665,3,1951.752308,7934.532645,40235.89348,4,497,0.04850774120301703,True,False,False
5496799,5,3845.516135,18188.03893,75952.95813,6,532,0.050630235209773784,False,True,False
4431331,5,7616.802627,28037.34595,101352.2211,1,618,0.07515180766965945,False,False,False
6858809,5,3381.351037,16392.72631,64233.7918,4,569,0.05264131140705911,True,False,False
6278210,5,1724.449812,9110.818031,33134.64555,3,620,0.05204370782834585,True,False,False
6047923,5,2884.137458,18215.58482,58762.0934,5,592,0.04908159820596181,True,False,False
1419876,5,5179.604575,20550.32829,66333.74538,3,681,0.07808400604139083,True,False,False
7969371,4,5696.701724,17020.33139,74774.45724,2,510,0.0761851297123504,False,False,False
8724194,5,4194.339297,17940.14287,67188.66182,3,558,0.06242629609496814,True,False,False
7610202,5,2767.80677,13832.86696,45058.30304,3,570,0.061427230571531086,True,False,False
2505345,5,4864.976346,19722.4911,72277.30041,4,550,0.0673098790132303,True,False,False
4892989,5,5540.956939,23528.90746,79012.5681,5,646,0.07012753884910114,True,False,False
3660028,5,4965.810848,30024.22504,85167.37624,5,659,0.05830649090335297,True,False,False
3781641,3,5235.733354,17908.07126,87976.16249,2,592,0.059513090885217126,False,False,False
3022783,3,5069.740001,16819.50826,80240.94427,3,619,0.0631814598784008,True,False,False
1975003,5,3368.903488,16223.71788,60476.01784,3,558,0.05570643716841658,True,False,False
8019493,4,6385.692022,26030.90423,105021.1982,5,607,0.06080383895296293,True,False,False
6040639,5,2893.924999,12910.86685,48562.55684,6,598,0.05959169342204676,False,True,False
6558483,4,3945.25448,14454.64194,60648.88659,3,561,0.06505073220339229,True,False,False
7611968,4,3001.06638,7746.82451,39661.23823,6,529,0.07566749082810974,False,True,False
7000416,5,3661.171735,17431.48059,62137.99031,4,472,0.05892002166041729,True,False,False
8619236,4,5344.280514,16625.41606,82439.8231,5,645,0.06482644325324857,True,False,False
5248789,5,5655.356182,20977.58159,80425.95805,3,600,0.07031754820358029,True,False,False
4662381,5,4053.291813,20607.81593,69829.18442,6,595,0.058045813461328116,False,True,False
4972580,5,6239.887461,22242.7118,72296.38158,4,664,0.08630981695944513,True,False,False
6047923,5,2884.137458,18215.58482,58762.0934,5,592,0.04908159820596181,True,False,False
2236935,4,5128.722323,20073.76947,79658.24857,2,574,0.06438407089120363,False,False,False
5645415,5,4010.525435,16381.38226,55097.97351,2,514,0.07278898259791915,False,False,False
8621913,4,5939.575882,18902.42004,91838.75292,6,624,0.06467396053574374,False,True,False
5876876,5,3925.108854,17158.34471,70513.1836,5,592,0.05566489347957904,True,False,False
7074350,5,5894.987356,21383.10706,77903.17818,4,554,0.0756706914110651,True,False,False
1904567,4,5205.865838,19009.95955,96270.37492,6,605,0.054075470697252784,False,True,False
8619236,4,5344.280514,16625.41606,82439.8231,5,645,0.06482644325324857,True,False,False
1845246,5,3522.888951,14442.74236,56604.01417,3,538,0.06223744027092557,True,False,False
6989720,5,2761.211689,14467.01803,52818.65598,3,611,0.05227720466884928,True,False,False
1438730,5,2711.992713,10558.83232,34083.72693,4,647,0.07956854948902152,True,False,False
4371519,3,5375.079778,14617.36212,78565.05729,3,633,0.06841565402491162,True,False,False
2895764,5,4449.927899,20251.46061,75616.40081,5,662,0.05884871339196976,True,False,False
6310444,4,3566.504854,15851.74452,64245.94632,2,600,0.05551330563699291,False,False,False
1223271,5,5775.321503,31322.85303,94402.41559,4,611,0.061177687741411746,True,False,False
7292457,5,3833.527585,17767.90996,66502.98592,3,602,0.05764444305721182,True,False,False
7343548,5,4388.660393,19275.03641,68091.41961,4,479,0.06445247313298011,True,False,False
3827563,5,4331.338868,20476.12999,62726.36572,4,699,0.06905132822989254,True,False,False
6513386,5,3849.738554,15514.29884,52718.45681,3,638,0.07302449250126296,True,False,False
8669957,3,3683.060009,11960.33372,58451.98177,2,711,0.06301001090933585,False,False,False
4585484,4,5108.404937,17284.78961,70545.99578,2,563,0.07241240102316691,False,False,False
1932224,5,5832.266225,23957.73284,79526.46134,4,588,0.07333742916166325,True,False,False
2514479,3,7691.910066,25000.34931,109820.2037,3,654,0.07004093788618607,True,False,False
8586659,5,5861.240056,38190.69281,106031.8441,4,589,0.055278111078330285,True,False,False
3240124,5,6434.400949,24522.88521,86123.19018,3,522,0.07471159551279873,True,False,False
5864084,3,3337.086972,8583.023471,41216.58026,3,610,0.08096467370531919,True,False,False
5368851,4,6027.062467,17653.62524,80492.5566,5,639,0.07487726470101957,True,False,False
7858211,5,4970.869798,25777.1911,78901.93054,4,684,0.06300061055514954,True,False,False
3747877,4,3336.450363,13465.5865,51250.14974,3,556,0.06510128028749833,True,False,False
4147671,5,3095.261339,12811.69033,50366.92427,3,664,0.06145424569519778,True,False,False
5395674,5,3997.213649,15613.51707,58942.34287,2,605,0.06781565601856097,False,False,False
1746543,5,4372.7314,19373.8064,66951.81433,3,605,0.06531161916609407,True,False,False
5935610,5,3838.979905,17987.11053,69364.65894,6,523,0.05534489700757693,False,True,False
6791445,4,4291.396211,17103.99241,70412.5713,6,639,0.0609464493593916,False,True,False
7285079,5,3842.814785,27507.95962,96788.70176,6,570,0.03970313388982892,False,True,False
6397127,5,4131.401288,27337.08666,93366.3833,4,516,0.044249344806740525,True,False,False
4107203,5,7193.906861,29189.99564,102751.036,3,494,0.07001298615616879,True,False,False
2463021,5,6636.529927,29125.19145,87449.81965,2,494,0.07588957820109123,False,False,False
5740743,4,6412.606697,19535.00286,84630.48879,3,578,0.07577182630850784,True,False,False
2061755,5,3313.054879,21685.07945,61703.45142,4,580,0.05369318575793859,True,False,False
7651264,5,950.5581722,5623.785534,16778.47194,2,619,0.05665344112379282,False,False,False
1220927,5,3820.317973,20556.49054,65340.00297,2,570,0.05846828587923463,False,False,False
4129215,3,4264.805627,14519.71866,77053.92249,3,542,0.05534832607066153,True,False,False
2677939,5,6236.903099,29520.05665,92466.90909,4,659,0.06745010902148238,True,False,False
4765821,5,4993.661861,17091.06383,71136.19395,3,641,0.07019860894595978,True,False,False
4260463,4,5713.43439,21401.27554,81627.55137,3,533,0.06999394559935089,True,False,False
8838592,5,4429.009343,26716.4405,99683.45517,3,572,0.04443073662973233,True,False,False
5637880,5,6177.609593,26953.16132,105511.2499,4,647,0.0585492978128392,True,False,False
7285923,5,2095.793835,8447.78254,29768.70946,3,625,0.07040257616192946,True,False,False
2981412,4,3681.961261,12698.894,61495.72868,5,630,0.05987344714881749,True,False,False
2236935,4,5128.722323,20073.76947,79658.24857,2,574,0.06438407089120363,False,False,False
3621263,5,4783.671039,24015.14309,82331.5553,4,600,0.058102522435890376,True,False,False
6050625,5,2790.583944,14689.03537,52904.94063,2,517,0.05274713307999794,False,False,False
1795767,5,5700.276794,26488.38806,92408.95124,3,563,0.06168533153455579,True,False,False
7951943,5,4791.63958,17273.88017,68754.38804,3,485,0.06969212753682448,True,False,False
1703917,3,5519.059176,24669.50608,109726.5743,4,583,0.05029829110412681,True,False,False
5558065,5,3226.790388,12599.81008,46423.98994,4,536,0.0695069594873344,True,False,False
7074350,5,5894.987356,21383.10706,77903.17818,4,554,0.0756706914110651,True,False,False
8033049,5,3668.82614,20264.17601,75087.47745,4,694,0.04886069241629584,True,False,False
7312562,5,3657.948679,16115.05388,54075.95951,3,705,0.06764463750890178,True,False,False
1712088,5,6825.866474,26007.29362,94620.51636,3,544,0.07213939150395057,True,False,False
1306908,5,4722.716341,20688.09591,82014.08411,5,601,0.05758421120286776,True,False,False
2466475,4,5185.312259,16942.3335,70718.33222,2,533,0.0733234522962001,False,False,False
2350914,5,5055.241522,26197.91445,79614.00736,3,714,0.06349688565657952,True,False,False
7766631,5,3489.452828,19686.2848,68344.72099,3,638,0.0510566548147964,True,False,False
4127457,5,4526.204583,18263.57037,68132.125,2,638,0.06643275228829278,False,False,False
2036810,5,3389.461558,17235.51007,54989.22567,4,612,0.061638648602559964,True,False,False
3357227,5,5060.519731,19332.98036,67919.31128,2,519,0.07450781869883533,False,False,False
3677047,5,4021.130107,19783.96295,65614.6892,2,515,0.06128399228933634,False,False,False
2913411,5,5229.124206,25805.21681,85612.75244,4,606,0.061078800260098265,True,False,False
5467306,4,2946.32428,16682.82704,71556.99408,3,534,0.04117451156075727,True,False,False
5123106,4,4197.826085,21487.05556,87887.06095,6,680,0.04776386921606348,False,True,False
4688812,3,4693.491254,16492.86598,75689.59472,2,719,0.0620097289642351,False,False,False
6712328,5,2721.00044,12664.94739,39815.62359,5,561,0.06834001818028539,True,False,False
6558483,4,3945.25448,14454.64194,60648.88659,3,561,0.06505073220339229,True,False,False
4054508,5,4044.491136,16706.19472,63815.09517,3,635,0.06337828260266151,True,False,False
7611968,4,3001.06638,7746.82451,39661.23823,6,529,0.07566749082810974,False,True,False
7296980,3,4971.913843,16488.61892,74186.62943,1,492,0.06701900168805122,False,False,False
4818800,4,4182.426767,18956.46543,83366.05862,6,583,0.0501694195003794,False,True,False
8819083,4,3463.28979,17419.9279,73872.41814,6,576,0.04688204173087328,False,True,False
5341673,4,5233.929056,18398.72067,82016.67336,2,602,0.0638154272976477,False,False,False
5099808,3,3311.524905,15610.45432,77575.55722,3,603,0.042687735978598235,True,False,False
3419976,5,3754.042918,16260.21815,54752.97836,2,566,0.06856326414459547,False,False,False
1266173,5,2164.114355,10953.60129,41129.92553,3,642,0.05261653959041341,True,False,False
2037750,5,5528.310211,22566.68211,73708.23089,4,611,0.07500261699741902,True,False,False
3240124,5,6434.400949,24522.88521,86123.19018,3,522,0.07471159551279873,True,False,False
4795397,4,6479.263022,21111.04873,82193.08745,2,599,0.0788297802530108,False,False,False
5496799,5,3845.516135,18188.03893,75952.95813,6,532,0.050630235209773784,False,True,False
3989584,5,2807.725778,12167.17042,48109.16047,5,611,0.05836156255004381,True,False,False
8711328,5,4926.741674,18943.13978,72136.00622,4,622,0.06829795454678278,True,False,False
4570465,5,6163.80366,22891.73376,74879.65589,3,587,0.0823161322890529,True,False,False
3827563,5,4331.338868,20476.12999,62726.36572,4,699,0.06905132822989254,True,False,False
2037750,5,5528.310211,22566.68211,73708.23089,4,611,0.07500261699741902,True,False,False
2501187,4,2599.448792,9127.453917,34661.90304,1,591,0.07499440492347532,False,False,False
4274751,5,3934.455416,18690.99199,65945.7195,5,536,0.05966202879930667,True,False,False
4780828,5,3853.551637,13794.93947,44182.39056,3,620,0.08721917461136128,True,False,False
1606543,5,2639.840167,16452.29304,51360.41005,5,550,0.05139834678948401,True,False,False
1729821,5,4611.226168,25172.40934,87306.38652,5,611,0.05281659626290533,True,False,False
6465270,5,965.6618318,4848.810896,16286.78164,6,675,0.05929113886001605,False,True,False
3747877,4,3336.450363,13465.5865,51250.14974,3,556,0.06510128028749833,True,False,False
7619767,5,5143.790267,25893.10985,81037.07696,4,634,0.06347452869677149,True,False,False
5990565,5,5377.172319,25028.71433,90243.39901,4,549,0.05958521485215942,True,False,False
8781044,5,4142.601373,14490.0649,52900.22988,3,591,0.07830970455888689,True,False,False
5743959,4,5013.676534,18072.97254,69523.11918,1,527,0.07211524156474132,False,False,False
8033049,5,3668.82614,20264.17601,75087.47745,4,694,0.04886069241629584,True,False,False
6880120,3,5254.532286,20160.70392,95270.29507,3,524,0.05515394155270774,True,False,False
3827563,5,4331.338868,20476.12999,62726.36572,4,699,0.06905132822989254,True,False,False
5509547,3,3379.968964,10929.70554,51631.14458,3,634,0.06546376206638028,True,False,False
6204456,5,5615.077463,25491.18395,115321.7324,7,664,0.04869054033565663,False,True,False
5600112,5,3992.728087,18528.00845,64348.07693,4,596,0.06204891082205026,True,False,False
6791445,4,4291.396211,17103.99241,70412.5713,6,639,0.0609464493593916,False,True,False
5890699,5,6226.277321,28635.373,86448.06008,4,609,0.07202333187393833,True,False,False
8333955,3,6011.557148,14398.70471,72540.30536,3,568,0.08287195812267532,True,False,False
6130202,5,3695.309656,13542.39924,47682.94287,4,538,0.07749751658731881,True,False,False
8938093,5,1566.135185,11697.45411,47805.08759,7,590,0.032760847515476754,False,True,False
5718326,5,3372.480806,13971.51679,47275.46759,3,672,0.07133680485718491,True,False,False
1223271,5,5775.321503,31322.85303,94402.41559,4,611,0.061177687741411746,True,False,False
1795767,5,5700.276794,26488.38806,92408.95124,3,563,0.06168533153455579,True,False,False
5225928,5,6747.679105,20522.68283,80890.66654,5,630,0.08341727659844797,True,False,False
8083037,5,4813.626959,24927.42196,82082.3233,4,642,0.058643892685722745,True,False,False
7722364,5,3831.805886,18052.60911,62880.40132,4,470,0.06093799984672236,True,False,False
1541353,5,3631.271459,16609.3822,63469.55942,4,565,0.057212803935988,True,False,False
2036810,5,3389.461558,17235.51007,54989.22567,4,612,0.061638648602559964,True,False,False
5990565,5,5377.172319,25028.71433,90243.39901,4,549,0.05958521485215942,True,False,False
3416607,5,2536.548133,11442.74957,37990.83557,3,710,0.06676736889153921,True,False,False
4283265,4,7023.706494,23030.02902,107029.6982,5,613,0.06562390263752048,True,False,False
1975003,5,3368.903488,16223.71788,60476.01784,3,558,0.05570643716841658,True,False,False
6225091,4,3776.309219,12294.05873,51314.47595,5,566,0.0735914992619154,True,False,False
4570465,5,6163.80366,22891.73376,74879.65589,3,587,0.0823161322890529,True,False,False
5743959,4,5013.676534,18072.97254,69523.11918,1,527,0.07211524156474132,False,False,False
7024288,4,7520.946649,21433.03263,99504.60962,3,538,0.07558390186868612,True,False,False
1174998,4,1759.838321,7072.338819,29580.92988,3,549,0.05949232590520579,True,False,False
8352665,4,2157.722248,9427.961238,37828.68024,3,555,0.05703932133795213,True,False,False
2824567,5,2747.369074,13486.13923,51046.54633,3,594,0.05382086098908859,True,False,False
3258315,2,3672.296309,10722.89407,56665.90111,1,604,0.06480610450138838,False,False,False
4260463,4,5713.43439,21401.27554,81627.55137,3,533,0.06999394559935089,True,False,False
1680523,4,3823.758134,14488.29674,54329.6369,1,556,0.0703807047530627,False,False,False
2078988,5,4940.924258,19623.94953,72378.73862,2,552,0.06826485722472514,False,False,False
7459086,5,3071.772244,16876.52629,55397.55261,2,585,0.055449602000025966,False,False,False
4839006,5,3878.321069,22147.66997,71686.80559,3,654,0.05410090513980175,True,False,False
8147812,4,2856.581126,11811.44214,47521.30673,3,581,0.06011158620342931,True,False,False
8669957,3,3683.060009,11960.33372,58451.98177,2,711,0.06301001090933585,False,False,False
7391158,5,2555.95912,14254.51056,54949.7268,5,527,0.04651450096017584,True,False,False
6817323,5,3709.082919,15196.14608,52576.53714,4,575,0.07054635243708635,True,False,False
7242220,5,3005.023314,11971.4572,45713.05407,5,622,0.06573665608511814,True,False,False
3898868,5,4436.068311,21327.09267,70768.28652,2,606,0.06268441033606645,False,False,False
2642819,5,4220.278632,24298.11737,73091.82469,3,598,0.05773940724423308,True,False,False
2243629,5,5181.244374,23957.56556,82865.375,2,559,0.06252604750777993,False,False,False
2548568,5,4939.559872,36617.98351,110839.2913,7,572,0.0445650618482437,False,True,False
7256744,5,3012.121008,13997.58712,44827.91275,3,549,0.06719297917791187,True,False,False
7888346,5,6581.243564,25819.40446,89069.95813,3,573,0.07388847712709709,True,False,False
8987032,5,2901.100047,15569.17201,53875.40172,3,604,0.05384832324921734,True,False,False
8219678,5,4520.026998,17118.68836,68502.57881,5,658,0.0659833115266628,True,False,False
3357507,5,5444.327706,20459.78577,75997.3575,2,552,0.07163838171610112,False,False,False
5096484,5,7169.758135,26076.57327,105633.9476,4,492,0.06787361731618179,True,False,False
6347377,3,3486.675626,11942.26036,56165.41588,3,649,0.06207869329142765,True,False,False
3989584,5,2807.725778,12167.17042,48109.16047,5,611,0.05836156255004381,True,False,False
2838650,3,4206.631181,13204.9539,68680.26044,3,634,0.06124949372716735,True,False,False
7194645,5,1663.759733,7653.602005,29277.12686,3,540,0.05682797157507689,True,False,False
3013502,4,6309.649531,25570.40804,106669.9738,5,557,0.059151130409296114,True,False,False
2861273,5,4299.323914,26058.30316,74918.94502,7,659,0.05738633816656485,False,True,False
8625710,3,4088.075195,14197.87238,64427.12584,3,566,0.06345270166408529,True,False,False
1292861,5,4053.455001,19315.7395,71878.95566,4,696,0.056392792073573644,True,False,False
6726712,4,4037.841409,17524.48,69352.16232,5,651,0.058222285707096894,True,False,False
5232755,5,5144.856965,34799.97444,111535.6084,3,630,0.04612748375881007,True,False,False
1974475,3,3186.054323,10920.87553,55293.82335,3,635,0.05762043805205595,True,False,False
8356722,5,6105.574869,26597.58123,95258.66246,2,630,0.06409469450155032,False,False,False
1671899,5,2475.378481,10586.29189,34184.0609,4,465,0.07241323633962987,True,False,False
1688610,5,3117.799433,17261.75435,61901.13456,4,563,0.05036740368592042,True,False,False
3073528,5,5772.629333,28959.12492,84333.16487,2,483,0.06845028692921151,False,False,False
5538851,5,6399.714222,24344.86582,79832.89624,3,593,0.0801638738341732,True,False,False
8835093,3,6104.353215,23786.77261,111338.0614,3,703,0.05482719151242559,True,False,False
1220927,5,3820.317973,20556.49054,65340.00297,2,570,0.05846828587923463,False,False,False
8064332,3,5702.34657,15067.14356,77954.83237,3,524,0.07314936607053087,True,False,False
1795767,5,5700.276794,26488.38806,92408.95124,3,563,0.06168533153455579,True,False,False
3913748,5,3273.84721,20551.52564,70074.28481,3,440,0.046719666406538955,True,False,False
8468575,5,3801.831731,15405.06919,52872.83037,4,716,0.0719052054598756,True,False,False
1070919,5,2340.06117,13099.50935,46440.39383,2,614,0.050388486767921105,False,False,False
4017729,5,3401.142697,15027.7394,48269.24573,4,627,0.07046189857667784,True,False,False
6050625,5,2790.583944,14689.03537,52904.94063,2,517,0.05274713307999794,False,False,False
7582759,5,5592.888775,18556.51011,69034.6583,2,585,0.08101566535891727,False,False,False
8868921,5,6522.309687,24619.36997,85180.71918,2,688,0.07657025850201327,False,False,False
2697316,5,3838.334226,16709.77387,60028.67391,4,497,0.0639416794672951,True,False,False
8926016,5,4455.723618,21759.58907,68241.17866,4,576,0.06529376698195499,True,False,False
4453762,5,2565.8923,14412.51764,48699.63217,2,563,0.05268812485160091,False,False,False
4360611,3,5690.526846,21406.47099,95268.84282,3,526,0.059731247672983954,True,False,False
2677939,5,6236.903099,29520.05665,92466.90909,4,659,0.06745010902148238,True,False,False
3419976,5,3754.042918,16260.21815,54752.97836,2,566,0.06856326414459547,False,False,False
5913790,4,4759.125449,21890.95882,82684.15468,5,591,0.057557889627323694,True,False,False
6177085,2,5435.881905,16593.23992,90808.05049,1,547,0.05986123340021062,False,False,False
3316265,5,6238.610615,26573.25649,90332.6506,4,562,0.06906263209993752,True,False,False
1343245,5,2473.637175,20499.48439,66415.33298,4,603,0.03724497136444229,True,False,False
8412270,5,3189.7163,16983.85553,55594.32056,2,575,0.05737485894008739,False,False,False
2795232,5,5107.650954,23236.88599,81229.39963,4,555,0.06287933897413196,True,False,False
5990565,5,5377.172319,25028.71433,90243.39901,4,549,0.05958521485215942,True,False,False
2620673,5,4362.047304,18858.84263,68530.98249,3,579,0.06365073351511497,True,False,False
3696825,4,5908.750193,27660.23928,100731.1048,1,574,0.05865864575526823,False,False,False
8872090,5,4958.51567,23006.38054,75315.51635,3,543,0.06583657538716456,True,False,False
5182514,5,5849.35121,26886.72297,94681.71457,4,603,0.06177910102879963,True,False,False
7838820,5,3424.181288,17958.7509,62475.97969,3,613,0.054807964676832105,True,False,False
5864535,4,4104.430298,14233.09362,63489.52438,5,606,0.06464736250714373,True,False,False
1590220,5,3873.884643,14173.27461,56460.59783,5,587,0.06861217896884603,True,False,False
6706686,5,3267.458419,15173.36331,48916.04478,4,532,0.06679727344464174,True,False,False
4182057,5,4835.138476,22164.44825,68190.20854,3,571,0.07090663864392985,True,False,False
2559477,4,3906.630457,16227.27569,56732.91535,1,603,0.06886003359599957,False,False,False
1092284,5,3966.428621,18051.40092,59859.61068,5,663,0.0662621854025062,True,False,False
5355296,4,5556.205353,17169.30001,73954.03283,1,535,0.07513052554919067,False,False,False
1250814,5,3757.544675,19268.73062,67014.47737,5,606,0.056070640590895955,True,False,False
7438434,3,5385.525601,18877.18621,83753.90928,2,591,0.0643017818188701,False,False,False
4800569,4,6361.664916,23782.18042,94825.56781,3,511,0.06708807616893721,True,False,False
1868754,5,5563.327875,22649.70116,72046.92738,6,592,0.07721811432230992,False,True,False
5348505,5,6469.19871,29099.9301,93987.29265,3,729,0.0688305677033458,True,False,False
8679345,5,2800.289828,17693.14173,57441.78851,2,622,0.048750045927147614,False,False,False
8926016,5,4455.723618,21759.58907,68241.17866,4,576,0.06529376698195499,True,False,False
2315661,5,5472.502637,24023.7827,84232.37561,4,520,0.06496911190464286,True,False,False
2505345,5,4864.976346,19722.4911,72277.30041,4,550,0.0673098790132303,True,False,False
6027561,5,4464.588116,25624.65776,76172.05544,4,574,0.05861188975682445,True,False,False
1188240,5,3606.915496,15849.10263,55601.28056,2,643,0.06487108677484028,False,False,False
1769732,5,3583.880809,13377.6147,48853.43577,3,662,0.07335985182030526,True,False,False
4500285,5,2721.001265,15837.68481,49211.5803,7,607,0.05529188960022078,False,True,False
1617003,5,4429.521296,17380.20702,59413.46694,4,536,0.0745541629555678,True,False,False
8258474,5,4327.131554,28223.46064,82012.12086,4,594,0.052762097951188136,True,False,False
3610547,5,3059.078249,17810.31967,60586.72178,3,567,0.050490902282318534,True,False,False
5566815,5,5143.597478,29144.52611,101067.9726,4,672,0.05089245728077462,True,False,False
6278210,5,1724.449812,9110.818031,33134.64555,3,620,0.05204370782834585,True,False,False
6533715,5,3697.064738,19495.00799,62391.16654,6,667,0.05925622076051024,False,True,False
7349297,5,4775.527495,17532.70052,63702.51532,4,563,0.07496607427525988,True,False,False
7011861,5,4298.185249,21531.26415,65807.6293,3,593,0.06531439127529853,True,False,False
5509547,3,3379.968964,10929.70554,51631.14458,3,634,0.06546376206638028,True,False,False
5150971,4,1750.854887,7792.681291,37608.07056,4,657,0.04655529680010258,True,False,False
1798890,4,4562.733611,9665.306455,48504.94677,4,572,0.09406738724269709,True,False,False
6923066,4,5538.716007,19790.53689,74489.40141,2,679,0.07435575937191571,False,False,False
2152630,5,6410.871096,24303.80399,90415.64207,4,564,0.0709044469433363,True,False,False
1657388,5,4447.696698,24687.95971,84766.94545,3,617,0.052469705902325865,True,False,False
1915957,5,6185.039553,25762.87987,87516.22794,4,519,0.07067305914099022,True,False,False
7716338,5,2647.604959,18833.74441,63210.53902,4,584,0.04188549884319591,True,False,False
8064332,3,5702.34657,15067.14356,77954.83237,3,524,0.07314936607053087,True,False,False
4298803,5,2511.084626,12221.81868,42731.42714,4,578,0.05876435200193503,True,False,False
4390609,5,4678.767428,25846.28487,86032.93789,3,565,0.05438344362925487,True,False,False
5355296,4,5556.205353,17169.30001,73954.03283,1,535,0.07513052554919067,False,False,False
7178471,3,4791.233791,13904.60304,72295.83389,3,532,0.06627261258636269,True,False,False
2946841,5,4091.602706,15205.20407,56422.87193,3,565,0.07251673950727236,True,False,False
1116417,4,4889.739399,15974.46354,69150.94443,6,634,0.07071110075654537,False,True,False
1419876,5,5179.604575,20550.32829,66333.74538,3,681,0.07808400604139083,True,False,False
7011861,5,4298.185249,21531.26415,65807.6293,3,593,0.06531439127529853,True,False,False
3088254,5,3857.227759,16270.0729,61828.35392,4,541,0.062386065849187655,True,False,False
7727278,5,5232.250034,21209.50201,83490.91925,5,620,0.06266849234624997,True,False,False
5225928,5,6747.679105,20522.68283,80890.66654,5,630,0.08341727659844797,True,False,False
5365124,5,4187.127896,18215.03757,74350.33746,5,639,0.05631619221974141,True,False,False
7471902,5,4217.35898,20713.61568,76139.95873,4,548,0.05538956220025259,True,False,False
2516793,5,4333.953204,26978.74516,85593.38719,4,643,0.05063420605588959,True,False,False
2350385,5,6039.454067,26447.96887,87324.62813,4,558,0.06916094802040355,True,False,False
4122871,5,2790.043417,12434.67871,48544.95571,3,541,0.05747339504576509,True,False,False
7716338,5,2647.604959,18833.74441,63210.53902,4,584,0.04188549884319591,True,False,False
7273820,5,4142.745291,21820.94088,75350.08916,4,550,0.0549799653481923,True,False,False
4953208,5,2672.449283,16875.53832,63734.25641,5,623,0.0419311283057613,True,False,False
8860603,5,3019.889282,14484.53671,53214.26922,3,620,0.056749614835732966,True,False,False
3873727,5,4519.705537,20797.51499,70032.74482,3,569,0.06453703262119263,True,False,False
5154151,4,3366.33052,11027.84762,43756.00179,0,645,0.07693414348404523,False,False,False
3769733,5,4764.435819,17874.86079,70500.97312,4,528,0.06757971710391053,True,False,False
7343548,5,4388.660393,19275.03641,68091.41961,4,479,0.06445247313298011,True,False,False
6964535,4,3393.48251,12532.10918,55494.5622,5,650,0.06114982036924691,True,False,False
1657388,5,4447.696698,24687.95971,84766.94545,3,617,0.052469705902325865,True,False,False
8872090,5,4958.51567,23006.38054,75315.51635,3,543,0.06583657538716456,True,False,False
7716639,5,3415.130519,15428.57068,65315.6594,5,498,0.052286550428671016,True,False,False
4604953,5,5930.695517,25883.6005,92811.06837,5,650,0.06390073534502079,True,False,False
1930980,5,4851.063484,24022.9064,88453.08155,2,597,0.05484335196685977,False,False,False
6589111,3,4410.608133,12967.48766,62783.87218,4,584,0.07025065482350121,True,False,False
1648023,5,2911.117016,13437.47174,44683.04084,5,534,0.06515037833759033,True,False,False
6006692,5,5791.212235,27264.12371,102609.1676,5,559,0.05643952066325894,True,False,False
2446131,4,4833.923863,19364.16449,78988.28364,5,687,0.06119798583080087,True,False,False
6744746,4,6669.065955,21988.07852,83813.88176,2,500,0.0795699449179169,False,False,False
8072278,5,3761.656352,18695.83928,66585.63071,3,627,0.05649351537095323,True,False,False
2137063,5,4849.647193,18971.00109,72417.71413,4,494,0.06696769224577015,True,False,False
3258315,2,3672.296309,10722.89407,56665.90111,1,604,0.06480610450138838,False,False,False
5123106,4,4197.826085,21487.05556,87887.06095,6,680,0.04776386921606348,False,True,False
7292144,4,4902.299367,18890.5216,79416.39622,5,646,0.061729058485852306,True,False,False
6999874,4,2777.129065,8076.131727,34051.42891,2,672,0.08155690242368745,False,False,False
2642819,5,4220.278632,24298.11737,73091.82469,3,598,0.05773940724423308,True,False,False
5813679,5,6457.312087,30285.95181,111569.8773,4,583,0.05787684134165486,True,False,False
6872087,5,4081.106202,18039.93783,63401.39518,3,635,0.06436934377253872,True,False,False
7292457,5,3833.527585,17767.90996,66502.98592,3,602,0.05764444305721182,True,False,False
4182057,5,4835.138476,22164.44825,68190.20854,3,571,0.07090663864392985,True,False,False
1806610,5,4483.692944,25022.15509,82616.02268,4,502,0.054271469365777515,True,False,False
6326943,5,3677.861168,22750.09446,80646.75061,5,607,0.04560457972802631,True,False,False
5530537,5,4399.609707,18983.59494,74551.79742,5,589,0.05901413325039051,True,False,False
3357227,5,5060.519731,19332.98036,67919.31128,2,519,0.07450781869883533,False,False,False
4202352,5,3189.327566,15784.919,58164.72593,2,637,0.054832675904607324,False,False,False
3873416,5,3570.396396,19327.61013,74141.03734,6,591,0.04815681738612157,False,True,False
2548568,5,4939.559872,36617.98351,110839.2913,7,572,0.0445650618482437,False,True,False
8597370,5,5143.811559,22191.9761,77353.78186,3,637,0.06649722140682934,True,False,False
5387191,5,4638.233339,24676.74922,74116.91057,1,623,0.06257996054246491,False,False,False
2886026,5,3177.356106,15483.49705,51731.74738,3,577,0.06141984887269432,True,False,False
8483461,4,4392.975281,20014.11116,88983.86175,2,636,0.04936822469384456,False,False,False
2449444,5,4246.645948,15751.98672,65140.75415,3,591,0.0651918450041463,True,False,False
2047550,5,4750.532467,19027.23325,68649.92521,3,586,0.06919938299230668,True,False,False
8412270,5,3189.7163,16983.85553,55594.32056,2,575,0.05737485894008739,False,False,False
8353705,4,2448.725785,8633.235167,38825.62225,6,568,0.06306984004615664,False,True,False
2381865,5,2372.160278,10064.94338,34056.5216,5,647,0.06965362775040419,True,False,False
5088122,4,3896.915628,12948.2793,56039.72255,6,605,0.06953845327344506,False,True,False
2007665,5,5484.30319,19853.9738,71276.43975,3,532,0.07694412360151587,True,False,False
5225928,5,6747.679105,20522.68283,80890.66654,5,630,0.08341727659844797,True,False,False
3996748,4,3912.604863,12718.19941,55012.80494,5,715,0.07112171188630179,True,False,False
2475923,3,4406.064294,13337.87777,64818.58305,2,613,0.06797532569635521,False,False,False
6002919,4,4151.014379,17360.34761,71820.75195,5,660,0.0577968660351794,True,False,False
5274787,5,4202.315079,19202.89916,76655.64495,6,544,0.05482068648357253,False,True,False
1578893,5,4413.998926,17008.93835,63197.36978,4,557,0.06984466191181414,True,False,False
1402134,4,4119.442336,13853.22238,60387.12298,3,515,0.0682172313021825,True,False,False
7136770,4,3542.45561,13317.78908,61910.36057,6,638,0.0572191080359589,False,True,False
7046407,5,4825.414614,17121.32402,58158.63499,3,575,0.08296987394614229,True,False,False
4122871,5,2790.043417,12434.67871,48544.95571,3,541,0.05747339504576509,True,False,False
4874526,4,5922.714647,20295.44187,95176.06352,4,636,0.06222903562044693,True,False,False
5555254,3,4943.073913,20445.85365,89820.08159,2,568,0.05503305970666509,False,False,False
6665484,5,4292.117412,18305.70227,59670.69209,3,569,0.0719300759161012,True,False,False
5558065,5,3226.790388,12599.81008,46423.98994,4,536,0.0695069594873344,True,False,False
8572282,5,4725.02332,26174.59044,76694.37795,3,616,0.06160847048111433,True,False,False
5368851,4,6027.062467,17653.62524,80492.5566,5,639,0.07487726470101957,True,False,False
2950385,5,4709.774494,30246.48183,95212.95173,4,566,0.04946569146764546,True,False,False
8395869,5,4012.569976,22584.14379,74608.67509,5,519,0.053781547134561236,True,False,False
4854749,5,2883.230961,17454.73611,55000.42056,5,712,0.052421980262036025,True,False,False
5296564,5,3228.144785,13093.86632,43590.74564,4,577,0.07405573677633472,True,False,False
1122593,5,7749.000879,35084.58138,104334.5965,1,498,0.07427067472293335,False,False,False
5654244,5,4609.388676,21356.16001,72089.36221,3,640,0.06393992864817716,True,False,False
2113289,5,3564.75614,16131.8156,55575.17929,4,578,0.06414295348285866,True,False,False
6181766,5,4290.491374,26512.11299,80484.26002,4,702,0.053308452769943226,True,False,False
5143492,5,5086.387923,21765.19096,70331.08596,4,593,0.07232062257495676,True,False,False
5155618,4,4581.016397,18738.02684,76279.74665,2,701,0.06005547472541324,False,False,False
5730029,5,5815.877479,27208.82845,94030.36161,3,674,0.06185105937507624,True,False,False
2047550,5,4750.532467,19027.23325,68649.92521,3,586,0.06919938299230668,True,False,False
4122871,5,2790.043417,12434.67871,48544.95571,3,541,0.05747339504576509,True,False,False
5039497,5,5183.888841,25675.78383,74312.03972,3,550,0.0697583979733614,True,False,False
4372380,5,2514.549741,14169.2705,50267.08601,4,597,0.05002378177441521,True,False,False
1176664,5,4751.891154,21322.31253,79101.74868,6,587,0.06007314924507431,False,True,False
4764480,4,3339.953412,14014.90372,62300.96892,5,606,0.05360997541288319,True,False,False
8686751,5,4349.371138,17859.14118,68328.18341,5,626,0.0636541310033344,True,False,False
1606995,5,5835.799289,25241.70174,92203.17639,3,550,0.06329282262810339,True,False,False
3742210,5,5349.389258,23495.06483,77893.66059,4,639,0.06867554069845262,True,False,False
6744746,4,6669.065955,21988.07852,83813.88176,2,500,0.0795699449179169,False,False,False
8470946,5,5593.882059,32487.73064,89578.59763,2,560,0.062446635770134006,False,False,False
7819041,5,3485.411903,15593.45358,43489.05051,3,603,0.08014458495014865,True,False,False
4804429,5,3138.620095,14357.55856,50149.05008,3,590,0.06258583343040663,True,False,False
5775632,3,5169.32515,14788.22026,77641.89559,3,556,0.06657906933773769,True,False,False
4096418,5,4354.588613,19350.89309,63421.05751,2,610,0.06866155791100431,False,False,False
7196672,5,2227.484557,9979.816675,36461.72315,2,608,0.06109103916554751,False,False,False
5131715,5,7564.529955,35228.1439,125965.3333,5,456,0.06005247441360916,True,False,False
3782056,4,3649.973546,17773.42806,76703.67356,2,579,0.04758538120269921,False,False,False
1813676,4,4664.328952,15093.83018,74753.57733,5,663,0.06239606342060794,True,False,False
7292144,4,4902.299367,18890.5216,79416.39622,5,646,0.061729058485852306,True,False,False
2277905,5,1270.674599,7519.127257,24871.66176,3,658,0.05108925214814436,True,False,False
4137062,5,4279.096235,22310.53583,74128.18855,2,541,0.05772562797907463,False,False,False
1895830,5,4941.25642,21959.50939,82877.8362,3,631,0.05962096317374656,True,False,False
8547642,4,4139.148423,12119.07236,61895.46746,6,558,0.06687320724534358,False,True,False
8186560,5,6887.637568,31719.23693,107521.9014,3,547,0.06405799635533603,True,False,False
5949416,3,5413.675482,17975.19009,85975.65683,2,595,0.06296753850574797,False,False,False
1241265,5,3350.307382,14330.04352,44773.71068,5,611,0.07482755686578713,True,False,False
1159499,4,2933.381046,11922.10749,42860.19024,0,581,0.06844069122358612,False,False,False
3419976,5,3754.042918,16260.21815,54752.97836,2,566,0.06856326414459547,False,False,False
8470946,5,5593.882059,32487.73064,89578.59763,2,560,0.062446635770134006,False,False,False
2207601,3,3945.08196,11557.33846,53571.89707,2,636,0.07364088590786953,False,False,False
8241068,5,3101.142819,22145.00313,77484.67239,6,586,0.04002266155803256,False,True,False
7337299,4,4068.885833,15467.4188,68030.96889,5,494,0.059809317717920855,True,False,False
5355296,4,5556.205353,17169.30001,73954.03283,1,535,0.07513052554919067,False,False,False
7557552,2,3076.130524,8759.332341,54099.80079,1,485,0.056860292997023436,False,False,False
8619364,5,7072.879252,30111.33242,93213.6932,2,674,0.07587811413956506,False,False,False
5393292,5,6388.812678,26125.76738,92066.09971,2,622,0.0693937583771246,False,False,False
7534908,5,1467.170646,9236.634801,25676.39117,3,685,0.05714084336408714,True,False,False
5155618,4,4581.016397,18738.02684,76279.74665,2,701,0.06005547472541324,False,False,False
7593188,5,2319.435959,13149.10725,49076.45628,5,658,0.047261683805503975,True,False,False
1553602,5,5899.257667,21851.7523,77147.37475,4,533,0.07646738059612326,True,False,False
4352143,5,7358.580246,29358.09446,102867.3404,2,677,0.07153466024674242,False,False,False
3561982,5,4944.804381,16521.05326,60168.94041,4,810,0.08218200864607846,True,False,False
4057478,4,6642.237034,29795.63553,110199.3165,1,596,0.060274757094341866,False,False,False
3323417,5,5059.130214,20711.10541,62438.97546,3,659,0.08102519582886185,True,False,False
4083923,5,2771.45245,14494.81083,46682.2947,3,585,0.05936838511925165,True,False,False
8852480,5,4505.38551,17793.88953,59826.45562,4,517,0.07530757861734079,True,False,False
8827624,5,3377.803446,17709.23365,62376.25742,2,594,0.05415206980528073,False,False,False
5901447,5,4338.461282,17095.02406,63496.12099,3,642,0.06832639875250433,True,False,False
7304383,5,3099.007102,16913.47635,62258.30821,4,527,0.049776603173136556,True,False,False
7702194,5,3372.470579,11949.83123,44822.34311,2,516,0.07524083626604498,False,False,False
8096902,5,4630.830673,23908.65075,69521.02991,4,554,0.0666105015848434,True,False,False
5213134,4,3965.008957,25669.27773,99837.63564,6,632,0.03971457188046045,False,True,False
8229723,5,2404.579441,12281.80576,39964.82678,3,566,0.0601673930488133,True,False,False
8136318,4,4290.681429,14983.82798,69720.31824,6,557,0.061541334539381765,False,True,False
5547803,5,3554.222715,13808.82056,48887.41985,3,675,0.07270219467309441,True,False,False
7128957,5,4538.455966,16717.46577,59677.46552,2,594,0.076049743843076,False,False,False
7285923,5,2095.793835,8447.78254,29768.70946,3,625,0.07040257616192946,True,False,False
5322966,5,5126.817226,24902.67379,81332.40123,2,572,0.06303536042790459,False,False,False
6616368,5,2107.090963,11575.80811,44493.31568,3,539,0.04735747225840374,True,False,False
1122593,5,7749.000879,35084.58138,104334.5965,1,498,0.07427067472293335,False,False,False
5756002,5,5883.93212,29414.067,104389.7817,1,525,0.05636501987243834,False,False,False
7178471,3,4791.233791,13904.60304,72295.83389,3,532,0.06627261258636269,True,False,False
8440509,5,3631.216304,16593.68006,64080.68706,3,563,0.05666631352750668,True,False,False
8949248,5,4728.915895,28046.0298,98117.26616,3,627,0.04819657212308126,True,False,False
5709820,5,6467.857553,26102.76303,86373.05916,4,590,0.07488281202381346,True,False,False
1223271,5,5775.321503,31322.85303,94402.41559,4,611,0.061177687741411746,True,False,False
7290681,5,4992.307979,20320.19944,67797.73406,4,494,0.07363532200916746,True,False,False
7557552,2,3076.130524,8759.332341,54099.80079,1,485,0.056860292997023436,False,False,False
6198725,3,5425.771406,16021.6603,78286.68262,4,584,0.06930644171418589,True,False,False
3629840,5,7110.394705,28424.25661,97049.56685,4,634,0.07326559958778424,True,False,False
3873416,5,3570.396396,19327.61013,74141.03734,6,591,0.04815681738612157,False,True,False
5935610,5,3838.979905,17987.11053,69364.65894,6,523,0.05534489700757693,False,True,False
3321981,5,6263.569738,24411.2371,82782.7059,4,695,0.07566278089008444,True,False,False
1410427,5,2514.722735,23228.55773,66592.36868,5,608,0.03776292666632924,True,False,False
7314063,3,3299.866839,11273.81011,54033.46711,4,567,0.06107079585106416,True,False,False
2351966,5,6239.926645,28163.31061,91406.64924,3,661,0.06826556598323896,True,False,False
6374521,5,4302.281736,21031.34228,74601.11754,4,567,0.057670473015275954,True,False,False
8096902,5,4630.830673,23908.65075,69521.02991,4,554,0.0666105015848434,True,False,False
5756002,5,5883.93212,29414.067,104389.7817,1,525,0.05636501987243834,False,False,False
1322943,5,2716.063301,10953.50734,38317.43978,3,605,0.07088321444737193,True,False,False
8926016,5,4455.723618,21759.58907,68241.17866,4,576,0.06529376698195499,True,False,False
4509870,5,5299.605945,24534.14902,73401.96116,3,731,0.07219978678019288,True,False,False
5096484,5,7169.758135,26076.57327,105633.9476,4,492,0.06787361731618179,True,False,False
5440309,5,4854.454453,21002.15478,89538.58671,5,628,0.054216339919712364,True,False,False
1092284,5,3966.428621,18051.40092,59859.61068,5,663,0.0662621854025062,True,False,False
2994148,5,4991.586796,26355.68725,81184.8131,3,582,0.061484243239577026,True,False,False
6538976,5,5069.924765,27061.74485,87752.8963,4,605,0.05777501346129359,True,False,False
6045930,5,6272.920481,24892.17654,72947.45246,2,631,0.08599231733883637,False,False,False
3191077,5,4602.68816,21188.63655,79568.32006,4,613,0.057845737556470406,True,False,False
2592025,5,7595.629034,32128.76588,118629.7689,4,646,0.0640280184681368,True,False,False
5393292,5,6388.812678,26125.76738,92066.09971,2,622,0.0693937583771246,False,False,False
2184692,5,2156.0685,8100.824957,28971.68063,3,490,0.07441986288387441,True,False,False
3068766,5,2939.759123,13033.40353,50440.73014,4,552,0.05828145458720752,True,False,False
6145201,5,3515.58493,18163.54369,64632.68725,4,567,0.05439329663644768,True,False,False
1412856,5,1823.504697,9175.607591,35194.24858,5,656,0.05181257650252126,True,False,False
5154151,4,3366.33052,11027.84762,43756.00179,0,645,0.07693414348404523,False,False,False
5081181,4,4548.699424,16186.82349,72533.5565,3,543,0.06271165572861438,True,False,False
3989584,5,2807.725778,12167.17042,48109.16047,5,611,0.05836156255004381,True,False,False
6615691,5,4031.462782,22986.02165,76205.73572,4,620,0.05290235366026331,True,False,False
6397127,5,4131.401288,27337.08666,93366.3833,4,516,0.044249344806740525,True,False,False
7992322,5,2109.723734,11299.77189,41919.88978,5,713,0.050327511476581946,True,False,False
4492826,5,6228.753148,28364.21558,86838.90302,1,570,0.0717276811588171,False,False,False
3699767,5,6188.589259,22255.62825,82042.26932,3,563,0.07543171721471831,True,False,False
8652437,5,5674.980431,21566.33425,76691.18332,5,628,0.07399782067934325,True,False,False
4227819,5,3629.735079,19427.77053,68348.97699,4,506,0.05310591670642063,True,False,False
7820023,4,6720.829949,17136.66874,76042.71443,6,603,0.08838229933502387,False,True,False
7097110,5,4141.358322,19931.94559,70036.44562,2,648,0.05913147483911392,False,False,False
3416607,5,2536.548133,11442.74957,37990.83557,3,710,0.06676736889153921,True,False,False
6533975,5,3440.109034,18987.95328,61788.59979,2,640,0.05567546514554218,False,False,False
4140781,5,3396.845281,14622.27822,55294.1336,3,563,0.06143229054953489,True,False,False
7021959,4,2000.753397,9528.07391,32804.90737,1,658,0.06098945424335152,False,False,False
6003071,5,5407.292663,22207.93686,81623.31316,3,589,0.06624691468233461,True,False,False
1744935,5,2787.69516,12668.33199,51504.7556,5,626,0.05412500510923695,True,False,False
7294591,3,3829.508886,18915.57846,86756.53084,3,590,0.0441408715738362,True,False,False
2083305,5,5282.677199,32246.04583,111230.0215,4,518,0.04749326780450186,True,False,False
4992785,5,3086.186142,17855.07188,54137.02325,5,654,0.057006941954459975,True,False,False
3357227,5,5060.519731,19332.98036,67919.31128,2,519,0.07450781869883533,False,False,False
6073195,5,5258.183963,19334.21622,76204.50896,4,651,0.06900095591141514,True,False,False
7117766,5,3628.184338,15690.00769,61497.63576,5,639,0.058997135307108595,True,False,False
4775899,5,4734.965522,22441.93232,81502.55328,3,673,0.058095916403172604,True,False,False
3451952,4,3235.592379,12062.9346,46797.52289,3,651,0.06914024886756137,True,False,False
7766631,5,3489.452828,19686.2848,68344.72099,3,638,0.0510566548147964,True,False,False
7202428,5,2557.770728,18657.17934,58601.69212,4,576,0.04364670430953419,True,False,False
2566409,4,4126.564756,21891.28845,80933.65665,1,512,0.05098700499651772,False,False,False
7442532,5,1958.928726,8228.75252,26648.43525,2,572,0.07351008446171338,False,False,False
7878347,3,6207.929975,19540.27495,90127.05727,2,561,0.06887975889862313,False,False,False
1939722,5,3856.004879,15893.48182,56810.17836,4,473,0.06787524683631357,True,False,False
7184919,5,3913.167872,16410.06609,62559.10649,2,531,0.06255153072919152,False,False,False
4688812,3,4693.491254,16492.86598,75689.59472,2,719,0.0620097289642351,False,False,False
7285923,5,2095.793835,8447.78254,29768.70946,3,625,0.07040257616192946,True,False,False
7273820,5,4142.745291,21820.94088,75350.08916,4,550,0.0549799653481923,True,False,False
3191077,5,4602.68816,21188.63655,79568.32006,4,613,0.057845737556470406,True,False,False
1035894,3,5733.204772,23509.03223,103717.7493,2,633,0.055276987889670684,False,False,False
8625710,3,4088.075195,14197.87238,64427.12584,3,566,0.06345270166408529,True,False,False
6310444,4,3566.504854,15851.74452,64245.94632,2,600,0.05551330563699291,False,False,False
4002082,5,5015.523684,23285.77235,81969.37804,3,535,0.06118777284795902,True,False,False
8894073,5,7023.595339,29495.48252,104899.3316,3,672,0.0669555776178082,True,False,False
3661978,5,6600.948534,26477.8164,96841.10241,5,599,0.06816267441951769,True,False,False
4956779,5,2747.70401,13073.86428,44034.81776,3,647,0.06239844172798956,True,False,False
1703171,5,4847.608936,22996.1936,83391.95042,5,615,0.05813041800299938,True,False,False
4892989,5,5540.956939,23528.90746,79012.5681,5,646,0.07012753884910114,True,False,False
7951943,5,4791.63958,17273.88017,68754.38804,3,485,0.06969212753682448,True,False,False
8064332,3,5702.34657,15067.14356,77954.83237,3,524,0.07314936607053087,True,False,False
6691884,5,4578.998541,29139.27251,83408.55162,5,578,0.054898430101764664,True,False,False
4992785,5,3086.186142,17855.07188,54137.02325,5,654,0.057006941954459975,True,False,False
5332608,3,5464.642087,19492.20614,88758.65872,4,603,0.06156742526088501,True,False,False
5234764,5,5120.364887,21774.77036,73880.9181,4,588,0.06930564777321033,True,False,False
4446317,5,4480.557577,22035.36728,69155.32428,5,585,0.06478977032713872,True,False,False
4591916,5,3699.071466,20346.5005,69374.45433,6,581,0.053320368451538064,False,True,False
1174998,4,1759.838321,7072.338819,29580.92988,3,549,0.05949232590520579,True,False,False
1848302,5,3435.652593,14882.95288,55482.60642,5,621,0.06192305687646172,True,False,False
6050625,5,2790.583944,14689.03537,52904.94063,2,517,0.05274713307999794,False,False,False
5872680,4,5264.589148,21173.06855,81188.66081,1,558,0.06484389686289248,False,False,False
4390609,5,4678.767428,25846.28487,86032.93789,3,565,0.05438344362925487,True,False,False
8724194,5,4194.339297,17940.14287,67188.66182,3,558,0.06242629609496814,True,False,False
5935610,5,3838.979905,17987.11053,69364.65894,6,523,0.05534489700757693,False,True,False
6883308,5,1663.142168,10635.42804,38021.72133,4,633,0.043741895680239576,True,False,False
5348505,5,6469.19871,29099.9301,93987.29265,3,729,0.0688305677033458,True,False,False
7184919,5,3913.167872,16410.06609,62559.10649,2,531,0.06255153072919152,False,False,False
2911393,5,5129.105334,18364.6733,67340.38896,3,573,0.07616685043275699,True,False,False
4352143,5,7358.580246,29358.09446,102867.3404,2,677,0.07153466024674242,False,False,False
4267728,3,3645.943979,9857.07267,44538.72978,2,574,0.08186007991267864,False,False,False
4267728,3,3645.943979,9857.07267,44538.72978,2,574,0.08186007991267864,False,False,False
2149643,5,1938.21905,11922.97179,37907.3125,7,584,0.05113047911270418,False,True,False
8036365,5,2157.130093,9843.416402,32937.98343,3,543,0.06549065450786767,True,False,False
8353705,4,2448.725785,8633.235167,38825.62225,6,568,0.06306984004615664,False,True,False
8149516,5,3400.257025,18621.81243,60940.75652,4,606,0.05579610787870803,True,False,False
2571301,4,3423.483237,11659.05271,45703.47274,4,547,0.07490641370899029,True,False,False
2283883,3,1629.960413,5889.843826,25711.76734,2,668,0.06339355795524246,False,False,False
5150971,4,1750.854887,7792.681291,37608.07056,4,657,0.04655529680010258,True,False,False
1188240,5,3606.915496,15849.10263,55601.28056,2,643,0.06487108677484028,False,False,False
5234764,5,5120.364887,21774.77036,73880.9181,4,588,0.06930564777321033,True,False,False
1266173,5,2164.114355,10953.60129,41129.92553,3,642,0.05261653959041341,True,False,False
2109160,5,7853.785833,33878.83486,111642.3591,3,577,0.07034772371627536,True,False,False
6817323,5,3709.082919,15196.14608,52576.53714,4,575,0.07054635243708635,True,False,False
7292457,5,3833.527585,17767.90996,66502.98592,3,602,0.05764444305721182,True,False,False
4547037,5,3103.034567,31664.37993,78268.55336,6,550,0.03964599361799166,False,True,False
5393292,5,6388.812678,26125.76738,92066.09971,2,622,0.0693937583771246,False,False,False
2861058,4,3986.093951,15907.47316,64933.70364,1,603,0.0613871337618345,False,False,False
1008374,4,2666.37757,8814.582436,35441.10056,3,589,0.07523405108388091,True,False,False
8147812,4,2856.581126,11811.44214,47521.30673,3,581,0.06011158620342931,True,False,False
4649906,5,2758.106666,13210.4596,52803.52175,5,610,0.052233384717374466,True,False,False
8004391,3,4449.96214,10433.12752,53273.79013,2,610,0.08353004599712342,False,False,False
2707392,4,5140.866997,20296.76181,80903.02208,1,610,0.06354357185713674,False,False,False
7157603,5,4023.961591,16015.38324,56156.53988,3,573,0.07165615259769813,True,False,False
4358774,5,6325.816155,24839.48271,83250.84105,4,601,0.07598501198565369,True,False,False
2393485,5,6625.878299,27800.79954,110918.2858,6,486,0.05973657320080942,False,True,False
4122871,5,2790.043417,12434.67871,48544.95571,3,541,0.05747339504576509,True,False,False
5781261,3,3355.285174,14165.39932,61540.47188,2,616,0.054521602963048324,False,False,False
6805299,4,6129.379274,23492.42261,97805.07457,3,565,0.06266933797604894,True,False,False
7888346,5,6581.243564,25819.40446,89069.95813,3,573,0.07388847712709709,True,False,False
3160300,4,4681.433592,19091.90743,74680.46775,5,563,0.06268618466171834,True,False,False
4804429,5,3138.620095,14357.55856,50149.05008,3,590,0.06258583343040663,True,False,False
4002168,5,3687.063498,14737.18223,61689.46931,6,545,0.059768118274318154,False,True,False
1593263,5,6775.11242,22579.11278,84112.19698,3,526,0.08054851333405275,True,False,False
5143492,5,5086.387923,21765.19096,70331.08596,4,593,0.07232062257495676,True,False,False
1660812,5,3703.816101,17699.90947,59680.86485,6,642,0.06206036240106531,False,True,False
8310241,4,2828.626419,12902.92986,50941.42571,1,491,0.05552703677951302,False,False,False
5645415,5,4010.525435,16381.38226,55097.97351,2,514,0.07278898259791915,False,False,False
6295568,5,4190.806172,15748.62988,55247.51351,4,563,0.0758551092302362,True,False,False
3068766,5,2939.759123,13033.40353,50440.73014,4,552,0.05828145458720752,True,False,False
7584220,3,7303.442763,17645.24259,101841.2716,4,501,0.07171397851045686,True,False,False
1116417,4,4889.739399,15974.46354,69150.94443,6,634,0.07071110075654537,False,True,False
2838650,3,4206.631181,13204.9539,68680.26044,3,634,0.06124949372716735,True,False,False
4461701,5,2121.832986,12028.5482,42217.46357,3,614,0.050259603646766404,True,False,False
6050625,5,2790.583944,14689.03537,52904.94063,2,517,0.05274713307999794,False,False,False
4585484,4,5108.404937,17284.78961,70545.99578,2,563,0.07241240102316691,False,False,False
7642455,5,3170.584041,16677.87025,54001.22125,4,559,0.05871319143546221,True,False,False
1892869,5,4574.135951,23199.70095,78307.9492,2,650,0.05841215352629871,False,False,False
1975003,5,3368.903488,16223.71788,60476.01784,3,558,0.05570643716841658,True,False,False
3661978,5,6600.948534,26477.8164,96841.10241,5,599,0.06816267441951769,True,False,False
3019434,4,2941.607165,17621.73983,83420.53692,6,620,0.035262385901699375,False,True,False
4020965,4,4203.802318,19135.74474,81279.85969,5,585,0.051720098115735316,True,False,False
7726218,5,6073.905476,28829.21096,100031.5932,6,626,0.060719871409585825,False,True,False
5296564,5,3228.144785,13093.86632,43590.74564,4,577,0.07405573677633472,True,False,False
1116417,4,4889.739399,15974.46354,69150.94443,6,634,0.07071110075654537,False,True,False
6374521,5,4302.281736,21031.34228,74601.11754,4,567,0.057670473015275954,True,False,False
1939722,5,3856.004879,15893.48182,56810.17836,4,473,0.06787524683631357,True,False,False
2078988,5,4940.924258,19623.94953,72378.73862,2,552,0.06826485722472514,False,False,False
4360611,3,5690.526846,21406.47099,95268.84282,3,526,0.059731247672983954,True,False,False
5876876,5,3925.108854,17158.34471,70513.1836,5,592,0.05566489347957904,True,False,False
8019493,4,6385.692022,26030.90423,105021.1982,5,607,0.06080383895296293,True,False,False
7255949,4,4841.496902,13250.41565,62274.61576,5,665,0.0777443079000059,True,False,False
4449818,5,3055.471499,17082.42083,65207.42729,3,608,0.04685772198021647,True,False,False
3350887,4,4890.868401,17002.73974,67419.05389,5,649,0.07254430489309259,True,False,False
2559477,4,3906.630457,16227.27569,56732.91535,1,603,0.06886003359599957,False,False,False
8683187,5,4638.03974,17138.74288,57686.68647,4,504,0.08040052261299521,True,False,False
4608407,5,4766.802803,18597.93514,66830.80403,3,531,0.07132643205759139,True,False,False
6989720,5,2761.211689,14467.01803,52818.65598,3,611,0.05227720466884928,True,False,False
3584871,5,6967.346468,25887.47916,89398.12274,4,506,0.07793616078788815,True,False,False
2939617,4,3335.993766,14084.85745,54025.55737,3,564,0.06174843774684411,True,False,False
6567719,5,2382.162474,13529.83584,44726.66166,4,536,0.053260457758027104,True,False,False
2756206,5,4664.365881,14413.32491,56995.77402,4,731,0.08183704776714251,True,False,False
1412856,5,1823.504697,9175.607591,35194.24858,5,656,0.05181257650252126,True,False,False
6209401,5,5344.410484,23379.23203,85738.54002,3,614,0.0623338172396372,True,False,False
4692806,5,5702.54985,25839.75024,77131.69821,4,590,0.07393263706542733,True,False,False
5673350,4,2153.901886,6022.016569,25992.87874,4,687,0.08286507652903397,True,False,False
3621088,5,2150.331087,12702.64336,41578.21862,5,630,0.05171773006084598,True,False,False
8352665,4,2157.722248,9427.961238,37828.68024,3,555,0.05703932133795213,True,False,False
1337395,5,4271.31469,22756.28103,83475.30929,4,438,0.05116859974919177,True,False,False
8310241,4,2828.626419,12902.92986,50941.42571,1,491,0.05552703677951302,False,False,False
7582759,5,5592.888775,18556.51011,69034.6583,2,585,0.08101566535891727,False,False,False
3544936,5,2124.243097,11117.39863,36755.67148,4,607,0.05779361419518271,True,False,False
3068766,5,2939.759123,13033.40353,50440.73014,4,552,0.05828145458720752,True,False,False
5280642,5,6504.355868,27598.31509,91166.20653,3,583,0.07134612830314066,True,False,False
5836331,5,3791.984312,17150.11087,60086.64313,3,654,0.0631086064135066,True,False,False
7097110,5,4141.358322,19931.94559,70036.44562,2,648,0.05913147483911392,False,False,False
8032983,5,5721.237967,21420.70762,68606.69341,3,553,0.08339183369193072,True,False,False
5555254,3,4943.073913,20445.85365,89820.08159,2,568,0.05503305970666509,False,False,False
5813679,5,6457.312087,30285.95181,111569.8773,4,583,0.05787684134165486,True,False,False
3561982,5,4944.804381,16521.05326,60168.94041,4,810,0.08218200864607846,True,False,False
6775457,5,3872.925283,21183.15095,73404.98195,4,568,0.05276106852853739,True,False,False
4227819,5,3629.735079,19427.77053,68348.97699,4,506,0.05310591670642063,True,False,False
8271749,5,4030.345645,21274.03655,61486.82951,5,636,0.06554811293928431,True,False,False
3640176,4,2841.925418,14601.04219,65499.68441,5,565,0.04338838337312837,True,False,False
5547803,5,3554.222715,13808.82056,48887.41985,3,675,0.07270219467309441,True,False,False
8781044,5,4142.601373,14490.0649,52900.22988,3,591,0.07830970455888689,True,False,False
6132360,5,4610.007342,21801.35565,62242.65067,3,541,0.07406508708058528,True,False,False
1284687,4,3074.230112,12618.12469,56532.31491,5,688,0.05438005001023228,True,False,False
4249472,3,5764.576057,14235.63544,68378.67161,2,610,0.08430371519760502,False,False,False
1806610,5,4483.692944,25022.15509,82616.02268,4,502,0.054271469365777515,True,False,False
5645415,5,4010.525435,16381.38226,55097.97351,2,514,0.07278898259791915,False,False,False
3063966,4,4881.630077,19837.04438,82526.13401,5,652,0.05915253556417019,True,False,False
7581099,5,3384.162868,16663.46241,59178.16504,6,549,0.05718600544157731,False,True,False
6683873,5,5761.369522,21578.27967,75066.29165,3,614,0.07675042146563797,True,False,False
1617003,5,4429.521296,17380.20702,59413.46694,4,536,0.0745541629555678,True,False,False
3699767,5,6188.589259,22255.62825,82042.26932,3,563,0.07543171721471831,True,False,False
8064332,3,5702.34657,15067.14356,77954.83237,3,524,0.07314936607053087,True,False,False
2571301,4,3423.483237,11659.05271,45703.47274,4,547,0.07490641370899029,True,False,False
6393811,4,4857.797385,20463.84157,72367.55886,2,551,0.06712672724525283,False,False,False
5721999,5,4000.047704,18266.61935,55741.51375,5,580,0.07176065798894814,True,False,False
7694330,4,3998.490215,12478.98549,58736.07395,4,673,0.06807554448402148,True,False,False
5849178,5,2308.321045,11727.5166,44533.18205,4,671,0.05183373248307999,True,False,False
7128957,5,4538.455966,16717.46577,59677.46552,2,594,0.076049743843076,False,False,False
8147812,4,2856.581126,11811.44214,47521.30673,3,581,0.06011158620342931,True,False,False
2516793,5,4333.953204,26978.74516,85593.38719,4,643,0.05063420605588959,True,False,False
6589111,3,4410.608133,12967.48766,62783.87218,4,584,0.07025065482350121,True,False,False
8894073,5,7023.595339,29495.48252,104899.3316,3,672,0.0669555776178082,True,False,False
6723506,4,5048.977679,22071.9294,81983.64259,2,622,0.061585183574361595,False,False,False
5341673,4,5233.929056,18398.72067,82016.67336,2,602,0.0638154272976477,False,False,False
1981615,5,5072.574662,23510.93461,77493.19072,4,671,0.06545832756233166,True,False,False
2023789,5,6459.888248,21361.71209,80333.12776,4,545,0.0804137524347278,True,False,False
5166770,5,2571.326399,13281.88224,44312.05098,3,555,0.05802769996271565,True,False,False
3584871,5,6967.346468,25887.47916,89398.12274,4,506,0.07793616078788815,True,False,False
6045930,5,6272.920481,24892.17654,72947.45246,2,631,0.08599231733883637,False,False,False
7766631,5,3489.452828,19686.2848,68344.72099,3,638,0.0510566548147964,True,False,False
1932224,5,5832.266225,23957.73284,79526.46134,4,588,0.07333742916166325,True,False,False
2654263,4,664.2622431,2514.854582,11561.00105,6,552,0.057457156194964616,False,True,False
7292754,4,598.5242694,2403.521106,10682.55147,5,619,0.05602821302390598,True,False,False
3284994,4,4222.58964,13351.16641,59145.20064,5,663,0.07139361426300168,True,False,False
8333955,3,6011.557148,14398.70471,72540.30536,3,568,0.08287195812267532,True,False,False
3021630,5,4052.155636,13700.13638,55385.46262,4,654,0.07316280201181788,True,False,False
1062689,5,2839.99453,16392.69981,62035.62379,5,586,0.045780059206204045,True,False,False
7247583,5,7626.716888,33605.91817,108135.013,3,542,0.07052957850016627,True,False,False
4579920,5,4113.083493,15339.37239,69857.05165,8,663,0.05887857268307716,False,True,False
6130948,5,4364.100628,26212.19911,78498.86121,3,559,0.05559444507513512,True,False,False
6515933,5,6872.275299,34570.15406,107248.8165,3,514,0.06407786606204648,True,False,False
2041870,5,4644.797144,16958.8948,66063.21262,4,540,0.07030837526350985,True,False,False
1553602,5,5899.257667,21851.7523,77147.37475,4,533,0.07646738059612326,True,False,False
8827624,5,3377.803446,17709.23365,62376.25742,2,594,0.05415206980528073,False,False,False
6105668,4,6094.902746,21092.0012,78867.10718,2,579,0.07728066825234858,False,False,False
3853116,3,3715.518342,11072.18692,55280.20089,4,503,0.06721246092056306,True,False,False
6426418,5,5538.396003,26810.91121,96595.37797,3,592,0.05733603531962037,True,False,False
1989127,5,5997.051527,25367.8383,94134.72647,3,567,0.0637071116248605,True,False,False
4828113,5,5444.325243,23588.40791,83329.24777,4,538,0.06533510608456558,True,False,False
2427491,5,3027.515204,15024.92394,55321.09302,3,656,0.05472623620985715,True,False,False
7300819,4,5483.058105,16412.02894,72233.7962,4,636,0.07590710157082953,True,False,False
4283265,4,7023.706494,23030.02902,107029.6982,5,613,0.06562390263752048,True,False,False
6757959,4,2993.392193,15211.18394,68729.4631,6,644,0.04355326024655066,False,True,False
4979590,3,3399.497094,8384.259856,44039.01078,4,546,0.07719285773657425,True,False,False
6461300,5,3002.285163,18397.65975,62135.93139,3,621,0.048318019796886484,True,False,False
8083037,5,4813.626959,24927.42196,82082.3233,4,642,0.058643892685722745,True,False,False
8586659,5,5861.240056,38190.69281,106031.8441,4,589,0.055278111078330285,True,False,False
4682533,5,4651.635134,19416.22251,70205.36695,5,632,0.06625754320624629,True,False,False
3365753,5,5190.292459,19492.01216,76744.77789,4,571,0.06763056199653561,True,False,False
8852480,5,4505.38551,17793.88953,59826.45562,4,517,0.07530757861734079,True,False,False
1878082,4,3018.547612,16253.22268,72261.89217,6,632,0.041772330080960283,False,True,False
2083305,5,5282.677199,32246.04583,111230.0215,4,518,0.04749326780450186,True,False,False
6521649,5,5168.749054,21174.21566,74668.15508,3,594,0.06922293779004135,True,False,False
5150971,4,1750.854887,7792.681291,37608.07056,4,657,0.04655529680010258,True,False,False
5836331,5,3791.984312,17150.11087,60086.64313,3,654,0.0631086064135066,True,False,False
7538875,5,4005.213515,20636.70576,73788.2388,4,658,0.05427983619253966,True,False,False
6810610,5,2762.789321,19831.7068,64736.02898,2,501,0.04267776946673012,False,False,False
7065268,5,3031.641296,14133.50465,51218.90654,5,610,0.059189887109995294,True,False,False
3699767,5,6188.589259,22255.62825,82042.26932,3,563,0.07543171721471831,True,False,False
5718326,5,3372.480806,13971.51679,47275.46759,3,672,0.07133680485718491,True,False,False
4660514,5,4543.508548,27121.53114,101483.2702,6,610,0.04477101042413984,False,True,False
7388400,5,1638.272823,9853.210742,31180.11516,2,618,0.0525422313097063,False,False,False
8827558,3,3244.808038,9179.709376,44474.16335,2,633,0.07295939470438627,False,False,False
1284687,4,3074.230112,12618.12469,56532.31491,5,688,0.05438005001023228,True,False,False
3365880,5,4278.794095,17092.49453,57289.69237,4,587,0.07468697976881807,True,False,False
6691884,5,4578.998541,29139.27251,83408.55162,5,578,0.054898430101764664,True,False,False
3451952,4,3235.592379,12062.9346,46797.52289,3,651,0.06914024886756137,True,False,False
8827969,4,4142.761965,16695.52173,67613.96212,1,661,0.06127080613390919,False,False,False
1789517,3,2034.852272,5542.569473,28349.25951,2,486,0.07177796906061057,False,False,False
6278210,5,1724.449812,9110.818031,33134.64555,3,620,0.05204370782834585,True,False,False
6683873,5,5761.369522,21578.27967,75066.29165,3,614,0.07675042146563797,True,False,False
1432999,4,6106.171911,20274.79959,85725.71008,2,490,0.07122917856616955,False,False,False
2351966,5,6239.926645,28163.31061,91406.64924,3,661,0.06826556598323896,True,False,False
2463021,5,6636.529927,29125.19145,87449.81965,2,494,0.07588957820109123,False,False,False
4709666,4,5082.151487,25162.53098,117119.2917,5,693,0.04339294930179295,True,False,False
5365527,4,3750.87438,11803.95986,50998.41186,4,691,0.07354884678167702,True,False,False
5464701,5,4690.734695,19050.75554,69836.10034,3,589,0.06716776383794285,True,False,False
8620904,5,2789.327409,17510.5147,53327.03547,4,685,0.052306065477222746,True,False,False
3769733,5,4764.435819,17874.86079,70500.97312,4,528,0.06757971710391053,True,False,False
7028158,5,4498.899774,20469.41522,61989.51099,2,616,0.07257517767361889,False,False,False
4449818,5,3055.471499,17082.42083,65207.42729,3,608,0.04685772198021647,True,False,False
3062284,5,3422.112241,14209.23493,56296.12052,5,616,0.060787709870420745,True,False,False
5123106,4,4197.826085,21487.05556,87887.06095,6,680,0.04776386921606348,False,True,False
2309060,4,1703.316735,5331.418423,22888.78618,4,622,0.07441708448866292,True,False,False
6689764,5,3237.311883,16702.21036,56359.98034,4,651,0.057439904405048266,True,False,False
6615691,5,4031.462782,22986.02165,76205.73572,4,620,0.05290235366026331,True,False,False
4972580,5,6239.887461,22242.7118,72296.38158,4,664,0.08630981695944513,True,False,False
1648023,5,2911.117016,13437.47174,44683.04084,5,534,0.06515037833759033,True,False,False
7726218,5,6073.905476,28829.21096,100031.5932,6,626,0.060719871409585825,False,True,False
2861058,4,3986.093951,15907.47316,64933.70364,1,603,0.0613871337618345,False,False,False
6733204,5,4720.508454,27947.97458,92090.59824,3,584,0.05125939611878451,True,False,False
2802445,5,6540.392701,23367.12711,80466.548,2,695,0.081280890799491,False,False,False
8784730,5,3021.175982,14112.91831,47595.36118,3,629,0.06347626968464998,True,False,False
3357507,5,5444.327706,20459.78577,75997.3575,2,552,0.07163838171610112,False,False,False
4658741,5,4441.486094,22838.88517,81900.15244,3,610,0.05423049849942379,True,False,False
3419976,5,3754.042918,16260.21815,54752.97836,2,566,0.06856326414459547,False,False,False
5876876,5,3925.108854,17158.34471,70513.1836,5,592,0.05566489347957904,True,False,False
7534908,5,1467.170646,9236.634801,25676.39117,3,685,0.05714084336408714,True,False,False
4509870,5,5299.605945,24534.14902,73401.96116,3,731,0.07219978678019288,True,False,False
5935610,5,3838.979905,17987.11053,69364.65894,6,523,0.05534489700757693,False,True,False
8835093,3,6104.353215,23786.77261,111338.0614,3,703,0.05482719151242559,True,False,False
8780769,5,4290.746462,23007.19972,76738.17445,4,601,0.0559141065415324,True,False,False
3303160,5,4464.116034,24670.83117,82270.30656,3,512,0.05426157043360846,True,False,False
1930980,5,4851.063484,24022.9064,88453.08155,2,597,0.05484335196685977,False,False,False
4017729,5,3401.142697,15027.7394,48269.24573,4,627,0.07046189857667784,True,False,False
7136144,5,2353.687903,11895.465,42515.95611,3,574,0.05536010755374731,True,False,False
7343548,5,4388.660393,19275.03641,68091.41961,4,479,0.06445247313298011,True,False,False
7875536,5,4445.297537,19977.25969,70331.54033,5,678,0.06320489379505105,True,False,False
6678555,4,3130.987411,10439.08504,44104.95803,3,522,0.0709894658299032,True,False,False
7716338,5,2647.604959,18833.74441,63210.53902,4,584,0.04188549884319591,True,False,False
5171615,5,5668.377526,20796.78546,66612.36864,3,571,0.08509497022443668,True,False,False
7726218,5,6073.905476,28829.21096,100031.5932,6,626,0.060719871409585825,False,True,False
2329910,5,1585.77155,4886.516208,21514.01724,7,659,0.07370876077256504,False,True,False
2911393,5,5129.105334,18364.6733,67340.38896,3,573,0.07616685043275699,True,False,False
5166770,5,2571.326399,13281.88224,44312.05098,3,555,0.05802769996271565,True,False,False
4282770,5,6913.143477,23516.90437,90011.06472,3,618,0.07680326300444189,True,False,False
4570465,5,6163.80366,22891.73376,74879.65589,3,587,0.0823161322890529,True,False,False
3245794,3,5724.471121,15342.70813,80703.19346,3,600,0.07093239902380438,True,False,False
8440509,5,3631.216304,16593.68006,64080.68706,3,563,0.05666631352750668,True,False,False
5313867,5,2086.641806,11665.96212,43195.77406,5,598,0.04830661914060396,True,False,False
8586659,5,5861.240056,38190.69281,106031.8441,4,589,0.055278111078330285,True,False,False
3539941,4,3837.164141,11193.75899,47236.73586,3,503,0.08123262691928096,True,False,False
8678499,5,4775.099192,19690.09735,75842.65529,3,608,0.06296060144178003,True,False,False
8341778,5,4790.719413,21651.04623,75569.32526,2,581,0.06339502697049752,False,False,False
1652068,5,5335.11392,24964.75964,84623.84426,3,579,0.06304504323401201,True,False,False
7021959,4,2000.753397,9528.07391,32804.90737,1,658,0.06098945424335152,False,False,False
7403804,5,2912.381318,15066.0433,60254.55973,5,632,0.04833462116477737,True,False,False
8229723,5,2404.579441,12281.80576,39964.82678,3,566,0.0601673930488133,True,False,False
3291461,4,5453.353365,22129.53256,89062.37285,5,607,0.061230721689670316,True,False,False
2329910,5,1585.77155,4886.516208,21514.01724,7,659,0.07370876077256504,False,True,False
2297639,5,5390.487624,24713.05013,87191.32226,4,561,0.061823671029163266,True,False,False
1174998,4,1759.838321,7072.338819,29580.92988,3,549,0.05949232590520579,True,False,False
2677939,5,6236.903099,29520.05665,92466.90909,4,659,0.06745010902148238,True,False,False
6130948,5,4364.100628,26212.19911,78498.86121,3,559,0.05559444507513512,True,False,False
5123106,4,4197.826085,21487.05556,87887.06095,6,680,0.04776386921606348,False,True,False
2347193,5,2876.306886,12883.91325,49671.55447,5,617,0.05790652047616499,True,False,False
8724194,5,4194.339297,17940.14287,67188.66182,3,558,0.06242629609496814,True,False,False
2697316,5,3838.334226,16709.77387,60028.67391,4,497,0.0639416794672951,True,False,False
7548945,5,2093.614396,13697.64767,44802.78521,3,549,0.04672955902600234,True,False,False
3989584,5,2807.725778,12167.17042,48109.16047,5,611,0.05836156255004381,True,False,False
2659773,5,3752.958443,15858.8301,55150.15596,2,534,0.06804982465909966,False,False,False
8556906,5,7437.985504,22770.91444,86191.15107,4,542,0.08629639367455776,True,False,False
1617003,5,4429.521296,17380.20702,59413.46694,4,536,0.0745541629555678,True,False,False
7611968,4,3001.06638,7746.82451,39661.23823,6,529,0.07566749082810974,False,True,False
2329910,5,1585.77155,4886.516208,21514.01724,7,659,0.07370876077256504,False,True,False
6964535,4,3393.48251,12532.10918,55494.5622,5,650,0.06114982036924691,True,False,False
8072278,5,3761.656352,18695.83928,66585.63071,3,627,0.05649351537095323,True,False,False
7260202,5,4339.053991,16465.7152,65467.52026,4,510,0.0662779646115773,True,False,False
1514916,5,5059.539885,21233.54647,76312.27643,4,570,0.06630047119143449,True,False,False
1116417,4,4889.739399,15974.46354,69150.94443,6,634,0.07071110075654537,False,True,False
5154151,4,3366.33052,11027.84762,43756.00179,0,645,0.07693414348404523,False,False,False
5736580,5,4655.037497,17805.15733,61878.03605,4,665,0.07522923793571176,True,False,False
2083305,5,5282.677199,32246.04583,111230.0215,4,518,0.04749326780450186,True,False,False
1932224,5,5832.266225,23957.73284,79526.46134,4,588,0.07333742916166325,True,False,False
5389186,5,1451.28038,5328.65409,20537.41608,5,566,0.07066518856835664,True,False,False
7315232,5,4532.760586,22132.02512,91042.12095,6,521,0.04978751086532107,False,True,False
6817323,5,3709.082919,15196.14608,52576.53714,4,575,0.07054635243708635,True,False,False
4649491,3,3459.073944,11115.93533,52413.62295,3,650,0.06599570396611937,True,False,False
4658909,5,3677.062247,18433.22523,72688.97862,5,651,0.050586241777075616,True,False,False
8683187,5,4638.03974,17138.74288,57686.68647,4,504,0.08040052261299521,True,False,False
4608407,5,4766.802803,18597.93514,66830.80403,3,531,0.07132643205759139,True,False,False
4020965,4,4203.802318,19135.74474,81279.85969,5,585,0.051720098115735316,True,False,False
4775899,5,4734.965522,22441.93232,81502.55328,3,673,0.058095916403172604,True,False,False
3513892,5,4106.734829,19894.14153,72666.9164,4,556,0.0565145052584067,True,False,False
2642819,5,4220.278632,24298.11737,73091.82469,3,598,0.05773940724423308,True,False,False
7200237,5,5396.831301,33634.6884,88982.40664,5,665,0.06065054323417207,True,False,False
3898868,5,4436.068311,21327.09267,70768.28652,2,606,0.06268441033606645,False,False,False
3245794,3,5724.471121,15342.70813,80703.19346,3,600,0.07093239902380438,True,False,False
2505345,5,4864.976346,19722.4911,72277.30041,4,550,0.0673098790132303,True,False,False
8019493,4,6385.692022,26030.90423,105021.1982,5,607,0.06080383895296293,True,False,False
3677047,5,4021.130107,19783.96295,65614.6892,2,515,0.06128399228933634,False,False,False
3584871,5,6967.346468,25887.47916,89398.12274,4,506,0.07793616078788815,True,False,False
3240124,5,6434.400949,24522.88521,86123.19018,3,522,0.07471159551279873,True,False,False
3321981,5,6263.569738,24411.2371,82782.7059,4,695,0.07566278089008444,True,False,False
4465469,5,6774.331885,28778.41852,104460.9161,3,619,0.0648503970472072,True,False,False
2861058,4,3986.093951,15907.47316,64933.70364,1,603,0.0613871337618345,False,False,False
5313867,5,2086.641806,11665.96212,43195.77406,5,598,0.04830661914060396,True,False,False
5296564,5,3228.144785,13093.86632,43590.74564,4,577,0.07405573677633472,True,False,False
6733204,5,4720.508454,27947.97458,92090.59824,3,584,0.05125939611878451,True,False,False
5088122,4,3896.915628,12948.2793,56039.72255,6,605,0.06953845327344506,False,True,False
7117766,5,3628.184338,15690.00769,61497.63576,5,639,0.058997135307108595,True,False,False
7442532,5,1958.928726,8228.75252,26648.43525,2,572,0.07351008446171338,False,False,False
3181404,5,7511.183763,26239.77798,92911.59498,2,673,0.08084226478532465,False,False,False
7402593,5,4951.951681,24539.87704,81178.53836,4,606,0.06100074947198149,True,False,False
5405462,5,5699.133198,24872.89955,82491.47161,4,549,0.06908754428511281,True,False,False
8399475,5,4306.088304,20127.69145,72135.63027,3,576,0.05969433257715404,True,False,False
8621913,4,5939.575882,18902.42004,91838.75292,6,624,0.06467396053574374,False,True,False
3660028,5,4965.810848,30024.22504,85167.37624,5,659,0.05830649090335297,True,False,False
7969371,4,5696.701724,17020.33139,74774.45724,2,510,0.0761851297123504,False,False,False
4655536,3,6203.489832,18124.7868,89553.01971,3,606,0.06927169906820332,True,False,False
1467134,4,2608.798997,11177.43742,39682.19883,1,480,0.06574229941682896,False,False,False
4057478,4,6642.237034,29795.63553,110199.3165,1,596,0.060274757094341866,False,False,False
1116417,4,4889.739399,15974.46354,69150.94443,6,634,0.07071110075654537,False,True,False
6047923,5,2884.137458,18215.58482,58762.0934,5,592,0.04908159820596181,True,False,False
3125985,3,4590.852814,14624.39601,78424.67328,3,512,0.058538373473476325,True,False,False
4547037,5,3103.034567,31664.37993,78268.55336,6,550,0.03964599361799166,False,True,False
7878347,3,6207.929975,19540.27495,90127.05727,2,561,0.06887975889862313,False,False,False
5901447,5,4338.461282,17095.02406,63496.12099,3,642,0.06832639875250433,True,False,False
8300202,5,4584.176286,22821.00247,83694.22231,3,531,0.05477291214942409,True,False,False
3172950,5,2187.900434,12093.62385,45887.84816,8,774,0.04767929902424956,False,True,False
1252008,5,5176.915602,22990.26543,82417.59227,2,425,0.06281323512873838,False,False,False
2475923,3,4406.064294,13337.87777,64818.58305,2,613,0.06797532569635521,False,False,False
7534908,5,1467.170646,9236.634801,25676.39117,3,685,0.05714084336408714,True,False,False
7438434,3,5385.525601,18877.18621,83753.90928,2,591,0.0643017818188701,False,False,False
3996748,4,3912.604863,12718.19941,55012.80494,5,715,0.07112171188630179,True,False,False
7116744,5,3700.584063,15553.98053,57019.10071,5,634,0.0649007791585705,True,False,False
3908860,4,5712.890598,20247.17526,77563.26048,3,605,0.07365459577957134,True,False,False
4298803,5,2511.084626,12221.81868,42731.42714,4,578,0.05876435200193503,True,False,False
8544794,5,6867.810491,25830.03238,94237.5182,3,706,0.07287766721980588,True,False,False
7371387,5,4093.610031,20724.27502,64713.01049,5,564,0.06325791367151092,True,False,False
2384703,3,5368.330911,18675.56215,80788.58848,1,474,0.06644912371911266,False,False,False
7819041,5,3485.411903,15593.45358,43489.05051,3,603,0.08014458495014865,True,False,False
2382632,4,6088.997171,24355.93672,95303.36198,1,527,0.06389068595793938,False,False,False
3305341,5,3622.209461,16975.63408,59034.6574,3,638,0.06135733856227986,True,False,False
6923066,4,5538.716007,19790.53689,74489.40141,2,679,0.07435575937191571,False,False,False
8229723,5,2404.579441,12281.80576,39964.82678,3,566,0.0601673930488133,True,False,False
4137062,5,4279.096235,22310.53583,74128.18855,2,541,0.05772562797907463,False,False,False
2987067,5,6379.516398,20737.82872,75213.55512,2,578,0.08481870572161833,False,False,False
4795397,4,6479.263022,21111.04873,82193.08745,2,599,0.0788297802530108,False,False,False
1869686,3,2134.55906,6982.246551,33955.82279,2,622,0.0628628283638183,False,False,False
7582759,5,5592.888775,18556.51011,69034.6583,2,585,0.08101566535891727,False,False,False
6642573,5,4309.035596,27756.32333,83847.86273,5,527,0.051391120246864284,True,False,False
3873727,5,4519.705537,20797.51499,70032.74482,3,569,0.06453703262119263,True,False,False
4803997,5,4487.053001,22569.36359,73279.12118,2,595,0.06123235280044061,False,False,False
5890699,5,6226.277321,28635.373,86448.06008,4,609,0.07202333187393833,True,False,False
7129413,4,3701.44291,15413.04833,52254.06472,0,644,0.07083550207689948,False,False,False
5081181,4,4548.699424,16186.82349,72533.5565,3,543,0.06271165572861438,True,False,False
8469963,5,4424.819601,20384.26767,73983.50212,5,466,0.05980819337023296,True,False,False
8447957,5,2625.417782,12139.7497,42782.70921,2,518,0.06136632837142386,False,False,False
4299900,5,1667.735536,8230.847171,33281.87949,5,578,0.050109415740811576,True,False,False
1029111,4,2622.072029,9722.05403,39034.60158,3,612,0.06717301888239229,True,False,False
7782134,5,5135.697135,17439.63856,61662.19356,3,580,0.0832876165847513,True,False,False
5803826,4,7511.986944,24256.48061,115131.7325,6,629,0.06524688529289699,False,True,False
4187740,5,5805.394059,28826.35226,84077.12446,6,630,0.06904843732806225,False,True,False
5464701,5,4690.734695,19050.75554,69836.10034,3,589,0.06716776383794285,True,False,False
8620904,5,2789.327409,17510.5147,53327.03547,4,685,0.052306065477222746,True,False,False
7875536,5,4445.297537,19977.25969,70331.54033,5,678,0.06320489379505105,True,False,False
5020487,5,6813.173542,21534.50761,71802.4046,4,653,0.09488781858985264,True,False,False
5457127,5,3460.093408,19597.14788,52979.47258,8,645,0.0653100765164318,False,True,False
8888737,3,4922.21773,18819.00315,86808.69605,4,567,0.056701896860251254,True,False,False
4509870,5,5299.605945,24534.14902,73401.96116,3,731,0.07219978678019288,True,False,False
1065858,4,5552.339151,18749.47943,75733.99227,1,546,0.07331369949712015,False,False,False
2083305,5,5282.677199,32246.04583,111230.0215,4,518,0.04749326780450186,True,False,False
5099808,3,3311.524905,15610.45432,77575.55722,3,603,0.042687735978598235,True,False,False
3718577,5,4022.968374,14623.97896,53127.20865,3,604,0.07572331534493296,True,False,False
7312562,5,3657.948679,16115.05388,54075.95951,3,705,0.06764463750890178,True,False,False
5405462,5,5699.133198,24872.89955,82491.47161,4,549,0.06908754428511281,True,False,False
7256744,5,3012.121008,13997.58712,44827.91275,3,549,0.06719297917791187,True,False,False
3686674,5,3583.057273,19766.16806,69474.30661,3,551,0.05157384719380936,True,False,False
2023789,5,6459.888248,21361.71209,80333.12776,4,545,0.0804137524347278,True,False,False
8440509,5,3631.216304,16593.68006,64080.68706,3,563,0.05666631352750668,True,False,False
4083923,5,2771.45245,14494.81083,46682.2947,3,585,0.05936838511925165,True,False,False
1590220,5,3873.884643,14173.27461,56460.59783,5,587,0.06861217896884603,True,False,False
8352665,4,2157.722248,9427.961238,37828.68024,3,555,0.05703932133795213,True,False,False
1180505,4,3960.783143,12491.67198,56607.59775,5,678,0.06996910839587783,True,False,False
8868921,5,6522.309687,24619.36997,85180.71918,2,688,0.07657025850201327,False,False,False
6050625,5,2790.583944,14689.03537,52904.94063,2,517,0.05274713307999794,False,False,False
1997777,4,4124.109819,16398.30522,68213.56958,4,495,0.06045878912938719,True,False,False
6467769,5,4280.901448,21337.62586,71207.07966,3,536,0.060119042494657465,True,False,False
1071129,5,5062.958927,24607.28806,86530.65712,4,595,0.058510579897466046,True,False,False
7434183,4,3103.399217,13222.35757,56943.83738,5,595,0.054499298954692264,True,False,False
7878347,3,6207.929975,19540.27495,90127.05727,2,561,0.06887975889862313,False,False,False
6465413,5,5048.18284,23140.38164,86206.73017,7,671,0.058559033964575215,False,True,False
8983663,5,5833.177161,26961.84184,90210.33341,3,554,0.06466196211124278,True,False,False
4178166,5,4041.709489,18980.85885,65683.86354,3,584,0.06153276118629485,True,False,False
6006692,5,5791.212235,27264.12371,102609.1676,5,559,0.05643952066325894,True,False,False
1799300,5,6095.956446,24476.58586,82658.87095,1,692,0.07374836331465764,False,False,False
3593302,5,4354.354803,24269.10365,89592.17411,5,622,0.048601954872239006,True,False,False
6275697,5,2627.724354,14359.21732,54792.15,5,593,0.047958044245389166,True,False,False
7256744,5,3012.121008,13997.58712,44827.91275,3,549,0.06719297917791187,True,False,False
8686751,5,4349.371138,17859.14118,68328.18341,5,626,0.0636541310033344,True,False,False
4655536,3,6203.489832,18124.7868,89553.01971,3,606,0.06927169906820332,True,False,False
5566815,5,5143.597478,29144.52611,101067.9726,4,672,0.05089245728077462,True,False,False
4057478,4,6642.237034,29795.63553,110199.3165,1,596,0.060274757094341866,False,False,False
5280923,5,4644.10752,25085.58731,80772.53936,6,637,0.057496118814606,False,True,False
3321981,5,6263.569738,24411.2371,82782.7059,4,695,0.07566278089008444,True,False,False
7260202,5,4339.053991,16465.7152,65467.52026,4,510,0.0662779646115773,True,False,False
2697316,5,3838.334226,16709.77387,60028.67391,4,497,0.0639416794672951,True,False,False
6991424,3,4905.656536,14468.18815,70017.6219,2,601,0.07006316985467341,False,False,False
6683873,5,5761.369522,21578.27967,75066.29165,3,614,0.07675042146563797,True,False,False
2152630,5,6410.871096,24303.80399,90415.64207,4,564,0.0709044469433363,True,False,False
3996748,4,3912.604863,12718.19941,55012.80494,5,715,0.07112171188630179,True,False,False
5779604,5,3560.36899,22949.97561,76057.1183,6,620,0.04681177869448677,False,True,False
4009534,5,5697.361627,20331.0456,72587.37929,4,584,0.07848970003777085,True,False,False
2078988,5,4940.924258,19623.94953,72378.73862,2,552,0.06826485722472514,False,False,False
2823625,4,3814.89686,13523.1529,61407.33243,5,684,0.0621244517395168,True,False,False
3395179,5,4079.979057,17234.66352,52782.61741,3,594,0.07729777826870371,True,False,False
5475178,5,3978.718132,14444.93534,52661.61602,4,546,0.07555252635029182,True,False,False
3883491,5,6744.228462,23521.24224,95601.22208,5,485,0.07054542102355518,True,False,False
5587581,5,5462.749752,26764.32621,89125.57713,3,572,0.06129272794533431,True,False,False
8170825,4,2252.008559,7205.977999,36597.13759,6,581,0.06153510102974149,False,True,False
3906561,5,6120.837303,34761.72529,111376.1237,5,616,0.05495645834727502,True,False,False
8652813,5,6402.106191,26074.75826,91301.4002,3,576,0.0701205696405081,True,False,False
1036609,4,2814.688746,15177.89554,64925.24839,5,552,0.04335276053304291,True,False,False
3783862,5,5540.846618,18461.78652,67774.54032,5,564,0.08175410105090625,True,False,False
5273335,5,3796.964595,17739.13539,63958.8019,4,565,0.059365786759679746,True,False,False
6973402,3,3130.422313,10164.49002,51994.33389,4,545,0.06020698946971354,True,False,False
3125985,3,4590.852814,14624.39601,78424.67328,3,512,0.058538373473476325,True,False,False
8580775,5,5195.092409,21343.11585,76208.43925,5,511,0.06816951587156406,True,False,False
6951272,4,4650.045419,17065.18306,79427.61166,5,679,0.058544444706522356,True,False,False
4372380,5,2514.549741,14169.2705,50267.08601,4,597,0.05002378177441521,True,False,False
1343245,5,2473.637175,20499.48439,66415.33298,4,603,0.03724497136444229,True,False,False
1032247,5,6261.188542,27607.91575,88720.95102,3,543,0.07057170228696677,True,False,False
1337395,5,4271.31469,22756.28103,83475.30929,4,438,0.05116859974919177,True,False,False
4992785,5,3086.186142,17855.07188,54137.02325,5,654,0.057006941954459975,True,False,False
4612284,4,3976.583011,16262.24358,60513.41862,1,559,0.06571406973338173,False,False,False
8412196,5,5560.444038,23860.13808,84050.25192,2,568,0.06615618526988468,False,False,False
7065268,5,3031.641296,14133.50465,51218.90654,5,610,0.059189887109995294,True,False,False
5096484,5,7169.758135,26076.57327,105633.9476,4,492,0.06787361731618179,True,False,False
6297249,5,6007.450551,25102.32559,75834.14284,2,586,0.07921828250468822,False,False,False
7888346,5,6581.243564,25819.40446,89069.95813,3,573,0.07388847712709709,True,False,False
8064332,3,5702.34657,15067.14356,77954.83237,3,524,0.07314936607053087,True,False,False
6951272,4,4650.045419,17065.18306,79427.61166,5,679,0.058544444706522356,True,False,False
6108195,5,2647.716626,21883.18276,61588.19629,3,637,0.042990650570974856,True,False,False
6174214,5,5494.644993,31779.18646,105537.4701,3,609,0.05206345185073751,True,False,False
4249472,3,5764.576057,14235.63544,68378.67161,2,610,0.08430371519760502,False,False,False
6769476,5,6102.715859,27628.70017,98888.63099,3,569,0.06171301794659418,True,False,False
8874287,5,4929.907228,22367.60283,75571.5871,3,552,0.06523493044385195,True,False,False
7669838,5,4417.952552,18801.38978,66923.08849,4,580,0.06601537155088343,True,False,False
1241557,4,967.4597305,5199.853686,21074.52061,3,555,0.04590660676954777,True,False,False
1192025,5,4604.392115,26326.21213,91932.70891,4,592,0.0500843733377594,True,False,False
2072297,5,3164.844122,12915.3259,38509.12744,4,576,0.08218425948318502,True,False,False
3187932,5,3380.406841,17820.22804,65263.28592,5,653,0.051796454826741584,True,False,False
5392958,5,5248.734426,23068.7708,88291.48528,5,623,0.05944779849783495,True,False,False
4885953,5,4644.472768,19609.24346,62578.70296,5,545,0.07421810533479295,True,False,False
5395674,5,3997.213649,15613.51707,58942.34287,2,605,0.06781565601856097,False,False,False
7388400,5,1638.272823,9853.210742,31180.11516,2,618,0.0525422313097063,False,False,False
4765821,5,4993.661861,17091.06383,71136.19395,3,641,0.07019860894595978,True,False,False
1769732,5,3583.880809,13377.6147,48853.43577,3,662,0.07335985182030526,True,False,False
6374521,5,4302.281736,21031.34228,74601.11754,4,567,0.057670473015275954,True,False,False
5313867,5,2086.641806,11665.96212,43195.77406,5,598,0.04830661914060396,True,False,False
4002168,5,3687.063498,14737.18223,61689.46931,6,545,0.059768118274318154,False,True,False
4585484,4,5108.404937,17284.78961,70545.99578,2,563,0.07241240102316691,False,False,False
4216247,3,2904.520559,14078.96288,61566.91482,1,521,0.047176646214802165,False,False,False
7388400,5,1638.272823,9853.210742,31180.11516,2,618,0.0525422313097063,False,False,False
7349297,5,4775.527495,17532.70052,63702.51532,4,563,0.07496607427525988,True,False,False
4358774,5,6325.816155,24839.48271,83250.84105,4,601,0.07598501198565369,True,False,False
1176664,5,4751.891154,21322.31253,79101.74868,6,587,0.06007314924507431,False,True,False
2842157,5,3790.377139,20640.80879,63052.45714,4,598,0.06011466183758624,True,False,False
7136770,4,3542.45561,13317.78908,61910.36057,6,638,0.0572191080359589,False,True,False
6392390,4,3467.220432,13004.13488,51320.14669,3,519,0.06756061031827888,True,False,False
4024632,5,2669.831401,12957.55207,46830.19981,8,669,0.057010890660985206,False,True,False
1250602,5,3501.449146,20001.39471,58398.61318,4,584,0.05995774480478853,True,False,False
2950385,5,4709.774494,30246.48183,95212.95173,4,566,0.04946569146764546,True,False,False
7501010,5,4717.911867,22967.00779,90521.28125,4,520,0.05211936686987625,True,False,False
7117766,5,3628.184338,15690.00769,61497.63576,5,639,0.058997135307108595,True,False,False
5213134,4,3965.008957,25669.27773,99837.63564,6,632,0.03971457188046045,False,True,False
5542505,5,3510.385923,14419.76985,54678.57924,5,610,0.06420038654610807,True,False,False
5042679,4,6560.957333,23233.35643,103721.6351,5,717,0.06325543679170172,True,False,False
8724194,5,4194.339297,17940.14287,67188.66182,3,558,0.06242629609496814,True,False,False
7734665,3,1951.752308,7934.532645,40235.89348,4,497,0.04850774120301703,True,False,False
6999874,4,2777.129065,8076.131727,34051.42891,2,672,0.08155690242368745,False,False,False
1241557,4,967.4597305,5199.853686,21074.52061,3,555,0.04590660676954777,True,False,False
5136736,5,2510.481566,14042.38812,54161.14419,5,642,0.04635207774032811,True,False,False
5803826,4,7511.986944,24256.48061,115131.7325,6,629,0.06524688529289699,False,True,False
5101966,5,5249.686907,17721.59982,68791.7105,4,688,0.07631278345666373,True,False,False
6717133,5,5781.08226,26382.09481,83838.47345,4,611,0.06895500385569103,True,False,False
8395869,5,4012.569976,22584.14379,74608.67509,5,519,0.053781547134561236,True,False,False
8547642,4,4139.148423,12119.07236,61895.46746,6,558,0.06687320724534358,False,True,False
3819051,5,4569.270901,23135.78801,79481.48805,5,618,0.05748849213952279,True,False,False
5990565,5,5377.172319,25028.71433,90243.39901,4,549,0.05958521485215942,True,False,False
4526682,5,5184.060984,27073.16125,81958.37397,4,700,0.06325236498588382,True,False,False
3730255,5,6167.877515,38083.68216,109209.1506,4,608,0.056477662184106395,True,False,False
5813679,5,6457.312087,30285.95181,111569.8773,4,583,0.05787684134165486,True,False,False
4129215,3,4264.805627,14519.71866,77053.92249,3,542,0.05534832607066153,True,False,False
1781054,5,3034.356018,14787.33146,53430.32619,3,669,0.05679089450455028,True,False,False
1895830,5,4941.25642,21959.50939,82877.8362,3,631,0.05962096317374656,True,False,False
2103229,5,4786.569051,16639.73815,62831.787,3,468,0.07618069260070545,True,False,False
4602725,5,3961.533162,16383.19128,63491.89036,4,515,0.062394317440196634,True,False,False
1848302,5,3435.652593,14882.95288,55482.60642,5,621,0.06192305687646172,True,False,False
3419976,5,3754.042918,16260.21815,54752.97836,2,566,0.06856326414459547,False,False,False
7074350,5,5894.987356,21383.10706,77903.17818,4,554,0.0756706914110651,True,False,False
6278210,5,1724.449812,9110.818031,33134.64555,3,620,0.05204370782834585,True,False,False
2036810,5,3389.461558,17235.51007,54989.22567,4,612,0.061638648602559964,True,False,False
5457127,5,3460.093408,19597.14788,52979.47258,8,645,0.0653100765164318,False,True,False
1648517,5,5607.693243,24802.79377,92361.34217,3,647,0.06071472232049743,True,False,False
7290056,4,6447.46365,27021.65674,107155.6424,3,593,0.06016914747179006,True,False,False
1192025,5,4604.392115,26326.21213,91932.70891,4,592,0.0500843733377594,True,False,False
6295568,5,4190.806172,15748.62988,55247.51351,4,563,0.0758551092302362,True,False,False
6589111,3,4410.608133,12967.48766,62783.87218,4,584,0.07025065482350121,True,False,False
2509462,4,2372.18101,9338.682829,42111.1413,5,715,0.05633143478825637,True,False,False
2651423,4,3772.060509,15867.65075,66793.20094,4,614,0.05647371971869447,True,False,False
4775899,5,4734.965522,22441.93232,81502.55328,3,673,0.058095916403172604,True,False,False
8868921,5,6522.309687,24619.36997,85180.71918,2,688,0.07657025850201327,False,False,False
4559870,5,3095.054535,14114.55373,49798.58177,2,500,0.062151459439042586,False,False,False
7924344,5,4447.862427,19830.52592,66754.56264,2,589,0.06663008865756236,False,False,False
5166770,5,2571.326399,13281.88224,44312.05098,3,555,0.05802769996271565,True,False,False
8072278,5,3761.656352,18695.83928,66585.63071,3,627,0.05649351537095323,True,False,False
8282546,5,3211.503471,22922.66015,72288.72214,3,534,0.04442606503377319,True,False,False
1293708,5,5040.404863,23395.04103,84770.5444,4,566,0.05945939003548501,True,False,False
2795232,5,5107.650954,23236.88599,81229.39963,4,555,0.06287933897413196,True,False,False
6310444,4,3566.504854,15851.74452,64245.94632,2,600,0.05551330563699291,False,False,False
6050625,5,2790.583944,14689.03537,52904.94063,2,517,0.05274713307999794,False,False,False
1086984,4,5007.576713,17930.46384,71234.36815,3,608,0.07029720123937115,True,False,False
4024632,5,2669.831401,12957.55207,46830.19981,8,669,0.057010890660985206,False,True,False
3730255,5,6167.877515,38083.68216,109209.1506,4,608,0.056477662184106395,True,False,False
2384703,3,5368.330911,18675.56215,80788.58848,1,474,0.06644912371911266,False,False,False
4358774,5,6325.816155,24839.48271,83250.84105,4,601,0.07598501198565369,True,False,False
4726631,5,3611.806535,22685.48062,74110.21817,4,607,0.04873560791192042,True,False,False
2489621,5,3736.452803,20995.89701,75184.01719,5,597,0.049697434942289495,True,False,False
8225527,5,4806.932229,30551.75596,94088.77473,4,605,0.05108932752917782,True,False,False
1688610,5,3117.799433,17261.75435,61901.13456,4,563,0.05036740368592042,True,False,False
1793964,5,4507.196443,22431.23984,79123.75906,4,573,0.056963881602012455,True,False,False
8783597,3,6126.363508,15300.20191,78747.96457,3,607,0.07779710296580686,True,False,False
2041870,5,4644.797144,16958.8948,66063.21262,4,540,0.07030837526350985,True,False,False
7579723,4,3889.452505,14572.86442,58593.22685,2,682,0.06638058209282598,False,False,False
7651264,5,950.5581722,5623.785534,16778.47194,2,619,0.05665344112379282,False,False,False
3330128,5,4089.44767,20591.1204,66473.29366,3,572,0.061520160125009826,True,False,False
8149516,5,3400.257025,18621.81243,60940.75652,4,606,0.05579610787870803,True,False,False
3063966,4,4881.630077,19837.04438,82526.13401,5,652,0.05915253556417019,True,False,False
7568207,5,4062.562275,18103.56709,68569.47524,3,441,0.0592473875697696,True,False,False
4374080,5,6431.910903,26193.58917,95686.88392,3,616,0.06721831289205181,True,False,False
5389186,5,1451.28038,5328.65409,20537.41608,5,566,0.07066518856835664,True,False,False
3906561,5,6120.837303,34761.72529,111376.1237,5,616,0.05495645834727502,True,False,False
8470946,5,5593.882059,32487.73064,89578.59763,2,560,0.062446635770134006,False,False,False
6303004,5,5978.270054,27734.45378,87666.52906,4,580,0.06819330157246674,True,False,False
8621913,4,5939.575882,18902.42004,91838.75292,6,624,0.06467396053574374,False,True,False
1337129,3,6700.24626,17185.39962,89565.75621,2,549,0.07480812470661548,False,False,False
8625710,3,4088.075195,14197.87238,64427.12584,3,566,0.06345270166408529,True,False,False
7027060,5,2339.86487,14823.10563,42003.01513,5,613,0.05570706918915418,True,False,False
4017729,5,3401.142697,15027.7394,48269.24573,4,627,0.07046189857667784,True,False,False
6467769,5,4280.901448,21337.62586,71207.07966,3,536,0.060119042494657465,True,False,False
8938093,5,1566.135185,11697.45411,47805.08759,7,590,0.032760847515476754,False,True,False
1806610,5,4483.692944,25022.15509,82616.02268,4,502,0.054271469365777515,True,False,False
4679818,5,5655.316621,21757.68546,68111.81567,5,622,0.0830298908547654,True,False,False
6757959,4,2993.392193,15211.18394,68729.4631,6,644,0.04355326024655066,False,True,False
3584871,5,6967.346468,25887.47916,89398.12274,4,506,0.07793616078788815,True,False,False
1981425,5,3207.605597,15512.69351,57696.28541,3,614,0.05559466392344305,True,False,False
7329781,5,5585.409425,22677.36728,89415.40473,5,643,0.06246585185031349,True,False,False
3561982,5,4944.804381,16521.05326,60168.94041,4,810,0.08218200864607846,True,False,False
3357507,5,5444.327706,20459.78577,75997.3575,2,552,0.07163838171610112,False,False,False
3316265,5,6238.610615,26573.25649,90332.6506,4,562,0.06906263209993752,True,False,False
7534908,5,1467.170646,9236.634801,25676.39117,3,685,0.05714084336408714,True,False,False
1676923,4,4467.987174,22682.1544,81300.10323,1,619,0.05495672202727657,False,False,False
2175930,5,3547.421471,14248.88226,44962.97584,5,712,0.07889650105952596,True,False,False
8412196,5,5560.444038,23860.13808,84050.25192,2,568,0.06615618526988468,False,False,False
5851653,4,3100.809827,14054.89085,52521.44393,3,632,0.05903892953005491,True,False,False
6431261,5,4146.591104,18115.69147,64792.80257,3,661,0.06399771177547321,True,False,False
8783597,3,6126.363508,15300.20191,78747.96457,3,607,0.07779710296580686,True,False,False
2509462,4,2372.18101,9338.682829,42111.1413,5,715,0.05633143478825637,True,False,False
6465270,5,965.6618318,4848.810896,16286.78164,6,675,0.05929113886001605,False,True,False
2083305,5,5282.677199,32246.04583,111230.0215,4,518,0.04749326780450186,True,False,False
1981615,5,5072.574662,23510.93461,77493.19072,4,671,0.06545832756233166,True,False,False
7998914,5,4661.431296,21156.68926,68748.36617,4,600,0.06780424838712934,True,False,False
8801442,5,3476.48736,18323.43662,55574.80207,4,607,0.06255510106218899,True,False,False
1309122,5,5749.201704,24064.85245,84303.4399,5,707,0.06819652567937504,True,False,False
2592025,5,7595.629034,32128.76588,118629.7689,4,646,0.0640280184681368,True,False,False
5851653,4,3100.809827,14054.89085,52521.44393,3,632,0.05903892953005491,True,False,False
4390609,5,4678.767428,25846.28487,86032.93789,3,565,0.05438344362925487,True,False,False
7294591,3,3829.508886,18915.57846,86756.53084,3,590,0.0441408715738362,True,False,False
5496799,5,3845.516135,18188.03893,75952.95813,6,532,0.050630235209773784,False,True,False
2756206,5,4664.365881,14413.32491,56995.77402,4,731,0.08183704776714251,True,False,False
4800569,4,6361.664916,23782.18042,94825.56781,3,511,0.06708807616893721,True,False,False
4005271,5,5032.174207,17728.41032,58015.46655,4,550,0.08673849416798321,True,False,False
7875536,5,4445.297537,19977.25969,70331.54033,5,678,0.06320489379505105,True,False,False
1927577,5,3270.06489,11193.20372,41546.03419,3,639,0.07870943529881114,True,False,False
6610306,5,5390.873161,30441.76235,91844.02459,2,584,0.058695959645337234,False,False,False
4612284,4,3976.583011,16262.24358,60513.41862,1,559,0.06571406973338173,False,False,False
8651006,5,4713.502539,21925.40346,75485.17898,2,624,0.062442755024120104,False,False,False
1811116,4,6250.453205,21686.54077,90311.61507,5,690,0.06920984859096264,True,False,False
7992322,5,2109.723734,11299.77189,41919.88978,5,713,0.050327511476581946,True,False,False
2514479,3,7691.910066,25000.34931,109820.2037,3,654,0.07004093788618607,True,False,False
5193058,5,3273.345444,26247.16403,74595.9267,3,569,0.043881021240801885,True,False,False
3021630,5,4052.155636,13700.13638,55385.46262,4,654,0.07316280201181788,True,False,False
8968408,3,4457.427041,17820.97975,88750.6181,2,661,0.050224180252779554,False,False,False
6465413,5,5048.18284,23140.38164,86206.73017,7,671,0.058559033964575215,False,True,False
6775457,5,3872.925283,21183.15095,73404.98195,4,568,0.05276106852853739,True,False,False
7438434,3,5385.525601,18877.18621,83753.90928,2,591,0.0643017818188701,False,False,False
8153230,5,5582.223236,26309.82673,96638.99202,5,575,0.05776367405451338,True,False,False
3827563,5,4331.338868,20476.12999,62726.36572,4,699,0.06905132822989254,True,False,False
5652610,5,4678.661225,25987.44629,87816.59481,3,713,0.05327764342403338,True,False,False
8300060,5,5673.6615,26857.78467,96534.11663,4,480,0.05877364084395413,True,False,False
4358774,5,6325.816155,24839.48271,83250.84105,4,601,0.07598501198565369,True,False,False
5042679,4,6560.957333,23233.35643,103721.6351,5,717,0.06325543679170172,True,False,False
6326943,5,3677.861168,22750.09446,80646.75061,5,607,0.04560457972802631,True,False,False
6791445,4,4291.396211,17103.99241,70412.5713,6,639,0.0609464493593916,False,True,False
4799201,4,4795.816198,19631.45918,82970.23622,4,666,0.05780164570441427,True,False,False
4803997,5,4487.053001,22569.36359,73279.12118,2,595,0.06123235280044061,False,False,False
6533715,5,3697.064738,19495.00799,62391.16654,6,667,0.05925622076051024,False,True,False
7992322,5,2109.723734,11299.77189,41919.88978,5,713,0.050327511476581946,True,False,False
8633630,5,7880.378251,35666.00602,110619.2778,4,594,0.07123874253859937,True,False,False
2172002,4,7495.15504,24956.61029,99918.94243,1,496,0.0750123535910207,False,False,False
1975003,5,3368.903488,16223.71788,60476.01784,3,558,0.05570643716841658,True,False,False
5969097,4,2797.025357,13455.74776,54976.00215,1,675,0.05087720546445737,False,False,False
7312562,5,3657.948679,16115.05388,54075.95951,3,705,0.06764463750890178,True,False,False
7534908,5,1467.170646,9236.634801,25676.39117,3,685,0.05714084336408714,True,False,False
4042929,5,4512.258695,21191.77662,77639.72125,3,627,0.0581179146750221,True,False,False
8619364,5,7072.879252,30111.33242,93213.6932,2,674,0.07587811413956506,False,False,False
6513386,5,3849.738554,15514.29884,52718.45681,3,638,0.07302449250126296,True,False,False
8977208,4,4300.956791,15595.16789,65513.85538,3,564,0.06564957543794608,True,False,False
6186461,4,3746.455788,17706.46722,75444.0926,6,541,0.049658703006257646,False,True,False
6326943,5,3677.861168,22750.09446,80646.75061,5,607,0.04560457972802631,True,False,False
6108195,5,2647.716626,21883.18276,61588.19629,3,637,0.042990650570974856,True,False,False
2466082,5,5118.924546,32914.55355,102522.6117,5,558,0.04992971268600642,True,False,False
7286766,5,6380.9341,28966.19979,100727.3454,2,597,0.06334857803172086,False,False,False
2895764,5,4449.927899,20251.46061,75616.40081,5,662,0.05884871339196976,True,False,False
4042929,5,4512.258695,21191.77662,77639.72125,3,627,0.0581179146750221,True,False,False
2283883,3,1629.960413,5889.843826,25711.76734,2,668,0.06339355795524246,False,False,False
5563628,5,2166.900899,8691.723981,31318.19872,4,529,0.06918983171328444,True,False,False
5138522,5,7605.778714,32759.36273,106602.888,4,627,0.07134683550036655,True,False,False
7008026,4,3419.687976,14145.49958,60625.07063,3,578,0.056407158630307395,True,False,False
6177085,2,5435.881905,16593.23992,90808.05049,1,547,0.05986123340021062,False,False,False
4137062,5,4279.096235,22310.53583,74128.18855,2,541,0.05772562797907463,False,False,False
7651264,5,950.5581722,5623.785534,16778.47194,2,619,0.05665344112379282,False,False,False
7827718,5,2176.375804,9540.89409,29076.3424,2,527,0.07485039810234177,False,False,False
1964105,4,5772.302578,22729.12042,82036.95441,1,599,0.07036222418925363,False,False,False
5248789,5,5655.356182,20977.58159,80425.95805,3,600,0.07031754820358029,True,False,False
7117713,5,4994.791798,17122.52063,64268.63935,3,498,0.07771740383048892,True,False,False
8852480,5,4505.38551,17793.88953,59826.45562,4,517,0.07530757861734079,True,False,False
6865674,4,5493.456733,18074.77887,74984.32424,2,593,0.07326140214876463,False,False,False
4457453,4,4473.086801,17921.78682,75332.02695,1,695,0.0593782881213181,False,False,False
5743959,4,5013.676534,18072.97254,69523.11918,1,527,0.07211524156474132,False,False,False
5802906,5,7600.863137,27092.91555,95113.3953,3,675,0.0799136978868843,True,False,False
5171615,5,5668.377526,20796.78546,66612.36864,3,571,0.08509497022443668,True,False,False
6470633,4,5628.221523,17517.07381,75739.70912,5,659,0.07431004935710532,True,False,False
2446131,4,4833.923863,19364.16449,78988.28364,5,687,0.06119798583080087,True,False,False
2174944,4,4702.508883,20968.52533,87256.06841,6,684,0.05389320156970387,False,True,False
7901970,5,6350.219165,33119.39403,102269.8474,3,514,0.06209278029097754,True,False,False
1337129,3,6700.24626,17185.39962,89565.75621,2,549,0.07480812470661548,False,False,False
3416607,5,2536.548133,11442.74957,37990.83557,3,710,0.06676736889153921,True,False,False
8241068,5,3101.142819,22145.00313,77484.67239,6,586,0.04002266155803256,False,True,False
5138522,5,7605.778714,32759.36273,106602.888,4,627,0.07134683550036655,True,False,False
1729821,5,4611.226168,25172.40934,87306.38652,5,611,0.05281659626290533,True,False,False
3088254,5,3857.227759,16270.0729,61828.35392,4,541,0.062386065849187655,True,False,False
8619236,4,5344.280514,16625.41606,82439.8231,5,645,0.06482644325324857,True,False,False
8802166,5,4501.04592,27843.73152,96096.38063,2,582,0.0468388704183395,False,False,False
6616368,5,2107.090963,11575.80811,44493.31568,3,539,0.04735747225840374,True,False,False
7332941,5,3933.413055,17365.53469,62481.77904,6,600,0.06295296189440895,False,True,False
1964105,4,5772.302578,22729.12042,82036.95441,1,599,0.07036222418925363,False,False,False
8633630,5,7880.378251,35666.00602,110619.2778,4,594,0.07123874253859937,True,False,False
8699119,4,6474.593048,19127.43288,80621.09062,1,515,0.08030892410668805,False,False,False
1065858,4,5552.339151,18749.47943,75733.99227,1,546,0.07331369949712015,False,False,False
4260463,4,5713.43439,21401.27554,81627.55137,3,533,0.06999394559935089,True,False,False
2329910,5,1585.77155,4886.516208,21514.01724,7,659,0.07370876077256504,False,True,False
6157630,4,4042.860846,23300.21687,83003.13943,0,563,0.04870732449113582,False,False,False
5232755,5,5144.856965,34799.97444,111535.6084,3,630,0.04612748375881007,True,False,False
4559870,5,3095.054535,14114.55373,49798.58177,2,500,0.062151459439042586,False,False,False
1343245,5,2473.637175,20499.48439,66415.33298,4,603,0.03724497136444229,True,False,False
7265245,5,4084.822615,21492.1114,68657.0797,4,636,0.05949601458216406,True,False,False
8258474,5,4327.131554,28223.46064,82012.12086,4,594,0.052762097951188136,True,False,False
5893654,4,1062.107526,6355.676575,28769.38458,6,647,0.03691797866049452,False,True,False
3291461,4,5453.353365,22129.53256,89062.37285,5,607,0.061230721689670316,True,False,False
3137696,5,3123.349544,15389.64674,51230.56398,8,667,0.06096652664646305,False,True,False
8300202,5,4584.176286,22821.00247,83694.22231,3,531,0.05477291214942409,True,False,False
7398971,4,3532.793222,13415.88896,57680.31135,4,649,0.06124781817773595,True,False,False
5496799,5,3845.516135,18188.03893,75952.95813,6,532,0.050630235209773784,False,True,False
8147812,4,2856.581126,11811.44214,47521.30673,3,581,0.06011158620342931,True,False,False
1657469,5,1611.483787,7700.811384,27939.19084,2,547,0.05767825547377234,False,False,False
6053019,4,5355.534947,19208.84945,74273.67604,3,558,0.07210542459371182,True,False,False
4202352,5,3189.327566,15784.919,58164.72593,2,637,0.054832675904607324,False,False,False
2153091,5,4002.302733,25450.67245,83810.59528,5,698,0.04775413800163144,True,False,False
2917216,5,5664.170991,25751.77904,90116.92332,5,659,0.06285357713430645,True,False,False
5964237,5,3915.376897,20359.15345,83574.78422,5,516,0.04684878260281555,True,False,False
8260988,5,3253.682056,16171.5703,60379.36713,4,499,0.05388731632437699,True,False,False
8309256,5,5531.375206,16325.28469,62328.87836,2,638,0.08874498228657038,False,False,False
5042679,4,6560.957333,23233.35643,103721.6351,5,717,0.06325543679170172,True,False,False
3883491,5,6744.228462,23521.24224,95601.22208,5,485,0.07054542102355518,True,False,False
2566409,4,4126.564756,21891.28845,80933.65665,1,512,0.05098700499651772,False,False,False
6393811,4,4857.797385,20463.84157,72367.55886,2,551,0.06712672724525283,False,False,False
8440509,5,3631.216304,16593.68006,64080.68706,3,563,0.05666631352750668,True,False,False
5851653,4,3100.809827,14054.89085,52521.44393,3,632,0.05903892953005491,True,False,False
4956779,5,2747.70401,13073.86428,44034.81776,3,647,0.06239844172798956,True,False,False
1656393,3,4373.749145,13796.12381,67954.1625,2,587,0.06436322638808181,False,False,False
7285079,5,3842.814785,27507.95962,96788.70176,6,570,0.03970313388982892,False,True,False
1652068,5,5335.11392,24964.75964,84623.84426,3,579,0.06304504323401201,True,False,False
7584220,3,7303.442763,17645.24259,101841.2716,4,501,0.07171397851045686,True,False,False
6558483,4,3945.25448,14454.64194,60648.88659,3,561,0.06505073220339229,True,False,False
7046407,5,4825.414614,17121.32402,58158.63499,3,575,0.08296987394614229,True,False,False
6615691,5,4031.462782,22986.02165,76205.73572,4,620,0.05290235366026331,True,False,False
1548144,5,6034.801727,24343.61112,88787.26103,6,632,0.06796922956054387,False,True,False
4874526,4,5922.714647,20295.44187,95176.06352,4,636,0.06222903562044693,True,False,False
1657469,5,1611.483787,7700.811384,27939.19084,2,547,0.05767825547377234,False,False,False
5395674,5,3997.213649,15613.51707,58942.34287,2,605,0.06781565601856097,False,False,False
5779604,5,3560.36899,22949.97561,76057.1183,6,620,0.04681177869448677,False,True,False
5587581,5,5462.749752,26764.32621,89125.57713,3,572,0.06129272794533431,True,False,False
4602540,5,4527.102974,26439.3957,81110.29293,4,673,0.05581416131620918,True,False,False
2329910,5,1585.77155,4886.516208,21514.01724,7,659,0.07370876077256504,False,True,False
4076817,3,3861.633284,9563.815184,47884.63833,3,563,0.08064451186594145,True,False,False
3747877,4,3336.450363,13465.5865,51250.14974,3,556,0.06510128028749833,True,False,False
7619767,5,5143.790267,25893.10985,81037.07696,4,634,0.06347452869677149,True,False,False
8225527,5,4806.932229,30551.75596,94088.77473,4,605,0.05108932752917782,True,False,False
1343245,5,2473.637175,20499.48439,66415.33298,4,603,0.03724497136444229,True,False,False
1513094,4,3504.961541,13380.91761,54919.41526,2,611,0.06382008119363214,False,False,False
2172002,4,7495.15504,24956.61029,99918.94243,1,496,0.0750123535910207,False,False,False
5395674,5,3997.213649,15613.51707,58942.34287,2,605,0.06781565601856097,False,False,False
5302363,5,6709.024905,25794.90681,90494.90196,2,682,0.07413704816173493,False,False,False
1122593,5,7749.000879,35084.58138,104334.5965,1,498,0.07427067472293335,False,False,False
5138522,5,7605.778714,32759.36273,106602.888,4,627,0.07134683550036655,True,False,False
2895764,5,4449.927899,20251.46061,75616.40081,5,662,0.05884871339196976,True,False,False
8470946,5,5593.882059,32487.73064,89578.59763,2,560,0.062446635770134006,False,False,False
4887815,5,5357.096944,21218.0669,74495.72041,4,546,0.07191147242440635,True,False,False
5150971,4,1750.854887,7792.681291,37608.07056,4,657,0.04655529680010258,True,False,False
8674531,5,6067.671938,23820.46338,85105.42619,3,672,0.07129594679960559,True,False,False
2824567,5,2747.369074,13486.13923,51046.54633,3,594,0.05382086098908859,True,False,False
3419976,5,3754.042918,16260.21815,54752.97836,2,566,0.06856326414459547,False,False,False
4057478,4,6642.237034,29795.63553,110199.3165,1,596,0.060274757094341866,False,False,False
4374080,5,6431.910903,26193.58917,95686.88392,3,616,0.06721831289205181,True,False,False
3176388,5,4328.238888,14742.82055,50924.58683,2,578,0.0849931076014191,False,False,False
2153091,5,4002.302733,25450.67245,83810.59528,5,698,0.04775413800163144,True,False,False
8333955,3,6011.557148,14398.70471,72540.30536,3,568,0.08287195812267532,True,False,False
5440309,5,4854.454453,21002.15478,89538.58671,5,628,0.054216339919712364,True,False,False
3258315,2,3672.296309,10722.89407,56665.90111,1,604,0.06480610450138838,False,False,False
4190772,5,3076.667036,14208.61977,56658.2276,5,558,0.05430221110552353,True,False,False
6691884,5,4578.998541,29139.27251,83408.55162,5,578,0.054898430101764664,True,False,False
8586659,5,5861.240056,38190.69281,106031.8441,4,589,0.055278111078330285,True,False,False
3088254,5,3857.227759,16270.0729,61828.35392,4,541,0.062386065849187655,True,False,False
4450661,5,2425.416528,14440.85036,48876.55168,6,645,0.04962331516100934,False,True,False
2514479,3,7691.910066,25000.34931,109820.2037,3,654,0.07004093788618607,True,False,False
3137696,5,3123.349544,15389.64674,51230.56398,8,667,0.06096652664646305,False,True,False
5201937,4,4259.647669,19342.44415,88285.75856,4,623,0.048248412184226694,True,False,False
1889339,4,4488.273652,17904.25119,67633.18288,2,492,0.06636200546650955,False,False,False
7273820,5,4142.745291,21820.94088,75350.08916,4,550,0.0549799653481923,True,False,False
8399475,5,4306.088304,20127.69145,72135.63027,3,576,0.05969433257715404,True,False,False
4096418,5,4354.588613,19350.89309,63421.05751,2,610,0.06866155791100431,False,False,False
5355296,4,5556.205353,17169.30001,73954.03283,1,535,0.07513052554919067,False,False,False
7625297,4,4333.839005,13402.2945,55821.05876,2,642,0.07763806529777831,False,False,False
3245794,3,5724.471121,15342.70813,80703.19346,3,600,0.07093239902380438,True,False,False
7910492,5,6318.785461,21009.61737,77943.05991,3,555,0.08106925065934328,True,False,False
5368851,4,6027.062467,17653.62524,80492.5566,5,639,0.07487726470101957,True,False,False
4416682,5,7715.114663,34023.17952,125697.8937,4,506,0.06137823344449566,True,False,False
7766631,5,3489.452828,19686.2848,68344.72099,3,638,0.0510566548147964,True,False,False
3323417,5,5059.130214,20711.10541,62438.97546,3,659,0.08102519582886185,True,False,False
1617003,5,4429.521296,17380.20702,59413.46694,4,536,0.0745541629555678,True,False,False
7391158,5,2555.95912,14254.51056,54949.7268,5,527,0.04651450096017584,True,False,False
1915957,5,6185.039553,25762.87987,87516.22794,4,519,0.07067305914099022,True,False,False
7992322,5,2109.723734,11299.77189,41919.88978,5,713,0.050327511476581946,True,False,False
5313867,5,2086.641806,11665.96212,43195.77406,5,598,0.04830661914060396,True,False,False
4283265,4,7023.706494,23030.02902,107029.6982,5,613,0.06562390263752048,True,False,False
5743959,4,5013.676534,18072.97254,69523.11918,1,527,0.07211524156474132,False,False,False
8399475,5,4306.088304,20127.69145,72135.63027,3,576,0.05969433257715404,True,False,False
7315232,5,4532.760586,22132.02512,91042.12095,6,521,0.04978751086532107,False,True,False
4608407,5,4766.802803,18597.93514,66830.80403,3,531,0.07132643205759139,True,False,False
4376993,4,6795.734395,21365.64864,107984.377,6,606,0.06293257028282898,False,True,False
5096484,5,7169.758135,26076.57327,105633.9476,4,492,0.06787361731618179,True,False,False
7619767,5,5143.790267,25893.10985,81037.07696,4,634,0.06347452869677149,True,False,False
3677047,5,4021.130107,19783.96295,65614.6892,2,515,0.06128399228933634,False,False,False
7625297,4,4333.839005,13402.2945,55821.05876,2,642,0.07763806529777831,False,False,False
2309060,4,1703.316735,5331.418423,22888.78618,4,622,0.07441708448866292,True,False,False
6513386,5,3849.738554,15514.29884,52718.45681,3,638,0.07302449250126296,True,False,False
7722364,5,3831.805886,18052.60911,62880.40132,4,470,0.06093799984672236,True,False,False
2454364,5,6731.216063,24140.3798,87610.27325,2,514,0.07683135565383024,False,False,False
7296980,3,4971.913843,16488.61892,74186.62943,1,492,0.06701900168805122,False,False,False
5984706,4,3182.230359,10533.4897,40152.78242,2,483,0.07925304716653805,False,False,False
2153091,5,4002.302733,25450.67245,83810.59528,5,698,0.04775413800163144,True,False,False
3629840,5,7110.394705,28424.25661,97049.56685,4,634,0.07326559958778424,True,False,False
5155618,4,4581.016397,18738.02684,76279.74665,2,701,0.06005547472541324,False,False,False
6989720,5,2761.211689,14467.01803,52818.65598,3,611,0.05227720466884928,True,False,False
7849921,5,4672.297218,17996.82888,67617.51018,4,597,0.06909892431061412,True,False,False
2654263,4,664.2622431,2514.854582,11561.00105,6,552,0.057457156194964616,False,True,False
6297543,5,3547.245298,17032.43552,76662.61236,7,657,0.04627086383832694,False,True,False
5509547,3,3379.968964,10929.70554,51631.14458,3,634,0.06546376206638028,True,False,False
4499480,4,3644.461408,10497.58079,47622.00088,5,628,0.07652894335925686,True,False,False
3826881,5,2958.200911,12752.72402,41682.45011,7,608,0.07096993826402495,False,True,False
7117713,5,4994.791798,17122.52063,64268.63935,3,498,0.07771740383048892,True,False,False
5165627,5,4610.353595,19974.31607,70825.70058,4,568,0.06509435921205538,True,False,False
1900307,4,4612.561768,21024.34476,82358.77443,3,631,0.056005711594462826,True,False,False
1277110,3,5747.330017,21102.37213,86851.76948,0,600,0.0661740117836457,False,False,False
3621088,5,2150.331087,12702.64336,41578.21862,5,630,0.05171773006084598,True,False,False
4512115,5,6383.483031,33554.64978,95897.73625,5,609,0.06656552365697788,True,False,False
4009534,5,5697.361627,20331.0456,72587.37929,4,584,0.07848970003777085,True,False,False
5123106,4,4197.826085,21487.05556,87887.06095,6,680,0.04776386921606348,False,True,False
8310241,4,2828.626419,12902.92986,50941.42571,1,491,0.05552703677951302,False,False,False
6470633,4,5628.221523,17517.07381,75739.70912,5,659,0.07431004935710532,True,False,False
6513386,5,3849.738554,15514.29884,52718.45681,3,638,0.07302449250126296,True,False,False
1277110,3,5747.330017,21102.37213,86851.76948,0,600,0.0661740117836457,False,False,False
1293708,5,5040.404863,23395.04103,84770.5444,4,566,0.05945939003548501,True,False,False
7828768,5,6080.41614,21764.08826,82920.58215,3,609,0.07332818924257878,True,False,False
5213134,4,3965.008957,25669.27773,99837.63564,6,632,0.03971457188046045,False,True,False
5645415,5,4010.525435,16381.38226,55097.97351,2,514,0.07278898259791915,False,False,False
2842157,5,3790.377139,20640.80879,63052.45714,4,598,0.06011466183758624,True,False,False
8234115,3,4819.310067,16440.51044,79131.75623,3,558,0.06090235193305276,True,False,False
6733204,5,4720.508454,27947.97458,92090.59824,3,584,0.05125939611878451,True,False,False
2659773,5,3752.958443,15858.8301,55150.15596,2,534,0.06804982465909966,False,False,False
3584871,5,6967.346468,25887.47916,89398.12274,4,506,0.07793616078788815,True,False,False
1994796,5,5225.178116,26431.04701,94340.07176,5,687,0.05538662435293445,True,False,False
2061755,5,3313.054879,21685.07945,61703.45142,4,580,0.05369318575793859,True,False,False
4616950,4,3302.172238,13067.57021,50352.16821,3,545,0.0655815301583018,True,False,False
1934140,3,6552.815028,22009.50846,99488.21807,3,546,0.06586523665937441,True,False,False
1703171,5,4847.608936,22996.1936,83391.95042,5,615,0.05813041800299938,True,False,False
1813676,4,4664.328952,15093.83018,74753.57733,5,663,0.06239606342060794,True,False,False
5165627,5,4610.353595,19974.31607,70825.70058,4,568,0.06509435921205538,True,False,False
6665484,5,4292.117412,18305.70227,59670.69209,3,569,0.0719300759161012,True,False,False
1223271,5,5775.321503,31322.85303,94402.41559,4,611,0.061177687741411746,True,False,False
5392958,5,5248.734426,23068.7708,88291.48528,5,623,0.05944779849783495,True,False,False
2795232,5,5107.650954,23236.88599,81229.39963,4,555,0.06287933897413196,True,False,False
4222389,5,4973.534646,25252.5309,90710.96485,5,551,0.05482837333087853,True,False,False
6691884,5,4578.998541,29139.27251,83408.55162,5,578,0.054898430101764664,True,False,False
8784730,5,3021.175982,14112.91831,47595.36118,3,629,0.06347626968464998,True,False,False
6397127,5,4131.401288,27337.08666,93366.3833,4,516,0.044249344806740525,True,False,False
1980426,3,1458.277928,5495.241963,26883.77073,4,579,0.05424380168413971,True,False,False
2886026,5,3177.356106,15483.49705,51731.74738,3,577,0.06141984887269432,True,False,False
5978905,5,3712.930286,18775.52882,62711.06685,4,600,0.05920693862346562,True,False,False
4053452,4,4852.106397,16552.88405,69088.24481,2,585,0.07023056397428834,False,False,False
3930594,5,4378.695488,22645.16697,84317.80841,4,713,0.051930850321777244,True,False,False
4222389,5,4973.534646,25252.5309,90710.96485,5,551,0.05482837333087853,True,False,False
8470946,5,5593.882059,32487.73064,89578.59763,2,560,0.062446635770134006,False,False,False
7011861,5,4298.185249,21531.26415,65807.6293,3,593,0.06531439127529853,True,False,False
7242220,5,3005.023314,11971.4572,45713.05407,5,622,0.06573665608511814,True,False,False
1306908,5,4722.716341,20688.09591,82014.08411,5,601,0.05758421120286776,True,False,False
4187740,5,5805.394059,28826.35226,84077.12446,6,630,0.06904843732806225,False,True,False
7506443,5,3082.366603,13886.47219,50908.7691,6,586,0.06054686957654217,False,True,False
5810372,3,6579.413057,18302.42126,86669.32695,2,545,0.07591397428060909,False,False,False
5475178,5,3978.718132,14444.93534,52661.61602,4,546,0.07555252635029182,True,False,False
7838820,5,3424.181288,17958.7509,62475.97969,3,613,0.054807964676832105,True,False,False
6891512,4,5595.930322,19289.0741,75337.18447,0,533,0.07427846370112696,False,False,False
2193028,5,7607.008155,25712.93271,93765.18498,2,571,0.08112827971941361,False,False,False
3357227,5,5060.519731,19332.98036,67919.31128,2,519,0.07450781869883533,False,False,False
6135719,4,4009.854911,20500.4286,77893.85171,1,631,0.051478452059717766,False,False,False
3350787,3,5723.662357,16949.28631,76539.40399,3,528,0.07478059742597166,True,False,False
6078487,5,4671.814888,15355.88447,54367.11999,4,599,0.08593088780239433,True,False,False
7300819,4,5483.058105,16412.02894,72233.7962,4,636,0.07590710157082953,True,False,False
3419976,5,3754.042918,16260.21815,54752.97836,2,566,0.06856326414459547,False,False,False
7749882,5,6186.874279,25997.55454,93188.26966,2,587,0.0663911273551165,False,False,False
2466082,5,5118.924546,32914.55355,102522.6117,5,558,0.04992971268600642,True,False,False
1122593,5,7749.000879,35084.58138,104334.5965,1,498,0.07427067472293335,False,False,False
4190772,5,3076.667036,14208.61977,56658.2276,5,558,0.05430221110552353,True,False,False
5935610,5,3838.979905,17987.11053,69364.65894,6,523,0.05534489700757693,False,True,False
6872087,5,4081.106202,18039.93783,63401.39518,3,635,0.06436934377253872,True,False,False
7992322,5,2109.723734,11299.77189,41919.88978,5,713,0.050327511476581946,True,False,False
7501010,5,4717.911867,22967.00779,90521.28125,4,520,0.05211936686987625,True,False,False
2174944,4,4702.508883,20968.52533,87256.06841,6,684,0.05389320156970387,False,True,False
3881789,5,5902.970796,24083.86233,86570.66137,3,557,0.06818673558205715,True,False,False
6610703,3,4119.426483,14755.40981,64783.35742,4,636,0.06358772757474045,True,False,False
7581099,5,3384.162868,16663.46241,59178.16504,6,549,0.05718600544157731,False,True,False
1241557,4,967.4597305,5199.853686,21074.52061,3,555,0.04590660676954777,True,False,False
7992322,5,2109.723734,11299.77189,41919.88978,5,713,0.050327511476581946,True,False,False
6027561,5,4464.588116,25624.65776,76172.05544,4,574,0.05861188975682445,True,False,False
7471902,5,4217.35898,20713.61568,76139.95873,4,548,0.05538956220025259,True,False,False
3284994,4,4222.58964,13351.16641,59145.20064,5,663,0.07139361426300168,True,False,False
4612284,4,3976.583011,16262.24358,60513.41862,1,559,0.06571406973338173,False,False,False
5709820,5,6467.857553,26102.76303,86373.05916,4,590,0.07488281202381346,True,False,False
2516793,5,4333.953204,26978.74516,85593.38719,4,643,0.05063420605588959,True,False,False
7171578,5,4194.143448,28855.83542,93350.79585,3,649,0.044928845113857696,True,False,False
5201032,5,7024.41041,26596.32318,92471.08498,3,539,0.07596331773893716,True,False,False
8651006,5,4713.502539,21925.40346,75485.17898,2,624,0.062442755024120104,False,False,False
4054508,5,4044.491136,16706.19472,63815.09517,3,635,0.06337828260266151,True,False,False
6343028,5,7528.756613,26674.29133,109983.3943,5,584,0.06845357575038943,True,False,False
7438349,5,6080.564782,25508.26313,93441.25513,3,656,0.06507366337856255,True,False,False
4083923,5,2771.45245,14494.81083,46682.2947,3,585,0.05936838511925165,True,False,False
1656393,3,4373.749145,13796.12381,67954.1625,2,587,0.06436322638808181,False,False,False
1939722,5,3856.004879,15893.48182,56810.17836,4,473,0.06787524683631357,True,False,False
6269334,5,2954.342619,10798.86446,36537.6526,2,687,0.08085748286412904,False,False,False
6951272,4,4650.045419,17065.18306,79427.61166,5,679,0.058544444706522356,True,False,False
1252008,5,5176.915602,22990.26543,82417.59227,2,425,0.06281323512873838,False,False,False
5302363,5,6709.024905,25794.90681,90494.90196,2,682,0.07413704816173493,False,False,False
8835093,3,6104.353215,23786.77261,111338.0614,3,703,0.05482719151242559,True,False,False
4096418,5,4354.588613,19350.89309,63421.05751,2,610,0.06866155791100431,False,False,False
6347377,3,3486.675626,11942.26036,56165.41588,3,649,0.06207869329142765,True,False,False
7021959,4,2000.753397,9528.07391,32804.90737,1,658,0.06098945424335152,False,False,False
5704154,5,3813.920802,18146.48045,63187.45097,3,663,0.06035883301908737,True,False,False
1648517,5,5607.693243,24802.79377,92361.34217,3,647,0.06071472232049743,True,False,False
6297543,5,3547.245298,17032.43552,76662.61236,7,657,0.04627086383832694,False,True,False
2620673,5,4362.047304,18858.84263,68530.98249,3,579,0.06365073351511497,True,False,False
5039497,5,5183.888841,25675.78383,74312.03972,3,550,0.0697583979733614,True,False,False
8669957,3,3683.060009,11960.33372,58451.98177,2,711,0.06301001090933585,False,False,False
3436178,5,3305.392882,18399.6243,65451.95432,4,487,0.050501057093569154,True,False,False
4457453,4,4473.086801,17921.78682,75332.02695,1,695,0.0593782881213181,False,False,False
4602725,5,3961.533162,16383.19128,63491.89036,4,515,0.062394317440196634,True,False,False
4372380,5,2514.549741,14169.2705,50267.08601,4,597,0.05002378177441521,True,False,False
2393485,5,6625.878299,27800.79954,110918.2858,6,486,0.05973657320080942,False,True,False
6991424,3,4905.656536,14468.18815,70017.6219,2,601,0.07006316985467341,False,False,False
1001679,3,4860.480358,24789.66926,101253.6429,2,630,0.04800301716354345,False,False,False
7716639,5,3415.130519,15428.57068,65315.6594,5,498,0.052286550428671016,True,False,False
7702194,5,3372.470579,11949.83123,44822.34311,2,516,0.07524083626604498,False,False,False
3513892,5,4106.734829,19894.14153,72666.9164,4,556,0.0565145052584067,True,False,False
6455088,5,4673.288856,17681.72186,66548.12035,4,537,0.07022420515292586,True,False,False
4692806,5,5702.54985,25839.75024,77131.69821,4,590,0.07393263706542733,True,False,False
4358774,5,6325.816155,24839.48271,83250.84105,4,601,0.07598501198565369,True,False,False
5138522,5,7605.778714,32759.36273,106602.888,4,627,0.07134683550036655,True,False,False
8136318,4,4290.681429,14983.82798,69720.31824,6,557,0.061541334539381765,False,True,False
1035811,5,5782.226606,26211.89114,92903.3668,2,569,0.062239150260806266,False,False,False
7402593,5,4951.951681,24539.87704,81178.53836,4,606,0.06100074947198149,True,False,False
6972424,4,4290.842733,18032.45221,71988.96316,3,560,0.05960417464915188,True,False,False
3404775,5,2982.587207,14552.48194,42011.58513,4,643,0.0709943982777781,True,False,False
8412196,5,5560.444038,23860.13808,84050.25192,2,568,0.06615618526988468,False,False,False
3137696,5,3123.349544,15389.64674,51230.56398,8,667,0.06096652664646305,False,True,False
1724434,5,5778.528947,25252.2266,91114.67379,3,463,0.06342039878580133,True,False,False
1592786,5,2926.975127,26519.20017,86875.69076,4,615,0.03369153213510518,True,False,False
5099277,5,2813.242256,13976.25704,48014.96443,4,601,0.058590947413933135,True,False,False
8572282,5,4725.02332,26174.59044,76694.37795,3,616,0.06160847048111433,True,False,False
4839006,5,3878.321069,22147.66997,71686.80559,3,654,0.05410090513980175,True,False,False
8968408,3,4457.427041,17820.97975,88750.6181,2,661,0.050224180252779554,False,False,False
7398971,4,3532.793222,13415.88896,57680.31135,4,649,0.06124781817773595,True,False,False
2691552,5,3772.763476,14149.06605,59584.26177,5,582,0.06331812065681316,True,False,False
1309122,5,5749.201704,24064.85245,84303.4399,5,707,0.06819652567937504,True,False,False
2994148,5,4991.586796,26355.68725,81184.8131,3,582,0.061484243239577026,True,False,False
5182514,5,5849.35121,26886.72297,94681.71457,4,603,0.06177910102879963,True,False,False
1934140,3,6552.815028,22009.50846,99488.21807,3,546,0.06586523665937441,True,False,False
7568207,5,4062.562275,18103.56709,68569.47524,3,441,0.0592473875697696,True,False,False
7766631,5,3489.452828,19686.2848,68344.72099,3,638,0.0510566548147964,True,False,False
8602931,3,5873.943948,16739.26788,84222.56985,3,527,0.06974310993432599,True,False,False
5457127,5,3460.093408,19597.14788,52979.47258,8,645,0.0653100765164318,False,True,False
6744746,4,6669.065955,21988.07852,83813.88176,2,500,0.0795699449179169,False,False,False
6296709,5,4097.325584,22850.79132,73654.83163,4,613,0.055628741432505534,True,False,False
1410427,5,2514.722735,23228.55773,66592.36868,5,608,0.03776292666632924,True,False,False
1886987,3,6792.127351,22027.17376,99175.72111,3,597,0.06848578739817343,True,False,False
8225527,5,4806.932229,30551.75596,94088.77473,4,605,0.05108932752917782,True,False,False
2823625,4,3814.89686,13523.1529,61407.33243,5,684,0.0621244517395168,True,False,False
4057478,4,6642.237034,29795.63553,110199.3165,1,596,0.060274757094341866,False,False,False
7230654,5,3482.326527,20621.89761,80935.13009,5,669,0.04302614356865365,True,False,False
5587581,5,5462.749752,26764.32621,89125.57713,3,572,0.06129272794533431,True,False,False
8724194,5,4194.339297,17940.14287,67188.66182,3,558,0.06242629609496814,True,False,False
6973402,3,3130.422313,10164.49002,51994.33389,4,545,0.06020698946971354,True,False,False
5901447,5,4338.461282,17095.02406,63496.12099,3,642,0.06832639875250433,True,False,False
1927234,5,3488.858869,14194.63668,53827.20594,5,620,0.06481590132857637,True,False,False
6151428,5,4524.787152,21779.36314,81739.09927,4,468,0.05535645966753017,True,False,False
6151428,5,4524.787152,21779.36314,81739.09927,4,468,0.05535645966753017,True,False,False
3011829,5,5416.379896,16966.96799,64457.96238,4,629,0.08402964809946573,True,False,False
2868933,4,3887.552042,11656.5605,61638.23039,5,636,0.06307046807480549,True,False,False
5020487,5,6813.173542,21534.50761,71802.4046,4,653,0.09488781858985264,True,False,False
2420321,5,1768.1779,11965.93254,38966.86018,4,600,0.0453764530124377,True,False,False
8087818,5,5225.747016,20635.1915,73388.85097,5,680,0.07120627924991207,True,False,False
6130948,5,4364.100628,26212.19911,78498.86121,3,559,0.05559444507513512,True,False,False
8104269,5,3944.134878,24299.45317,77410.90442,4,586,0.050950636832773996,True,False,False
1975003,5,3368.903488,16223.71788,60476.01784,3,558,0.05570643716841658,True,False,False
6785127,5,1452.492955,6412.688543,23874.6559,5,575,0.06083827809220906,True,False,False
7436232,4,4852.076967,17144.01767,67333.24863,1,572,0.07206063966499576,False,False,False
4140781,5,3396.845281,14622.27822,55294.1336,3,563,0.06143229054953489,True,False,False
7459086,5,3071.772244,16876.52629,55397.55261,2,585,0.055449602000025966,False,False,False
4738934,5,6739.231819,26056.87209,82227.10749,3,509,0.08195876061698495,True,False,False
1621438,5,3403.687347,13911.19773,48422.38483,3,623,0.07029160911734467,True,False,False
2848063,5,3648.529009,26987.6451,93592.55558,6,520,0.038983111278346826,False,True,False
2446131,4,4833.923863,19364.16449,78988.28364,5,687,0.06119798583080087,True,False,False
1252008,5,5176.915602,22990.26543,82417.59227,2,425,0.06281323512873838,False,False,False
7402593,5,4951.951681,24539.87704,81178.53836,4,606,0.06100074947198149,True,False,False
7256744,5,3012.121008,13997.58712,44827.91275,3,549,0.06719297917791187,True,False,False
5869912,5,4264.730729,15587.82616,54177.14417,3,619,0.07871826384236671,True,False,False
4750132,5,4949.051775,21072.23408,75100.47817,3,584,0.06589907142531314,True,False,False
2329910,5,1585.77155,4886.516208,21514.01724,7,659,0.07370876077256504,False,True,False
6879091,4,2652.267332,14736.09929,53242.37388,4,554,0.049814971398116026,True,False,False
6481166,5,4266.365903,18402.60015,67940.95771,4,543,0.06279519816618728,True,False,False
2642819,5,4220.278632,24298.11737,73091.82469,3,598,0.05773940724423308,True,False,False
8679345,5,2800.289828,17693.14173,57441.78851,2,622,0.048750045927147614,False,False,False
5248789,5,5655.356182,20977.58159,80425.95805,3,600,0.07031754820358029,True,False,False
3181404,5,7511.183763,26239.77798,92911.59498,2,673,0.08084226478532465,False,False,False
8888737,3,4922.21773,18819.00315,86808.69605,4,567,0.056701896860251254,True,False,False
7579723,4,3889.452505,14572.86442,58593.22685,2,682,0.06638058209282598,False,False,False
6275697,5,2627.724354,14359.21732,54792.15,5,593,0.047958044245389166,True,False,False
4800423,4,4221.833671,16128.47822,71658.90999,6,669,0.05891568364058506,False,True,False
2659773,5,3752.958443,15858.8301,55150.15596,2,534,0.06804982465909966,False,False,False
7027060,5,2339.86487,14823.10563,42003.01513,5,613,0.05570706918915418,True,False,False
6682975,5,6817.101585,24483.45478,79884.16092,3,610,0.08533733729552455,True,False,False
4655536,3,6203.489832,18124.7868,89553.01971,3,606,0.06927169906820332,True,False,False
3027052,5,2338.636059,13620.64611,49840.84575,4,549,0.046922078143106144,True,False,False
5368851,4,6027.062467,17653.62524,80492.5566,5,639,0.07487726470101957,True,False,False
5829516,5,3082.326356,14094.93598,48816.2736,6,655,0.06314136923388597,False,True,False
1727503,4,4955.74351,16588.09321,77239.57495,6,613,0.06416067816540982,False,True,False
2642819,5,4220.278632,24298.11737,73091.82469,3,598,0.05773940724423308,True,False,False
3645629,5,4651.92823,24355.88637,91034.65106,3,597,0.05110063229587119,True,False,False
7465776,5,5741.478961,20938.38431,72882.41397,3,527,0.07877728862498048,True,False,False
6533715,5,3697.064738,19495.00799,62391.16654,6,667,0.05925622076051024,False,True,False
3938321,5,5877.142211,26659.05764,86183.41732,6,579,0.06819342274602672,False,True,False
1981615,5,5072.574662,23510.93461,77493.19072,4,671,0.06545832756233166,True,False,False
7716338,5,2647.604959,18833.74441,63210.53902,4,584,0.04188549884319591,True,False,False
5949416,3,5413.675482,17975.19009,85975.65683,2,595,0.06296753850574797,False,False,False
6901345,3,5281.352243,16411.51801,79905.09892,1,409,0.06609530949066998,False,False,False
7398971,4,3532.793222,13415.88896,57680.31135,4,649,0.06124781817773595,True,False,False
1781054,5,3034.356018,14787.33146,53430.32619,3,669,0.05679089450455028,True,False,False
1343245,5,2473.637175,20499.48439,66415.33298,4,603,0.03724497136444229,True,False,False
8835093,3,6104.353215,23786.77261,111338.0614,3,703,0.05482719151242559,True,False,False
2309060,4,1703.316735,5331.418423,22888.78618,4,622,0.07441708448866292,True,False,False
8819083,4,3463.28979,17419.9279,73872.41814,6,576,0.04688204173087328,False,True,False
7346170,5,4598.075278,22053.07582,77199.07711,4,594,0.05956127262309445,True,False,False
7117713,5,4994.791798,17122.52063,64268.63935,3,498,0.07771740383048892,True,False,False
5943118,5,5988.430765,22011.18823,93932.39305,7,656,0.06375256256712604,False,True,False
6122502,5,3542.564125,14666.06019,48548.87353,3,676,0.07296902826820337,True,False,False
1997918,5,4152.344274,24298.35459,80751.52172,2,649,0.051421251086734315,False,False,False
5138522,5,7605.778714,32759.36273,106602.888,4,627,0.07134683550036655,True,False,False
6136148,5,6025.657473,31340.17747,98194.18386,5,577,0.06136470854109913,True,False,False
1729821,5,4611.226168,25172.40934,87306.38652,5,611,0.05281659626290533,True,False,False
3245794,3,5724.471121,15342.70813,80703.19346,3,600,0.07093239902380438,True,False,False
5935610,5,3838.979905,17987.11053,69364.65894,6,523,0.05534489700757693,False,True,False
6779598,5,4855.992627,19298.38396,69907.21408,3,580,0.06946339788970746,True,False,False
4059394,4,5971.632945,21113.24614,93407.14746,6,683,0.06393122054773431,False,True,False
1744935,5,2787.69516,12668.33199,51504.7556,5,626,0.05412500510923695,True,False,False
6616740,4,6472.932047,23491.76634,93010.66881,3,614,0.06959343621346012,True,False,False
1688610,5,3117.799433,17261.75435,61901.13456,4,563,0.05036740368592042,True,False,False
2592025,5,7595.629034,32128.76588,118629.7689,4,646,0.0640280184681368,True,False,False
2659773,5,3752.958443,15858.8301,55150.15596,2,534,0.06804982465909966,False,False,False
4658741,5,4441.486094,22838.88517,81900.15244,3,610,0.05423049849942379,True,False,False
2458615,5,2928.688762,8967.91244,32360.60911,3,456,0.09050165749491358,True,False,False
3913748,5,3273.84721,20551.52564,70074.28481,3,440,0.046719666406538955,True,False,False
4892989,5,5540.956939,23528.90746,79012.5681,5,646,0.07012753884910114,True,False,False
7200237,5,5396.831301,33634.6884,88982.40664,5,665,0.06065054323417207,True,False,False
6512176,5,6317.757213,22064.93122,84029.11042,3,550,0.07518533971646442,True,False,False
5150971,4,1750.854887,7792.681291,37608.07056,4,657,0.04655529680010258,True,False,False
8860603,5,3019.889282,14484.53671,53214.26922,3,620,0.056749614835732966,True,False,False
4591916,5,3699.071466,20346.5005,69374.45433,6,581,0.053320368451538064,False,True,False
5547803,5,3554.222715,13808.82056,48887.41985,3,675,0.07270219467309441,True,False,False
7242220,5,3005.023314,11971.4572,45713.05407,5,622,0.06573665608511814,True,False,False
6343028,5,7528.756613,26674.29133,109983.3943,5,584,0.06845357575038943,True,False,False
4325422,5,4046.284029,22803.64959,84109.29886,3,549,0.04810745165923976,True,False,False
7196672,5,2227.484557,9979.816675,36461.72315,2,608,0.06109103916554751,False,False,False
1980426,3,1458.277928,5495.241963,26883.77073,4,579,0.05424380168413971,True,False,False
1930980,5,4851.063484,24022.9064,88453.08155,2,597,0.05484335196685977,False,False,False
7838820,5,3424.181288,17958.7509,62475.97969,3,613,0.054807964676832105,True,False,False
5088122,4,3896.915628,12948.2793,56039.72255,6,605,0.06953845327344506,False,True,False
3088254,5,3857.227759,16270.0729,61828.35392,4,541,0.062386065849187655,True,False,False
5302363,5,6709.024905,25794.90681,90494.90196,2,682,0.07413704816173493,False,False,False
6310444,4,3566.504854,15851.74452,64245.94632,2,600,0.05551330563699291,False,False,False
6393811,4,4857.797385,20463.84157,72367.55886,2,551,0.06712672724525283,False,False,False
7838820,5,3424.181288,17958.7509,62475.97969,3,613,0.054807964676832105,True,False,False
2475923,3,4406.064294,13337.87777,64818.58305,2,613,0.06797532569635521,False,False,False
5802906,5,7600.863137,27092.91555,95113.3953,3,675,0.0799136978868843,True,False,False
5654244,5,4609.388676,21356.16001,72089.36221,3,640,0.06393992864817716,True,False,False
4372380,5,2514.549741,14169.2705,50267.08601,4,597,0.05002378177441521,True,False,False
3996748,4,3912.604863,12718.19941,55012.80494,5,715,0.07112171188630179,True,False,False
2823625,4,3814.89686,13523.1529,61407.33243,5,684,0.0621244517395168,True,False,False
6610703,3,4119.426483,14755.40981,64783.35742,4,636,0.06358772757474045,True,False,False
7205446,5,5056.613926,18331.38783,61694.83743,3,599,0.0819617027395091,True,False,False
7642455,5,3170.584041,16677.87025,54001.22125,4,559,0.05871319143546221,True,False,False
4083923,5,2771.45245,14494.81083,46682.2947,3,585,0.05936838511925165,True,False,False
3365753,5,5190.292459,19492.01216,76744.77789,4,571,0.06763056199653561,True,False,False
6465270,5,965.6618318,4848.810896,16286.78164,6,675,0.05929113886001605,False,True,False
2088887,5,3411.916732,18131.92752,60719.62292,1,615,0.056191335978737995,False,False,False
8352665,4,2157.722248,9427.961238,37828.68024,3,555,0.05703932133795213,True,False,False
1008374,4,2666.37757,8814.582436,35441.10056,3,589,0.07523405108388091,True,False,False
8219678,5,4520.026998,17118.68836,68502.57881,5,658,0.0659833115266628,True,False,False
4824418,5,4705.192212,21062.41352,74037.35597,4,579,0.06355159703307811,True,False,False
3334808,4,5070.668196,17447.55315,77753.87173,4,623,0.0652143498861108,True,False,False
5300995,5,2055.451343,12393.46295,43764.18912,3,629,0.04696651267464407,True,False,False
2446131,4,4833.923863,19364.16449,78988.28364,5,687,0.06119798583080087,True,False,False
7253609,5,6402.691692,29314.33797,102781.1951,2,613,0.062294388441101134,False,False,False
1412856,5,1823.504697,9175.607591,35194.24858,5,656,0.05181257650252126,True,False,False
4450661,5,2425.416528,14440.85036,48876.55168,6,645,0.04962331516100934,False,True,False
1250814,5,3757.544675,19268.73062,67014.47737,5,606,0.056070640590895955,True,False,False
4274751,5,3934.455416,18690.99199,65945.7195,5,536,0.05966202879930667,True,False,False
7260202,5,4339.053991,16465.7152,65467.52026,4,510,0.0662779646115773,True,False,False
6792797,5,2614.14013,12238.64243,39551.02221,4,481,0.06609538727267196,True,False,False
8602547,5,3622.277712,28124.38665,82712.63653,7,625,0.043793522537347654,False,True,False
4658741,5,4441.486094,22838.88517,81900.15244,3,610,0.05423049849942379,True,False,False
3395179,5,4079.979057,17234.66352,52782.61741,3,594,0.07729777826870371,True,False,False
4869643,5,3954.072178,16442.13916,64695.75534,6,577,0.06111795367748464,False,True,False
6053019,4,5355.534947,19208.84945,74273.67604,3,558,0.07210542459371182,True,False,False
3451952,4,3235.592379,12062.9346,46797.52289,3,651,0.06914024886756137,True,False,False
5163454,5,6176.802543,18095.01414,67965.26102,3,635,0.09088176003888758,True,False,False
3137696,5,3123.349544,15389.64674,51230.56398,8,667,0.06096652664646305,False,True,False
2236935,4,5128.722323,20073.76947,79658.24857,2,574,0.06438407089120363,False,False,False
6973402,3,3130.422313,10164.49002,51994.33389,4,545,0.06020698946971354,True,False,False
7202428,5,2557.770728,18657.17934,58601.69212,4,576,0.04364670430953419,True,False,False
6880120,3,5254.532286,20160.70392,95270.29507,3,524,0.05515394155270774,True,False,False
6726712,4,4037.841409,17524.48,69352.16232,5,651,0.058222285707096894,True,False,False
7611968,4,3001.06638,7746.82451,39661.23823,6,529,0.07566749082810974,False,True,False
6817323,5,3709.082919,15196.14608,52576.53714,4,575,0.07054635243708635,True,False,False
4376993,4,6795.734395,21365.64864,107984.377,6,606,0.06293257028282898,False,True,False
4885953,5,4644.472768,19609.24346,62578.70296,5,545,0.07421810533479295,True,False,False
3357507,5,5444.327706,20459.78577,75997.3575,2,552,0.07163838171610112,False,False,False
7346170,5,4598.075278,22053.07582,77199.07711,4,594,0.05956127262309445,True,False,False
7827718,5,2176.375804,9540.89409,29076.3424,2,527,0.07485039810234177,False,False,False
1657388,5,4447.696698,24687.95971,84766.94545,3,617,0.052469705902325865,True,False,False
2489621,5,3736.452803,20995.89701,75184.01719,5,597,0.049697434942289495,True,False,False
5232755,5,5144.856965,34799.97444,111535.6084,3,630,0.04612748375881007,True,False,False
3686674,5,3583.057273,19766.16806,69474.30661,3,551,0.05157384719380936,True,False,False
2654263,4,664.2622431,2514.854582,11561.00105,6,552,0.057457156194964616,False,True,False
6733204,5,4720.508454,27947.97458,92090.59824,3,584,0.05125939611878451,True,False,False
4658741,5,4441.486094,22838.88517,81900.15244,3,610,0.05423049849942379,True,False,False
4374080,5,6431.910903,26193.58917,95686.88392,3,616,0.06721831289205181,True,False,False
4189901,4,3962.801225,18825.29468,74948.38922,3,578,0.05287373439564897,True,False,False
4744929,5,3119.189274,14707.21334,52337.50182,2,532,0.0595975957111512,False,False,False
7998914,5,4661.431296,21156.68926,68748.36617,4,600,0.06780424838712934,True,False,False
4953208,5,2672.449283,16875.53832,63734.25641,5,623,0.0419311283057613,True,False,False
2697316,5,3838.334226,16709.77387,60028.67391,4,497,0.0639416794672951,True,False,False
2685945,5,5827.699094,26595.77806,88404.12011,2,579,0.06592112547185217,False,False,False
6706686,5,3267.458419,15173.36331,48916.04478,4,532,0.06679727344464174,True,False,False
6567719,5,2382.162474,13529.83584,44726.66166,4,536,0.053260457758027104,True,False,False
7663657,5,5330.26593,20339.90056,75454.57352,2,544,0.0706420523149224,False,False,False
3351236,4,3261.200257,12311.82681,47631.83815,3,648,0.06846681513171878,True,False,False
7983630,5,5621.368193,24384.17503,89520.00563,4,594,0.06279454691093277,True,False,False
6174214,5,5494.644993,31779.18646,105537.4701,3,609,0.05206345185073751,True,False,False
4765821,5,4993.661861,17091.06383,71136.19395,3,641,0.07019860894595978,True,False,False
4080181,3,4646.266068,13442.32491,60701.68951,2,636,0.07654261529631023,False,False,False
4325422,5,4046.284029,22803.64959,84109.29886,3,549,0.04810745165923976,True,False,False
8170825,4,2252.008559,7205.977999,36597.13759,6,581,0.06153510102974149,False,True,False
2283883,3,1629.960413,5889.843826,25711.76734,2,668,0.06339355795524246,False,False,False
6295568,5,4190.806172,15748.62988,55247.51351,4,563,0.0758551092302362,True,False,False
7901970,5,6350.219165,33119.39403,102269.8474,3,514,0.06209278029097754,True,False,False
8219678,5,4520.026998,17118.68836,68502.57881,5,658,0.0659833115266628,True,False,False
1120027,5,7298.956482,29383.91236,96370.2014,4,530,0.0757387281126923,True,False,False
4002168,5,3687.063498,14737.18223,61689.46931,6,545,0.059768118274318154,False,True,False
2981412,4,3681.961261,12698.894,61495.72868,5,630,0.05987344714881749,True,False,False
1845246,5,3522.888951,14442.74236,56604.01417,3,538,0.06223744027092557,True,False,False
3419976,5,3754.042918,16260.21815,54752.97836,2,566,0.06856326414459547,False,False,False
2264619,5,4110.596342,15817.48591,59976.81892,3,636,0.06853641816987516,True,False,False
8780769,5,4290.746462,23007.19972,76738.17445,4,601,0.0559141065415324,True,False,False
1337129,3,6700.24626,17185.39962,89565.75621,2,549,0.07480812470661548,False,False,False
7819041,5,3485.411903,15593.45358,43489.05051,3,603,0.08014458495014865,True,False,False
3125985,3,4590.852814,14624.39601,78424.67328,3,512,0.058538373473476325,True,False,False
6207716,5,4029.120901,23608.0297,70688.73847,4,596,0.056998059212924584,True,False,False
1652068,5,5335.11392,24964.75964,84623.84426,3,579,0.06304504323401201,True,False,False
6512176,5,6317.757213,22064.93122,84029.11042,3,550,0.07518533971646442,True,False,False
6689764,5,3237.311883,16702.21036,56359.98034,4,651,0.057439904405048266,True,False,False
6145201,5,3515.58493,18163.54369,64632.68725,4,567,0.05439329663644768,True,False,False
7260202,5,4339.053991,16465.7152,65467.52026,4,510,0.0662779646115773,True,False,False
2469689,5,5206.692349,20458.40822,75436.75158,3,558,0.069020633046193,True,False,False
1593263,5,6775.11242,22579.11278,84112.19698,3,526,0.08054851333405275,True,False,False
1407092,5,6632.014284,28896.82271,102576.6633,4,591,0.06465422124917179,True,False,False
3883491,5,6744.228462,23521.24224,95601.22208,5,485,0.07054542102355518,True,False,False
8104269,5,3944.134878,24299.45317,77410.90442,4,586,0.050950636832773996,True,False,False
1994796,5,5225.178116,26431.04701,94340.07176,5,687,0.05538662435293445,True,False,False
4282770,5,6913.143477,23516.90437,90011.06472,3,618,0.07680326300444189,True,False,False
2620673,5,4362.047304,18858.84263,68530.98249,3,579,0.06365073351511497,True,False,False
2600509,5,4038.365042,25002.75422,80812.96933,3,612,0.049971744331152146,True,False,False
5849178,5,2308.321045,11727.5166,44533.18205,4,671,0.05183373248307999,True,False,False
8333955,3,6011.557148,14398.70471,72540.30536,3,568,0.08287195812267532,True,False,False
6567719,5,2382.162474,13529.83584,44726.66166,4,536,0.053260457758027104,True,False,False
2427491,5,3027.515204,15024.92394,55321.09302,3,656,0.05472623620985715,True,False,False
2946841,5,4091.602706,15205.20407,56422.87193,3,565,0.07251673950727236,True,False,False
2023789,5,6459.888248,21361.71209,80333.12776,4,545,0.0804137524347278,True,False,False
4604953,5,5930.695517,25883.6005,92811.06837,5,650,0.06390073534502079,True,False,False
4057478,4,6642.237034,29795.63553,110199.3165,1,596,0.060274757094341866,False,False,False
3404775,5,2982.587207,14552.48194,42011.58513,4,643,0.0709943982777781,True,False,False
2469689,5,5206.692349,20458.40822,75436.75158,3,558,0.069020633046193,True,False,False
5099277,5,2813.242256,13976.25704,48014.96443,4,601,0.058590947413933135,True,False,False
1781054,5,3034.356018,14787.33146,53430.32619,3,669,0.05679089450455028,True,False,False
2446131,4,4833.923863,19364.16449,78988.28364,5,687,0.06119798583080087,True,False,False
5533385,5,1220.988773,3968.453393,16170.64822,5,487,0.0755064828811173,True,False,False
6047923,5,2884.137458,18215.58482,58762.0934,5,592,0.04908159820596181,True,False,False
1009423,5,6748.887577,29954.08446,103185.0966,3,649,0.0654056428629636,True,False,False
2934675,3,3269.284385,13631.98253,66576.33129,3,590,0.04910580564674428,True,False,False
4853467,5,5284.785655,22353.87446,70252.36168,3,610,0.07522573659619068,True,False,False
5829516,5,3082.326356,14094.93598,48816.2736,6,655,0.06314136923388597,False,True,False
5154151,4,3366.33052,11027.84762,43756.00179,0,645,0.07693414348404523,False,False,False
6409503,5,3934.367648,24910.33003,91819.94328,3,610,0.04284872662143077,True,False,False
2886026,5,3177.356106,15483.49705,51731.74738,3,577,0.06141984887269432,True,False,False
7942599,5,1720.259908,8848.334561,28388.8329,4,618,0.06059635892957051,True,False,False
5587581,5,5462.749752,26764.32621,89125.57713,3,572,0.06129272794533431,True,False,False
5929382,4,2721.436749,10858.20226,43343.95016,1,505,0.06278700346770609,False,False,False
2679170,5,3701.899282,20866.77471,63370.52999,5,589,0.05841673223474961,True,False,False
7304383,5,3099.007102,16913.47635,62258.30821,4,527,0.049776603173136556,True,False,False
2605832,5,6754.591206,28997.92305,95625.78432,4,492,0.07063566854935888,True,False,False
1676923,4,4467.987174,22682.1544,81300.10323,1,619,0.05495672202727657,False,False,False
6392390,4,3467.220432,13004.13488,51320.14669,3,519,0.06756061031827888,True,False,False
7858211,5,4970.869798,25777.1911,78901.93054,4,684,0.06300061055514954,True,False,False
5348505,5,6469.19871,29099.9301,93987.29265,3,729,0.0688305677033458,True,False,False
6567719,5,2382.162474,13529.83584,44726.66166,4,536,0.053260457758027104,True,False,False
2101535,5,3614.620828,19173.3113,64899.57969,3,672,0.055695596878525794,True,False,False
5516505,5,2928.999752,17797.92181,57924.0348,5,647,0.050566224575225895,True,False,False
6572463,4,3996.203251,11557.694,56770.9142,6,641,0.07039173681300344,False,True,False
2350914,5,5055.241522,26197.91445,79614.00736,3,714,0.06349688565657952,True,False,False
1915957,5,6185.039553,25762.87987,87516.22794,4,519,0.07067305914099022,True,False,False
6726712,4,4037.841409,17524.48,69352.16232,5,651,0.058222285707096894,True,False,False
2697316,5,3838.334226,16709.77387,60028.67391,4,497,0.0639416794672951,True,False,False
2023789,5,6459.888248,21361.71209,80333.12776,4,545,0.0804137524347278,True,False,False
3487499,4,3910.85552,18092.90375,75685.73208,4,626,0.051672295590220574,True,False,False
4449818,5,3055.471499,17082.42083,65207.42729,3,608,0.04685772198021647,True,False,False
2548560,5,5227.129372,30897.38167,83840.58872,4,569,0.06234604803953481,True,False,False
3181404,5,7511.183763,26239.77798,92911.59498,2,673,0.08084226478532465,False,False,False
7253609,5,6402.691692,29314.33797,102781.1951,2,613,0.062294388441101134,False,False,False
4602725,5,3961.533162,16383.19128,63491.89036,4,515,0.062394317440196634,True,False,False
6343028,5,7528.756613,26674.29133,109983.3943,5,584,0.06845357575038943,True,False,False
4649906,5,2758.106666,13210.4596,52803.52175,5,610,0.052233384717374466,True,False,False
6865674,4,5493.456733,18074.77887,74984.32424,2,593,0.07326140214876463,False,False,False
8602547,5,3622.277712,28124.38665,82712.63653,7,625,0.043793522537347654,False,True,False
2848063,5,3648.529009,26987.6451,93592.55558,6,520,0.038983111278346826,False,True,False
1964105,4,5772.302578,22729.12042,82036.95441,1,599,0.07036222418925363,False,False,False
8572282,5,4725.02332,26174.59044,76694.37795,3,616,0.06160847048111433,True,False,False
8612573,5,2628.467516,21765.23618,74720.82866,4,507,0.035177172993627236,True,False,False
4660514,5,4543.508548,27121.53114,101483.2702,6,610,0.04477101042413984,False,True,False
7292144,4,4902.299367,18890.5216,79416.39622,5,646,0.061729058485852306,True,False,False
8300202,5,4584.176286,22821.00247,83694.22231,3,531,0.05477291214942409,True,False,False
6646241,5,4588.995443,27871.19934,94149.6484,4,592,0.048741503776024715,True,False,False
6744746,4,6669.065955,21988.07852,83813.88176,2,500,0.0795699449179169,False,False,False
6130948,5,4364.100628,26212.19911,78498.86121,3,559,0.05559444507513512,True,False,False
4465469,5,6774.331885,28778.41852,104460.9161,3,619,0.0648503970472072,True,False,False
1223271,5,5775.321503,31322.85303,94402.41559,4,611,0.061177687741411746,True,False,False
6726712,4,4037.841409,17524.48,69352.16232,5,651,0.058222285707096894,True,False,False
3584871,5,6967.346468,25887.47916,89398.12274,4,506,0.07793616078788815,True,False,False
2113289,5,3564.75614,16131.8156,55575.17929,4,578,0.06414295348285866,True,False,False
5248789,5,5655.356182,20977.58159,80425.95805,3,600,0.07031754820358029,True,False,False
3842204,5,3303.413563,14081.08903,54065.82427,3,673,0.06109984648533317,True,False,False
3321981,5,6263.569738,24411.2371,82782.7059,4,695,0.07566278089008444,True,False,False
6947453,4,2598.568658,18008.65727,69186.39944,5,634,0.03755895203440291,True,False,False
1648023,5,2911.117016,13437.47174,44683.04084,5,534,0.06515037833759033,True,False,False
1605562,3,3939.515527,11428.05671,48419.8408,2,709,0.08136159602986551,False,False,False
1710641,4,7105.884383,27241.41097,110305.6891,4,455,0.06441992648772636,True,False,False
7858211,5,4970.869798,25777.1911,78901.93054,4,684,0.06300061055514954,True,False,False
4009534,5,5697.361627,20331.0456,72587.37929,4,584,0.07848970003777085,True,False,False
5234764,5,5120.364887,21774.77036,73880.9181,4,588,0.06930564777321033,True,False,False
8435558,5,5054.956864,19796.51864,76917.43101,3,563,0.06571926282018971,True,False,False
4958127,5,5742.279911,22148.8414,83127.52573,2,591,0.0690779601650968,False,False,False
5530537,5,4399.609707,18983.59494,74551.79742,5,589,0.05901413325039051,True,False,False
8860603,5,3019.889282,14484.53671,53214.26922,3,620,0.056749614835732966,True,False,False
7619767,5,5143.790267,25893.10985,81037.07696,4,634,0.06347452869677149,True,False,False
4095721,5,2800.889496,13811.42184,49852.98298,5,571,0.056182987026546824,True,False,False
6374521,5,4302.281736,21031.34228,74601.11754,4,567,0.057670473015275954,True,False,False
5365527,4,3750.87438,11803.95986,50998.41186,4,691,0.07354884678167702,True,False,False
4446317,5,4480.557577,22035.36728,69155.32428,5,585,0.06478977032713872,True,False,False
7021959,4,2000.753397,9528.07391,32804.90737,1,658,0.06098945424335152,False,False,False
5464701,5,4690.734695,19050.75554,69836.10034,3,589,0.06716776383794285,True,False,False
2951548,4,2797.131857,10556.14848,39605.29932,3,592,0.07062519170477513,True,False,False
5652610,5,4678.661225,25987.44629,87816.59481,3,713,0.05327764342403338,True,False,False
7285923,5,2095.793835,8447.78254,29768.70946,3,625,0.07040257616192946,True,False,False
8229723,5,2404.579441,12281.80576,39964.82678,3,566,0.0601673930488133,True,False,False
6393811,4,4857.797385,20463.84157,72367.55886,2,551,0.06712672724525283,False,False,False
3769733,5,4764.435819,17874.86079,70500.97312,4,528,0.06757971710391053,True,False,False
6257469,5,5644.018871,24460.10612,76419.51846,3,645,0.0738557240969037,True,False,False
1070919,5,2340.06117,13099.50935,46440.39383,2,614,0.050388486767921105,False,False,False
6165122,5,6863.977612,33742.51884,108466.6621,6,644,0.06328191058070735,False,True,False
2131658,5,3457.313672,15196.84158,59157.91881,7,639,0.058442111243027346,False,True,False
1593263,5,6775.11242,22579.11278,84112.19698,3,526,0.08054851333405275,True,False,False
1306908,5,4722.716341,20688.09591,82014.08411,5,601,0.05758421120286776,True,False,False
2697316,5,3838.334226,16709.77387,60028.67391,4,497,0.0639416794672951,True,False,False
7465776,5,5741.478961,20938.38431,72882.41397,3,527,0.07877728862498048,True,False,False
7669838,5,4417.952552,18801.38978,66923.08849,4,580,0.06601537155088343,True,False,False
6515933,5,6872.275299,34570.15406,107248.8165,3,514,0.06407786606204648,True,False,False
1657469,5,1611.483787,7700.811384,27939.19084,2,547,0.05767825547377234,False,False,False
1120027,5,7298.956482,29383.91236,96370.2014,4,530,0.0757387281126923,True,False,False
1122593,5,7749.000879,35084.58138,104334.5965,1,498,0.07427067472293335,False,False,False
8602931,3,5873.943948,16739.26788,84222.56985,3,527,0.06974310993432599,True,False,False
3593302,5,4354.354803,24269.10365,89592.17411,5,622,0.048601954872239006,True,False,False
6470633,4,5628.221523,17517.07381,75739.70912,5,659,0.07431004935710532,True,False,False
3103236,5,4604.328507,20970.73837,72479.0818,3,573,0.06352630845552461,True,False,False
1029111,4,2622.072029,9722.05403,39034.60158,3,612,0.06717301888239229,True,False,False
5393292,5,6388.812678,26125.76738,92066.09971,2,622,0.0693937583771246,False,False,False
1930980,5,4851.063484,24022.9064,88453.08155,2,597,0.05484335196685977,False,False,False
7230654,5,3482.326527,20621.89761,80935.13009,5,669,0.04302614356865365,True,False,False
4360611,3,5690.526846,21406.47099,95268.84282,3,526,0.059731247672983954,True,False,False
6615691,5,4031.462782,22986.02165,76205.73572,4,620,0.05290235366026331,True,False,False
6901740,4,3076.065127,10175.94759,47974.42736,5,603,0.06411885031825838,True,False,False
6717133,5,5781.08226,26382.09481,83838.47345,4,611,0.06895500385569103,True,False,False
8868921,5,6522.309687,24619.36997,85180.71918,2,688,0.07657025850201327,False,False,False
8330691,4,6744.492401,18983.19447,89391.63102,4,613,0.07544881242284329,True,False,False
8229723,5,2404.579441,12281.80576,39964.82678,3,566,0.0601673930488133,True,False,False
5637880,5,6177.609593,26953.16132,105511.2499,4,647,0.0585492978128392,True,False,False
7097110,5,4141.358322,19931.94559,70036.44562,2,648,0.05913147483911392,False,False,False
7292754,4,598.5242694,2403.521106,10682.55147,5,619,0.05602821302390598,True,False,False
1410427,5,2514.722735,23228.55773,66592.36868,5,608,0.03776292666632924,True,False,False
4275054,5,7214.170283,28453.47137,89551.36528,4,666,0.08055902062959593,True,False,False
6989720,5,2761.211689,14467.01803,52818.65598,3,611,0.05227720466884928,True,False,False
8583455,4,3828.030126,15809.14801,67401.21177,6,646,0.05679467809959821,False,True,False
7436232,4,4852.076967,17144.01767,67333.24863,1,572,0.07206063966499576,False,False,False
2895764,5,4449.927899,20251.46061,75616.40081,5,662,0.05884871339196976,True,False,False
7200237,5,5396.831301,33634.6884,88982.40664,5,665,0.06065054323417207,True,False,False
2101663,4,5345.800927,16326.1531,71219.60768,5,682,0.07506080279211108,True,False,False
1541353,5,3631.271459,16609.3822,63469.55942,4,565,0.057212803935988,True,False,False
7263578,4,3197.381332,11696.01029,51849.77336,4,645,0.0616662547355829,True,False,False
4585484,4,5108.404937,17284.78961,70545.99578,2,563,0.07241240102316691,False,False,False
7718522,4,3166.194396,9842.849292,52602.19261,5,539,0.060191300759544514,True,False,False
3137696,5,3123.349544,15389.64674,51230.56398,8,667,0.06096652664646305,False,True,False
2265776,4,5620.46889,22226.19642,87511.43578,5,649,0.06422553623882504,True,False,False
2036810,5,3389.461558,17235.51007,54989.22567,4,612,0.061638648602559964,True,False,False
1343245,5,2473.637175,20499.48439,66415.33298,4,603,0.03724497136444229,True,False,False
7593188,5,2319.435959,13149.10725,49076.45628,5,658,0.047261683805503975,True,False,False
8352665,4,2157.722248,9427.961238,37828.68024,3,555,0.05703932133795213,True,False,False
1180505,4,3960.783143,12491.67198,56607.59775,5,678,0.06996910839587783,True,False,False
1001679,3,4860.480358,24789.66926,101253.6429,2,630,0.04800301716354345,False,False,False
4775899,5,4734.965522,22441.93232,81502.55328,3,673,0.058095916403172604,True,False,False
5984706,4,3182.230359,10533.4897,40152.78242,2,483,0.07925304716653805,False,False,False
2886026,5,3177.356106,15483.49705,51731.74738,3,577,0.06141984887269432,True,False,False
7413096,5,5531.413845,24636.77228,82678.72765,3,530,0.06690250324625067,True,False,False
4222389,5,4973.534646,25252.5309,90710.96485,5,551,0.05482837333087853,True,False,False
7716639,5,3415.130519,15428.57068,65315.6594,5,498,0.052286550428671016,True,False,False
4319411,4,4203.041432,14808.36154,60832.26859,2,705,0.06909230132987221,False,False,False
5296564,5,3228.144785,13093.86632,43590.74564,4,577,0.07405573677633472,True,False,False
7561758,5,6151.142686,25984.54022,89101.90415,2,558,0.0690349184417514,False,False,False
8619236,4,5344.280514,16625.41606,82439.8231,5,645,0.06482644325324857,True,False,False
2950385,5,4709.774494,30246.48183,95212.95173,4,566,0.04946569146764546,True,False,False
3561982,5,4944.804381,16521.05326,60168.94041,4,810,0.08218200864607846,True,False,False
5851653,4,3100.809827,14054.89085,52521.44393,3,632,0.05903892953005491,True,False,False
3584871,5,6967.346468,25887.47916,89398.12274,4,506,0.07793616078788815,True,False,False
7963279,5,5729.907868,30666.77423,111747.5816,3,606,0.051275452998259786,True,False,False
4436580,3,2932.018039,9700.05359,45029.89797,2,573,0.06511269559068024,False,False,False
3996748,4,3912.604863,12718.19941,55012.80494,5,715,0.07112171188630179,True,False,False
2642819,5,4220.278632,24298.11737,73091.82469,3,598,0.05773940724423308,True,False,False
8780769,5,4290.746462,23007.19972,76738.17445,4,601,0.0559141065415324,True,False,False
8619236,4,5344.280514,16625.41606,82439.8231,5,645,0.06482644325324857,True,False,False
1432999,4,6106.171911,20274.79959,85725.71008,2,490,0.07122917856616955,False,False,False
8669957,3,3683.060009,11960.33372,58451.98177,2,711,0.06301001090933585,False,False,False
8241068,5,3101.142819,22145.00313,77484.67239,6,586,0.04002266155803256,False,True,False
1086984,4,5007.576713,17930.46384,71234.36815,3,608,0.07029720123937115,True,False,False
5101966,5,5249.686907,17721.59982,68791.7105,4,688,0.07631278345666373,True,False,False
7256744,5,3012.121008,13997.58712,44827.91275,3,549,0.06719297917791187,True,False,False
7967829,5,3542.836359,17859.47422,65895.03891,4,650,0.053764842051900685,True,False,False
5674473,5,5166.789359,30758.14262,89335.8922,4,602,0.057835537674296604,True,False,False
4249472,3,5764.576057,14235.63544,68378.67161,2,610,0.08430371519760502,False,False,False
7196672,5,2227.484557,9979.816675,36461.72315,2,608,0.06109103916554751,False,False,False
5123106,4,4197.826085,21487.05556,87887.06095,6,680,0.04776386921606348,False,True,False
2540866,4,5743.390107,18948.49818,84223.80768,5,573,0.06819200253711447,True,False,False
6257469,5,5644.018871,24460.10612,76419.51846,3,645,0.0738557240969037,True,False,False
5101966,5,5249.686907,17721.59982,68791.7105,4,688,0.07631278345666373,True,False,False
5201032,5,7024.41041,26596.32318,92471.08498,3,539,0.07596331773893716,True,False,False
1467134,4,2608.798997,11177.43742,39682.19883,1,480,0.06574229941682896,False,False,False
3730255,5,6167.877515,38083.68216,109209.1506,4,608,0.056477662184106395,True,False,False
6303004,5,5978.270054,27734.45378,87666.52906,4,580,0.06819330157246674,True,False,False
1415941,4,6047.683247,23890.10612,89006.05388,1,579,0.06794687533449831,False,False,False
1889339,4,4488.273652,17904.25119,67633.18288,2,492,0.06636200546650955,False,False,False
8652983,5,3302.179036,15546.68765,60886.95302,3,492,0.05423459168527136,True,False,False
6235599,4,941.5106456,8122.781642,34944.95357,4,628,0.02694267839600967,True,False,False
4360611,3,5690.526846,21406.47099,95268.84282,3,526,0.059731247672983954,True,False,False
4241027,5,4887.813679,20818.42438,75726.96177,2,680,0.06454522358688312,False,False,False
4992785,5,3086.186142,17855.07188,54137.02325,5,654,0.057006941954459975,True,False,False
8621913,4,5939.575882,18902.42004,91838.75292,6,624,0.06467396053574374,False,True,False
2041870,5,4644.797144,16958.8948,66063.21262,4,540,0.07030837526350985,True,False,False
1548144,5,6034.801727,24343.61112,88787.26103,6,632,0.06796922956054387,False,True,False
1432999,4,6106.171911,20274.79959,85725.71008,2,490,0.07122917856616955,False,False,False
7346170,5,4598.075278,22053.07582,77199.07711,4,594,0.05956127262309445,True,False,False
7372970,5,3375.62285,20971.17146,66457.29999,5,517,0.050793860877705516,True,False,False
1590220,5,3873.884643,14173.27461,56460.59783,5,587,0.06861217896884603,True,False,False
2311347,5,5822.309242,19066.41188,70698.46869,3,548,0.08235410681283316,True,False,False
1137699,5,2986.728889,14959.55631,48043.25448,4,590,0.06216749721323208,True,False,False
2939617,4,3335.993766,14084.85745,54025.55737,3,564,0.06174843774684411,True,False,False
4783169,5,5672.308503,22013.38589,85434.56731,5,630,0.0663936001737796,True,False,False
5232755,5,5144.856965,34799.97444,111535.6084,3,630,0.04612748375881007,True,False,False
8483461,4,4392.975281,20014.11116,88983.86175,2,636,0.04936822469384456,False,False,False
2420321,5,1768.1779,11965.93254,38966.86018,4,600,0.0453764530124377,True,False,False
1174998,4,1759.838321,7072.338819,29580.92988,3,549,0.05949232590520579,True,False,False
2475923,3,4406.064294,13337.87777,64818.58305,2,613,0.06797532569635521,False,False,False
3621263,5,4783.671039,24015.14309,82331.5553,4,600,0.058102522435890376,True,False,False
7074350,5,5894.987356,21383.10706,77903.17818,4,554,0.0756706914110651,True,False,False
4658909,5,3677.062247,18433.22523,72688.97862,5,651,0.050586241777075616,True,False,False
5702918,5,4044.249706,16606.81272,54752.02533,1,591,0.07386484210628927,False,False,False
8412196,5,5560.444038,23860.13808,84050.25192,2,568,0.06615618526988468,False,False,False
2501187,4,2599.448792,9127.453917,34661.90304,1,591,0.07499440492347532,False,False,False
7402593,5,4951.951681,24539.87704,81178.53836,4,606,0.06100074947198149,True,False,False
8686751,5,4349.371138,17859.14118,68328.18341,5,626,0.0636541310033344,True,False,False
8726267,5,4421.628532,20652.47951,70096.82805,5,585,0.06307886754656084,True,False,False
8310241,4,2828.626419,12902.92986,50941.42571,1,491,0.05552703677951302,False,False,False
3191077,5,4602.68816,21188.63655,79568.32006,4,613,0.057845737556470406,True,False,False
7904284,4,4730.606688,17557.28387,68280.05081,1,570,0.06928241311893071,False,False,False
2572737,4,2922.354373,8531.010414,36935.11923,3,537,0.0791212925238471,True,False,False
5121884,5,5090.756304,25350.65997,78925.81502,1,666,0.06450052245529539,False,False,False
7292754,4,598.5242694,2403.521106,10682.55147,5,619,0.05602821302390598,True,False,False
3756086,5,6721.072484,25907.17451,102597.841,5,653,0.06550890758022872,True,False,False
6257016,3,2778.117505,9956.31397,50865.04066,4,488,0.05461742424566068,True,False,False
6682975,5,6817.101585,24483.45478,79884.16092,3,610,0.08533733729552455,True,False,False
8447957,5,2625.417782,12139.7497,42782.70921,2,518,0.06136632837142386,False,False,False
7625297,4,4333.839005,13402.2945,55821.05876,2,642,0.07763806529777831,False,False,False
3699767,5,6188.589259,22255.62825,82042.26932,3,563,0.07543171721471831,True,False,False
5232755,5,5144.856965,34799.97444,111535.6084,3,630,0.04612748375881007,True,False,False
4956779,5,2747.70401,13073.86428,44034.81776,3,647,0.06239844172798956,True,False,False
3996748,4,3912.604863,12718.19941,55012.80494,5,715,0.07112171188630179,True,False,False
5650696,3,4899.443593,17795.9173,81136.36579,2,554,0.06038529758260202,False,False,False
5365527,4,3750.87438,11803.95986,50998.41186,4,691,0.07354884678167702,True,False,False
5296564,5,3228.144785,13093.86632,43590.74564,4,577,0.07405573677633472,True,False,False
1438730,5,2711.992713,10558.83232,34083.72693,4,647,0.07956854948902152,True,False,False
6567719,5,2382.162474,13529.83584,44726.66166,4,536,0.053260457758027104,True,False,False
5864535,4,4104.430298,14233.09362,63489.52438,5,606,0.06464736250714373,True,False,False
5325607,5,3016.145319,12394.49597,42525.62457,2,587,0.07092536204930336,False,False,False
7146043,5,3236.784282,12589.31808,48153.25255,6,589,0.06721839357869087,False,True,False
7910492,5,6318.785461,21009.61737,77943.05991,3,555,0.08106925065934328,True,False,False
8258474,5,4327.131554,28223.46064,82012.12086,4,594,0.052762097951188136,True,False,False
3235789,4,2739.595209,17008.39916,72058.98501,6,536,0.038018787089768365,False,True,False
3881789,5,5902.970796,24083.86233,86570.66137,3,557,0.06818673558205715,True,False,False
7548945,5,2093.614396,13697.64767,44802.78521,3,549,0.04672955902600234,True,False,False
6465413,5,5048.18284,23140.38164,86206.73017,7,671,0.058559033964575215,False,True,False
4352143,5,7358.580246,29358.09446,102867.3404,2,677,0.07153466024674242,False,False,False
2420321,5,1768.1779,11965.93254,38966.86018,4,600,0.0453764530124377,True,False,False
2041870,5,4644.797144,16958.8948,66063.21262,4,540,0.07030837526350985,True,False,False
7648187,5,5850.003509,22650.24505,85544.36723,5,645,0.0683856073570725,True,False,False
5064370,5,5939.342177,22284.23222,81435.3797,4,545,0.07293319192321517,True,False,False
2399682,5,6050.286262,21279.66167,83084.80076,4,532,0.0728206146811009,True,False,False
3584588,5,2214.574148,10889.68643,43956.88084,7,666,0.050380602665164,False,True,False
6964535,4,3393.48251,12532.10918,55494.5622,5,650,0.06114982036924691,True,False,False
3747877,4,3336.450363,13465.5865,51250.14974,3,556,0.06510128028749833,True,False,False
7582759,5,5592.888775,18556.51011,69034.6583,2,585,0.08101566535891727,False,False,False
4241027,5,4887.813679,20818.42438,75726.96177,2,680,0.06454522358688312,False,False,False
5815021,4,3059.035754,11922.09942,49548.75367,4,508,0.061737895051276276,True,False,False
7648219,5,3275.017159,14488.74583,51889.8261,6,600,0.06311482240639076,False,True,False
4649491,3,3459.073944,11115.93533,52413.62295,3,650,0.06599570396611937,True,False,False
4604953,5,5930.695517,25883.6005,92811.06837,5,650,0.06390073534502079,True,False,False
8835093,3,6104.353215,23786.77261,111338.0614,3,703,0.05482719151242559,True,False,False
1895830,5,4941.25642,21959.50939,82877.8362,3,631,0.05962096317374656,True,False,False
2101663,4,5345.800927,16326.1531,71219.60768,5,682,0.07506080279211108,True,False,False
2842157,5,3790.377139,20640.80879,63052.45714,4,598,0.06011466183758624,True,False,False
3172950,5,2187.900434,12093.62385,45887.84816,8,774,0.04767929902424956,False,True,False
1292861,5,4053.455001,19315.7395,71878.95566,4,696,0.056392792073573644,True,False,False
8032983,5,5721.237967,21420.70762,68606.69341,3,553,0.08339183369193072,True,False,False
4585484,4,5108.404937,17284.78961,70545.99578,2,563,0.07241240102316691,False,False,False
1180505,4,3960.783143,12491.67198,56607.59775,5,678,0.06996910839587783,True,False,False
5348505,5,6469.19871,29099.9301,93987.29265,3,729,0.0688305677033458,True,False,False
6991491,5,3508.423992,21307.0328,71034.34755,5,513,0.049390528849870455,True,False,False
3621263,5,4783.671039,24015.14309,82331.5553,4,600,0.058102522435890376,True,False,False
7292144,4,4902.299367,18890.5216,79416.39622,5,646,0.061729058485852306,True,False,False
6792797,5,2614.14013,12238.64243,39551.02221,4,481,0.06609538727267196,True,False,False
8621913,4,5939.575882,18902.42004,91838.75292,6,624,0.06467396053574374,False,True,False
1648023,5,2911.117016,13437.47174,44683.04084,5,534,0.06515037833759033,True,False,False
3660028,5,4965.810848,30024.22504,85167.37624,5,659,0.05830649090335297,True,False,False
4371519,3,5375.079778,14617.36212,78565.05729,3,633,0.06841565402491162,True,False,False
7438349,5,6080.564782,25508.26313,93441.25513,3,656,0.06507366337856255,True,False,False
6137552,5,7240.998261,27063.11345,94816.76301,3,647,0.07636833436547835,True,False,False
6643825,5,3741.237779,18533.16435,63905.24476,4,557,0.05854351693746646,True,False,False
5274787,5,4202.315079,19202.89916,76655.64495,6,544,0.05482068648357253,False,True,False
4463530,5,4666.412519,32986.50504,96306.41588,4,642,0.04845380732281074,True,False,False
4885953,5,4644.472768,19609.24346,62578.70296,5,545,0.07421810533479295,True,False,False
4662381,5,4053.291813,20607.81593,69829.18442,6,595,0.058045813461328116,False,True,False
5042679,4,6560.957333,23233.35643,103721.6351,5,717,0.06325543679170172,True,False,False
5034668,5,4862.845105,22760.99271,62494.49753,2,536,0.07781237224390242,False,False,False
2458615,5,2928.688762,8967.91244,32360.60911,3,456,0.09050165749491358,True,False,False
7766631,5,3489.452828,19686.2848,68344.72099,3,638,0.0510566548147964,True,False,False
6145201,5,3515.58493,18163.54369,64632.68725,4,567,0.05439329663644768,True,False,False
3258315,2,3672.296309,10722.89407,56665.90111,1,604,0.06480610450138838,False,False,False
7349297,5,4775.527495,17532.70052,63702.51532,4,563,0.07496607427525988,True,False,False
8724194,5,4194.339297,17940.14287,67188.66182,3,558,0.06242629609496814,True,False,False
1676923,4,4467.987174,22682.1544,81300.10323,1,619,0.05495672202727657,False,False,False
3013502,4,6309.649531,25570.40804,106669.9738,5,557,0.059151130409296114,True,False,False
5193058,5,3273.345444,26247.16403,74595.9267,3,569,0.043881021240801885,True,False,False
4679818,5,5655.316621,21757.68546,68111.81567,5,622,0.0830298908547654,True,False,False
8469963,5,4424.819601,20384.26767,73983.50212,5,466,0.05980819337023296,True,False,False
4372380,5,2514.549741,14169.2705,50267.08601,4,597,0.05002378177441521,True,False,False
4083923,5,2771.45245,14494.81083,46682.2947,3,585,0.05936838511925165,True,False,False
8726267,5,4421.628532,20652.47951,70096.82805,5,585,0.06307886754656084,True,False,False
1813676,4,4664.328952,15093.83018,74753.57733,5,663,0.06239606342060794,True,False,False
7247583,5,7626.716888,33605.91817,108135.013,3,542,0.07052957850016627,True,False,False
8072238,4,4103.906152,13477.69778,60138.23125,6,692,0.06824121805211888,False,True,False
5225928,5,6747.679105,20522.68283,80890.66654,5,630,0.08341727659844797,True,False,False
7000794,5,1747.173886,12457.41429,39522.38939,4,580,0.04420719275748222,True,False,False
8258474,5,4327.131554,28223.46064,82012.12086,4,594,0.052762097951188136,True,False,False
8801442,5,3476.48736,18323.43662,55574.80207,4,607,0.06255510106218899,True,False,False
6596040,5,4504.920306,27586.18532,80506.19743,5,597,0.05595743495296769,True,False,False
2946841,5,4091.602706,15205.20407,56422.87193,3,565,0.07251673950727236,True,False,False
1939722,5,3856.004879,15893.48182,56810.17836,4,473,0.06787524683631357,True,False,False
4076817,3,3861.633284,9563.815184,47884.63833,3,563,0.08064451186594145,True,False,False
4449818,5,3055.471499,17082.42083,65207.42729,3,608,0.04685772198021647,True,False,False
2449444,5,4246.645948,15751.98672,65140.75415,3,591,0.0651918450041463,True,False,False
2393485,5,6625.878299,27800.79954,110918.2858,6,486,0.05973657320080942,False,True,False
5042679,4,6560.957333,23233.35643,103721.6351,5,717,0.06325543679170172,True,False,False
6809367,4,5759.938932,22075.14038,82613.51713,3,648,0.06972150723151278,True,False,False
7838820,5,3424.181288,17958.7509,62475.97969,3,613,0.054807964676832105,True,False,False
6610703,3,4119.426483,14755.40981,64783.35742,4,636,0.06358772757474045,True,False,False
2934675,3,3269.284385,13631.98253,66576.33129,3,590,0.04910580564674428,True,False,False
7901970,5,6350.219165,33119.39403,102269.8474,3,514,0.06209278029097754,True,False,False
1065858,4,5552.339151,18749.47943,75733.99227,1,546,0.07331369949712015,False,False,False
7329781,5,5585.409425,22677.36728,89415.40473,5,643,0.06246585185031349,True,False,False
1159499,4,2933.381046,11922.10749,42860.19024,0,581,0.06844069122358612,False,False,False
4722352,4,4796.82477,16515.99761,78021.89609,5,668,0.061480494712237654,True,False,False
6351145,5,3385.651941,16690.72779,52590.74911,3,695,0.06437732868034442,True,False,False
7402593,5,4951.951681,24539.87704,81178.53836,4,606,0.06100074947198149,True,False,False
3245794,3,5724.471121,15342.70813,80703.19346,3,600,0.07093239902380438,True,False,False
3718577,5,4022.968374,14623.97896,53127.20865,3,604,0.07572331534493296,True,False,False
6883308,5,1663.142168,10635.42804,38021.72133,4,633,0.043741895680239576,True,False,False
1746543,5,4372.7314,19373.8064,66951.81433,3,605,0.06531161916609407,True,False,False
7669838,5,4417.952552,18801.38978,66923.08849,4,580,0.06601537155088343,True,False,False
6135719,4,4009.854911,20500.4286,77893.85171,1,631,0.051478452059717766,False,False,False
2083305,5,5282.677199,32246.04583,111230.0215,4,518,0.04749326780450186,True,False,False
6515933,5,6872.275299,34570.15406,107248.8165,3,514,0.06407786606204648,True,False,False
4649906,5,2758.106666,13210.4596,52803.52175,5,610,0.052233384717374466,True,False,False
8447957,5,2625.417782,12139.7497,42782.70921,2,518,0.06136632837142386,False,False,False
4319411,4,4203.041432,14808.36154,60832.26859,2,705,0.06909230132987221,False,False,False
5475178,5,3978.718132,14444.93534,52661.61602,4,546,0.07555252635029182,True,False,False
6990844,5,3135.006926,17054.77273,59367.84811,5,707,0.05280647734092177,True,False,False
3073528,5,5772.629333,28959.12492,84333.16487,2,483,0.06845028692921151,False,False,False
5849178,5,2308.321045,11727.5166,44533.18205,4,671,0.05183373248307999,True,False,False
1256952,5,3611.732541,22221.27307,71605.85018,4,598,0.05043907071728033,True,False,False
2514479,3,7691.910066,25000.34931,109820.2037,3,654,0.07004093788618607,True,False,False
1657388,5,4447.696698,24687.95971,84766.94545,3,617,0.052469705902325865,True,False,False
3011829,5,5416.379896,16966.96799,64457.96238,4,629,0.08402964809946573,True,False,False
3906561,5,6120.837303,34761.72529,111376.1237,5,616,0.05495645834727502,True,False,False
3989584,5,2807.725778,12167.17042,48109.16047,5,611,0.05836156255004381,True,False,False
7136144,5,2353.687903,11895.465,42515.95611,3,574,0.05536010755374731,True,False,False
4002082,5,5015.523684,23285.77235,81969.37804,3,535,0.06118777284795902,True,False,False
8544794,5,6867.810491,25830.03238,94237.5182,3,706,0.07287766721980588,True,False,False
3621504,3,2835.107877,7716.404618,36923.78928,2,582,0.07678269030030604,False,False,False
5768042,5,5161.165527,20168.01471,73029.07485,2,636,0.07067274969046113,False,False,False
6257016,3,2778.117505,9956.31397,50865.04066,4,488,0.05461742424566068,True,False,False
3088254,5,3857.227759,16270.0729,61828.35392,4,541,0.062386065849187655,True,False,False
2047550,5,4750.532467,19027.23325,68649.92521,3,586,0.06919938299230668,True,False,False
3610547,5,3059.078249,17810.31967,60586.72178,3,567,0.050490902282318534,True,False,False
2651423,4,3772.060509,15867.65075,66793.20094,4,614,0.05647371971869447,True,False,False
8977208,4,4300.956791,15595.16789,65513.85538,3,564,0.06564957543794608,True,False,False
4892989,5,5540.956939,23528.90746,79012.5681,5,646,0.07012753884910114,True,False,False
6040639,5,2893.924999,12910.86685,48562.55684,6,598,0.05959169342204676,False,True,False
3019434,4,2941.607165,17621.73983,83420.53692,6,620,0.035262385901699375,False,True,False
8938093,5,1566.135185,11697.45411,47805.08759,7,590,0.032760847515476754,False,True,False
7304383,5,3099.007102,16913.47635,62258.30821,4,527,0.049776603173136556,True,False,False
6726712,4,4037.841409,17524.48,69352.16232,5,651,0.058222285707096894,True,False,False
2043580,4,4819.694373,17034.31498,80094.28127,5,504,0.06017526216076125,True,False,False
8827624,5,3377.803446,17709.23365,62376.25742,2,594,0.05415206980528073,False,False,False
3357227,5,5060.519731,19332.98036,67919.31128,2,519,0.07450781869883533,False,False,False
2642819,5,4220.278632,24298.11737,73091.82469,3,598,0.05773940724423308,True,False,False
6809367,4,5759.938932,22075.14038,82613.51713,3,648,0.06972150723151278,True,False,False
1120027,5,7298.956482,29383.91236,96370.2014,4,530,0.0757387281126923,True,False,False
7838820,5,3424.181288,17958.7509,62475.97969,3,613,0.054807964676832105,True,False,False
4655536,3,6203.489832,18124.7868,89553.01971,3,606,0.06927169906820332,True,False,False
7329781,5,5585.409425,22677.36728,89415.40473,5,643,0.06246585185031349,True,False,False
5866816,4,6101.814404,18472.06586,84116.51034,5,718,0.07254003262066376,True,False,False
8669957,3,3683.060009,11960.33372,58451.98177,2,711,0.06301001090933585,False,False,False
5123106,4,4197.826085,21487.05556,87887.06095,6,680,0.04776386921606348,False,True,False
1651002,4,5670.036019,18104.63042,87502.52672,5,631,0.06479854047122081,True,False,False
6392390,4,3467.220432,13004.13488,51320.14669,3,519,0.06756061031827888,True,False,False
6646241,5,4588.995443,27871.19934,94149.6484,4,592,0.048741503776024715,True,False,False
1252008,5,5176.915602,22990.26543,82417.59227,2,425,0.06281323512873838,False,False,False
7584220,3,7303.442763,17645.24259,101841.2716,4,501,0.07171397851045686,True,False,False
2559477,4,3906.630457,16227.27569,56732.91535,1,603,0.06886003359599957,False,False,False
1448296,5,6363.151219,21194.95415,79282.81641,3,548,0.08025889476597114,True,False,False
8547642,4,4139.148423,12119.07236,61895.46746,6,558,0.06687320724534358,False,True,False
3305341,5,3622.209461,16975.63408,59034.6574,3,638,0.06135733856227986,True,False,False
2006312,5,6096.936657,19261.99944,79734.98007,3,543,0.07646501763275602,True,False,False
2514479,3,7691.910066,25000.34931,109820.2037,3,654,0.07004093788618607,True,False,False
5302363,5,6709.024905,25794.90681,90494.90196,2,682,0.07413704816173493,False,False,False
7402593,5,4951.951681,24539.87704,81178.53836,4,606,0.06100074947198149,True,False,False
1593263,5,6775.11242,22579.11278,84112.19698,3,526,0.08054851333405275,True,False,False
1703917,3,5519.059176,24669.50608,109726.5743,4,583,0.05029829110412681,True,False,False
8310241,4,2828.626419,12902.92986,50941.42571,1,491,0.05552703677951302,False,False,False
1703917,3,5519.059176,24669.50608,109726.5743,4,583,0.05029829110412681,True,False,False
4371519,3,5375.079778,14617.36212,78565.05729,3,633,0.06841565402491162,True,False,False
8457591,4,6155.068507,22381.78988,89918.94142,1,557,0.06845130080269132,False,False,False
3989584,5,2807.725778,12167.17042,48109.16047,5,611,0.05836156255004381,True,False,False
2113289,5,3564.75614,16131.8156,55575.17929,4,578,0.06414295348285866,True,False,False
1930980,5,4851.063484,24022.9064,88453.08155,2,597,0.05484335196685977,False,False,False
1688610,5,3117.799433,17261.75435,61901.13456,4,563,0.05036740368592042,True,False,False
6990844,5,3135.006926,17054.77273,59367.84811,5,707,0.05280647734092177,True,False,False
3395179,5,4079.979057,17234.66352,52782.61741,3,594,0.07729777826870371,True,False,False
7904284,4,4730.606688,17557.28387,68280.05081,1,570,0.06928241311893071,False,False,False
1052192,4,6144.471936,20930.042,85548.94352,4,658,0.07182405396465848,True,False,False
4129215,3,4264.805627,14519.71866,77053.92249,3,542,0.05534832607066153,True,False,False
2211560,5,5190.695843,31527.18281,95946.53116,6,549,0.054099880217076526,False,True,False
8544794,5,6867.810491,25830.03238,94237.5182,3,706,0.07287766721980588,True,False,False
3696825,4,5908.750193,27660.23928,100731.1048,1,574,0.05865864575526823,False,False,False
2158002,5,3054.226605,21209.32821,70065.98608,4,599,0.043590717491833235,True,False,False
1322943,5,2716.063301,10953.50734,38317.43978,3,605,0.07088321444737193,True,False,False
5136736,5,2510.481566,14042.38812,54161.14419,5,642,0.04635207774032811,True,False,False
5587581,5,5462.749752,26764.32621,89125.57713,3,572,0.06129272794533431,True,False,False
5935610,5,3838.979905,17987.11053,69364.65894,6,523,0.05534489700757693,False,True,False
4658741,5,4441.486094,22838.88517,81900.15244,3,610,0.05423049849942379,True,False,False
6303004,5,5978.270054,27734.45378,87666.52906,4,580,0.06819330157246674,True,False,False
1657469,5,1611.483787,7700.811384,27939.19084,2,547,0.05767825547377234,False,False,False
5280642,5,6504.355868,27598.31509,91166.20653,3,583,0.07134612830314066,True,False,False
1939722,5,3856.004879,15893.48182,56810.17836,4,473,0.06787524683631357,True,False,False
6207716,5,4029.120901,23608.0297,70688.73847,4,596,0.056998059212924584,True,False,False
4885953,5,4644.472768,19609.24346,62578.70296,5,545,0.07421810533479295,True,False,False
8361937,5,2115.190318,10572.26924,31689.21873,6,578,0.06674794781221796,False,True,False
6572463,4,3996.203251,11557.694,56770.9142,6,641,0.07039173681300344,False,True,False
5020799,5,6624.650409,30884.98753,101575.2833,4,626,0.06521911821239292,True,False,False
5206420,4,3059.248038,13000.90382,52623.35317,4,663,0.058134798596301614,True,False,False
1306908,5,4722.716341,20688.09591,82014.08411,5,601,0.05758421120286776,True,False,False
8678499,5,4775.099192,19690.09735,75842.65529,3,608,0.06296060144178003,True,False,False
6616368,5,2107.090963,11575.80811,44493.31568,3,539,0.04735747225840374,True,False,False
7726218,5,6073.905476,28829.21096,100031.5932,6,626,0.060719871409585825,False,True,False
1180505,4,3960.783143,12491.67198,56607.59775,5,678,0.06996910839587783,True,False,False
5990565,5,5377.172319,25028.71433,90243.39901,4,549,0.05958521485215942,True,False,False
6151428,5,4524.787152,21779.36314,81739.09927,4,468,0.05535645966753017,True,False,False
6865674,4,5493.456733,18074.77887,74984.32424,2,593,0.07326140214876463,False,False,False
3996748,4,3912.604863,12718.19941,55012.80494,5,715,0.07112171188630179,True,False,False
1035894,3,5733.204772,23509.03223,103717.7493,2,633,0.055276987889670684,False,False,False
6610306,5,5390.873161,30441.76235,91844.02459,2,584,0.058695959645337234,False,False,False
7234052,5,6081.739491,30779.66221,97838.77326,3,568,0.06216083142046542,True,False,False
6031818,5,3280.272295,18732.54767,67417.22083,3,563,0.04865629663482525,True,False,False
2505345,5,4864.976346,19722.4911,72277.30041,4,550,0.0673098790132303,True,False,False
6031818,5,3280.272295,18732.54767,67417.22083,3,563,0.04865629663482525,True,False,False
4492826,5,6228.753148,28364.21558,86838.90302,1,570,0.0717276811588171,False,False,False
7465776,5,5741.478961,20938.38431,72882.41397,3,527,0.07877728862498048,True,False,False
7967829,5,3542.836359,17859.47422,65895.03891,4,650,0.053764842051900685,True,False,False
3351236,4,3261.200257,12311.82681,47631.83815,3,648,0.06846681513171878,True,False,False
5136736,5,2510.481566,14042.38812,54161.14419,5,642,0.04635207774032811,True,False,False
6901345,3,5281.352243,16411.51801,79905.09892,1,409,0.06609530949066998,False,False,False
1250814,5,3757.544675,19268.73062,67014.47737,5,606,0.056070640590895955,True,False,False
3191077,5,4602.68816,21188.63655,79568.32006,4,613,0.057845737556470406,True,False,False
4096418,5,4354.588613,19350.89309,63421.05751,2,610,0.06866155791100431,False,False,False
6901345,3,5281.352243,16411.51801,79905.09892,1,409,0.06609530949066998,False,False,False
8457591,4,6155.068507,22381.78988,89918.94142,1,557,0.06845130080269132,False,False,False
2036810,5,3389.461558,17235.51007,54989.22567,4,612,0.061638648602559964,True,False,False
1553602,5,5899.257667,21851.7523,77147.37475,4,533,0.07646738059612326,True,False,False
1467134,4,2608.798997,11177.43742,39682.19883,1,480,0.06574229941682896,False,False,False
3597549,4,3743.193167,19444.13833,87943.17233,6,667,0.042563772352377224,False,True,False
8104269,5,3944.134878,24299.45317,77410.90442,4,586,0.050950636832773996,True,False,False
3906561,5,6120.837303,34761.72529,111376.1237,5,616,0.05495645834727502,True,False,False
5398620,5,5996.23046,26656.55602,99443.63784,4,572,0.06029777862358218,True,False,False
6678555,4,3130.987411,10439.08504,44104.95803,3,522,0.0709894658299032,True,False,False
8333955,3,6011.557148,14398.70471,72540.30536,3,568,0.08287195812267532,True,False,False
5154151,4,3366.33052,11027.84762,43756.00179,0,645,0.07693414348404523,False,False,False
6615691,5,4031.462782,22986.02165,76205.73572,4,620,0.05290235366026331,True,False,False
1606543,5,2639.840167,16452.29304,51360.41005,5,550,0.05139834678948401,True,False,False
3063966,4,4881.630077,19837.04438,82526.13401,5,652,0.05915253556417019,True,False,False
5775632,3,5169.32515,14788.22026,77641.89559,3,556,0.06657906933773769,True,False,False
1303053,5,5085.195598,24788.71234,80638.77036,2,610,0.06306142287757971,False,False,False
8300060,5,5673.6615,26857.78467,96534.11663,4,480,0.05877364084395413,True,False,False
2381865,5,2372.160278,10064.94338,34056.5216,5,647,0.06965362775040419,True,False,False
5890405,5,4981.683281,21408.62267,68945.14754,4,618,0.0722557490809599,True,False,False
2043580,4,4819.694373,17034.31498,80094.28127,5,504,0.06017526216076125,True,False,False
5984706,4,3182.230359,10533.4897,40152.78242,2,483,0.07925304716653805,False,False,False
4641506,5,6209.73798,25605.60494,93308.85519,4,616,0.06655036081361658,True,False,False
6809367,4,5759.938932,22075.14038,82613.51713,3,648,0.06972150723151278,True,False,False
1117952,5,4582.245977,14674.60847,52214.19696,3,681,0.08775862205657102,True,False,False
7265245,5,4084.822615,21492.1114,68657.0797,4,636,0.05949601458216406,True,False,False
1711986,3,2866.405466,10761.13634,57488.65288,4,512,0.049860369349465264,True,False,False
4992785,5,3086.186142,17855.07188,54137.02325,5,654,0.057006941954459975,True,False,False
7074350,5,5894.987356,21383.10706,77903.17818,4,554,0.0756706914110651,True,False,False
3908860,4,5712.890598,20247.17526,77563.26048,3,605,0.07365459577957134,True,False,False
4750132,5,4949.051775,21072.23408,75100.47817,3,584,0.06589907142531314,True,False,False
6296709,5,4097.325584,22850.79132,73654.83163,4,613,0.055628741432505534,True,False,False
6951272,4,4650.045419,17065.18306,79427.61166,5,679,0.058544444706522356,True,False,False
4497737,5,5565.58075,33718.13261,115684.9119,4,597,0.04810982399166265,True,False,False
2713519,5,4500.868086,15307.44219,57171.99962,4,560,0.07872504225697048,True,False,False
7702194,5,3372.470579,11949.83123,44822.34311,2,516,0.07524083626604498,False,False,False
6040639,5,2893.924999,12910.86685,48562.55684,6,598,0.05959169342204676,False,True,False
2351966,5,6239.926645,28163.31061,91406.64924,3,661,0.06826556598323896,True,False,False
7402593,5,4951.951681,24539.87704,81178.53836,4,606,0.06100074947198149,True,False,False
4585484,4,5108.404937,17284.78961,70545.99578,2,563,0.07241240102316691,False,False,False
1250814,5,3757.544675,19268.73062,67014.47737,5,606,0.056070640590895955,True,False,False
2174944,4,4702.508883,20968.52533,87256.06841,6,684,0.05389320156970387,False,True,False
7819041,5,3485.411903,15593.45358,43489.05051,3,603,0.08014458495014865,True,False,False
7173017,5,6277.60766,29268.30503,96766.69729,4,502,0.0648736376853562,True,False,False
7838820,5,3424.181288,17958.7509,62475.97969,3,613,0.054807964676832105,True,False,False
1180505,4,3960.783143,12491.67198,56607.59775,5,678,0.06996910839587783,True,False,False
6512176,5,6317.757213,22064.93122,84029.11042,3,550,0.07518533971646442,True,False,False
1889339,4,4488.273652,17904.25119,67633.18288,2,492,0.06636200546650955,False,False,False
7584220,3,7303.442763,17645.24259,101841.2716,4,501,0.07171397851045686,True,False,False
6964535,4,3393.48251,12532.10918,55494.5622,5,650,0.06114982036924691,True,False,False
6872087,5,4081.106202,18039.93783,63401.39518,3,635,0.06436934377253872,True,False,False
2174944,4,4702.508883,20968.52533,87256.06841,6,684,0.05389320156970387,False,True,False
1845246,5,3522.888951,14442.74236,56604.01417,3,538,0.06223744027092557,True,False,False
7538875,5,4005.213515,20636.70576,73788.2388,4,658,0.05427983619253966,True,False,False
8580775,5,5195.092409,21343.11585,76208.43925,5,511,0.06816951587156406,True,False,False
8033049,5,3668.82614,20264.17601,75087.47745,4,694,0.04886069241629584,True,False,False
5802906,5,7600.863137,27092.91555,95113.3953,3,675,0.0799136978868843,True,False,False
3135480,5,3652.237653,18495.57882,67423.43461,4,567,0.054168668121488926,True,False,False
2917216,5,5664.170991,25751.77904,90116.92332,5,659,0.06285357713430645,True,False,False
2659773,5,3752.958443,15858.8301,55150.15596,2,534,0.06804982465909966,False,False,False
2061755,5,3313.054879,21685.07945,61703.45142,4,580,0.05369318575793859,True,False,False
3660028,5,4965.810848,30024.22504,85167.37624,5,659,0.05830649090335297,True,False,False
1292861,5,4053.455001,19315.7395,71878.95566,4,696,0.056392792073573644,True,False,False
5225928,5,6747.679105,20522.68283,80890.66654,5,630,0.08341727659844797,True,False,False
7341788,4,5303.260305,21362.82638,79385.79165,1,593,0.06680364577557249,False,False,False
4783169,5,5672.308503,22013.38589,85434.56731,5,630,0.0663936001737796,True,False,False
2420321,5,1768.1779,11965.93254,38966.86018,4,600,0.0453764530124377,True,False,False
8674531,5,6067.671938,23820.46338,85105.42619,3,672,0.07129594679960559,True,False,False
3610547,5,3059.078249,17810.31967,60586.72178,3,567,0.050490902282318534,True,False,False
5913790,4,4759.125449,21890.95882,82684.15468,5,591,0.057557889627323694,True,False,False
5201753,3,4330.963307,14666.73775,64117.21787,3,697,0.06754758629392164,True,False,False
5718326,5,3372.480806,13971.51679,47275.46759,3,672,0.07133680485718491,True,False,False
4122871,5,2790.043417,12434.67871,48544.95571,3,541,0.05747339504576509,True,False,False
7178471,3,4791.233791,13904.60304,72295.83389,3,532,0.06627261258636269,True,False,False
4887815,5,5357.096944,21218.0669,74495.72041,4,546,0.07191147242440635,True,False,False
4591916,5,3699.071466,20346.5005,69374.45433,6,581,0.053320368451538064,False,True,False
3291461,4,5453.353365,22129.53256,89062.37285,5,607,0.061230721689670316,True,False,False
6947453,4,2598.568658,18008.65727,69186.39944,5,634,0.03755895203440291,True,False,False
5650696,3,4899.443593,17795.9173,81136.36579,2,554,0.06038529758260202,False,False,False
3073528,5,5772.629333,28959.12492,84333.16487,2,483,0.06845028692921151,False,False,False
2566409,4,4126.564756,21891.28845,80933.65665,1,512,0.05098700499651772,False,False,False
1989127,5,5997.051527,25367.8383,94134.72647,3,567,0.0637071116248605,True,False,False
